year,month,carrier,carrier_name,airport,arr_flights,arr_del15,carrier_ct,weather_ct,nas_ct,security_ct,late_aircraft_ct,arr_cancelled,arr_diverted,arr_delay,carrier_delay,weather_delay,nas_delay,security_delay,late_aircraft_delay
2020,12,9E,Endeavor Air Inc.,ABE,44.0,3.0,1.63,0.0,0.12,0.0,1.25,0.0,1.0,89.0,56.0,0.0,3.0,0.0,30.0
2020,12,9E,Endeavor Air Inc.,ABY,90.0,1.0,0.96,0.0,0.04,0.0,0.0,0.0,0.0,23.0,22.0,0.0,1.0,0.0,0.0
2020,12,9E,Endeavor Air Inc.,AEX,88.0,8.0,5.75,0.0,1.6,0.0,0.65,0.0,1.0,338.0,265.0,0.0,45.0,0.0,28.0
2020,12,9E,Endeavor Air Inc.,AGS,184.0,9.0,4.17,0.0,1.83,0.0,3.0,0.0,0.0,508.0,192.0,0.0,92.0,0.0,224.0
2020,12,9E,Endeavor Air Inc.,ALB,76.0,11.0,4.78,0.0,5.22,0.0,1.0,1.0,0.0,692.0,398.0,0.0,178.0,0.0,116.0
2020,12,9E,Endeavor Air Inc.,ATL,5985.0,5.0,142.89,11.96,161.37,1.0,127.79,5.0,0.0,30756.0,16390.0,1509.0,5060.0,16.0,7781.0
2020,12,9E,Endeavor Air Inc.,ATW,142.0,14.0,5.36,0.0,7.7,0.0,0.94,1.0,0.0,436.0,162.0,0.0,182.0,0.0,92.0
2020,12,9E,Endeavor Air Inc.,AVL,147.0,10.0,6.04,1.0,1.0,0.0,1.96,0.0,1.0,1070.0,838.0,141.0,24.0,0.0,67.0
2020,12,9E,Endeavor Air Inc.,AZO,84.0,4.0,6.24,0.96,6.8,0.0,0.0,1.0,1.0,2006.0,1164.0,619.0,223.0,0.0,0.0
2020,12,9E,Endeavor Air Inc.,BDL,150.0,19.0,5.7,0.0,12.07,0.0,1.23,3.0,0.0,846.0,423.0,0.0,389.0,0.0,34.0
2020,12,9E,Endeavor Air Inc.,BHM,123.0,9.0,6.82,0.0,1.18,0.0,1.0,0.0,0.0,572.0,527.0,0.0,26.0,0.0,19.0
2020,12,9E,Endeavor Air Inc.,BIS,25.0,7.0,0.34,0.0,3.54,0.0,3.11,2.0,0.0,278.0,13.0,0.0,93.0,0.0,172.0
2020,12,9E,Endeavor Air Inc.,BMI,59.0,5.0,15.0,0.0,1.48,0.0,0.37,0.0,0.0,218.0,155.0,0.0,47.0,0.0,16.0
2020,12,9E,Endeavor Air Inc.,BNA,2.0,1.0,0.0,0.0,1.0,0.0,0.0,0.0,0.0,20.0,0.0,0.0,20.0,0.0,0.0
2020,12,9E,Endeavor Air Inc.,BOS,21.0,3.0,1.0,0.71,1.29,0.0,0.0,0.0,0.0,158.0,17.0,81.0,60.0,0.0,0.0
2020,12,9E,Endeavor Air Inc.,BQK,90.0,6.0,3.8,0.0,1.63,0.0,0.57,0.0,0.0,374.0,249.0,0.0,88.0,0.0,37.0
2020,12,9E,Endeavor Air Inc.,BTR,115.0,5.0,4.82,0.0,0.18,0.0,0.0,0.0,1.0,244.0,236.0,0.0,8.0,0.0,0.0
2020,12,9E,Endeavor Air Inc.,BTV,90.0,10.0,3.06,0.85,5.4,0.0,0.68,0.0,0.0,759.0,220.0,258.0,211.0,0.0,70.0
2020,12,9E,Endeavor Air Inc.,BUF,14.0,1.0,1.0,0.0,0.0,0.0,0.0,1.0,0.0,18.0,18.0,0.0,0.0,0.0,0.0
2020,12,9E,Endeavor Air Inc.,BWI,96.0,7.0,5.0,,5.11,0.0,3.4,1.0,0.0,1064.0,558.0,0.0,200.0,0.0,306.0
2020,12,9E,Endeavor Air Inc.,CAE,106.0,5.0,3.7,0.0,1.3,0.0,0.0,0.0,0.0,230.0,205.0,0.0,25.0,0.0,0.0
2020,12,9E,Endeavor Air Inc.,CHA,213.0,12.0,6.42,2.96,0.92,0.0,1.71,0.0,0.0,542.0,279.0,202.0,25.0,0.0,36.0
2020,12,9E,Endeavor Air Inc.,CHO,86.0,1.0,0.59,0.0,0.0,0.0,0.41,1.0,1.0,17.0,10.0,0.0,0.0,0.0,7.0
2020,12,9E,Endeavor Air Inc.,CHS,61.0,6.0,3.03,0.0,2.65,0.0,0.32,1.0,0.0,209.0,121.0,0.0,67.0,0.0,21.0
2020,12,9E,Endeavor Air Inc.,CID,11.0,0.0,0.0,0.0,0.0,0.0,0.0,0.0,0.0,0.0,0.0,0.0,0.0,0.0,0.0
2020,12,9E,Endeavor Air Inc.,CLE,74.0,12.0,2.57,0.96,7.47,0.0,1.0,0.0,0.0,677.0,118.0,121.0,398.0,0.0,40.0
2020,12,9E,Endeavor Air Inc.,CLT,42.0,1.0,1.0,0.0,0.0,0.0,0.0,0.0,0.0,64.0,64.0,0.0,0.0,0.0,0.0
2020,12,9E,Endeavor Air Inc.,CMH,84.0,8.0,2.44,0.0,4.3,0.0,1.26,2.0,0.0,446.0,127.0,0.0,190.0,0.0,129.0
2020,12,9E,Endeavor Air Inc.,CRW,113.0,8.0,6.0,1.0,0.16,0.0,0.84,0.0,0.0,376.0,305.0,22.0,8.0,0.0,41.0
2020,12,9E,Endeavor Air Inc.,CSG,99.0,6.0,2.45,0.97,2.58,0.0,0.0,0.0,0.0,162.0,74.0,33.0,55.0,0.0,0.0
2020,12,9E,Endeavor Air Inc.,CVG,381.0,3.0,6.09,1.33,23.77,0.0,11.82,4.0,0.0,1689.0,216.0,100.0,685.0,0.0,688.0
2020,12,9E,Endeavor Air Inc.,CWA,88.0,14.0,6.16,0.0,5.82,0.0,2.02,2.0,0.0,765.0,291.0,0.0,245.0,0.0,229.0
2020,12,9E,Endeavor Air Inc.,DAL,39.0,6.0,0.09,0.0,3.76,0.0,2.15,0.0,0.0,420.0,5.0,0.0,296.0,0.0,119.0
2020,12,9E,Endeavor Air Inc.,DAY,176.0,17.0,4.89,0.0,7.54,0.0,4.57,0.0,0.0,850.0,257.0,0.0,232.0,0.0,361.0
2020,12,9E,Endeavor Air Inc.,DCA,37.0,1.0,0.0,0.0,0.13,0.0,0.87,1.0,0.0,15.0,0.0,0.0,2.0,0.0,13.0
2020,12,9E,Endeavor Air Inc.,DFW,83.0,8.0,1.5,0.0,5.4,0.0,1.1,0.0,0.0,454.0,134.0,0.0,260.0,0.0,60.0
2020,12,9E,Endeavor Air Inc.,DHN,101.0,10.0,4.79,0.0,0.63,0.0,4.58,0.0,0.0,464.0,244.0,0.0,17.0,0.0,203.0
2020,12,9E,Endeavor Air Inc.,DLH,122.0,11.0,5.94,0.0,4.02,0.0,1.04,3.0,0.0,670.0,398.0,0.0,208.0,0.0,64.0
2020,12,9E,Endeavor Air Inc.,DSM,232.0,28.0,8.05,3.63,10.58,0.0,5.74,7.0,0.0,3960.0,565.0,2631.0,408.0,0.0,356.0
2020,12,9E,Endeavor Air Inc.,DTW,2312.0,197.0,53.67,1.92,60.81,0.0,80.6,13.0,4.0,16873.0,8216.0,196.0,1879.0,0.0,6582.0
2020,12,9E,Endeavor Air Inc.,ECP,39.0,5.0,1.96,0.0,1.5,0.0,1.54,0.0,0.0,175.0,82.0,0.0,28.0,0.0,65.0
2020,12,9E,Endeavor Air Inc.,ELM,52.0,5.0,2.55,0.0,2.45,0.0,0.0,1.0,0.0,160.0,62.0,0.0,98.0,0.0,0.0
2020,12,9E,Endeavor Air Inc.,EVV,143.0,6.0,2.92,0.0,2.64,0.0,0.44,0.0,0.0,218.0,137.0,0.0,62.0,0.0,19.0
2020,12,9E,Endeavor Air Inc.,EWR,175.0,23.0,12.71,1.9,8.15,0.0,0.23,5.0,0.0,1684.0,1216.0,131.0,313.0,0.0,24.0
2020,12,9E,Endeavor Air Inc.,FAR,91.0,8.0,4.0,0.0,4.0,0.0,0.0,3.0,1.0,266.0,137.0,0.0,129.0,0.0,0.0
2020,12,9E,Endeavor Air Inc.,FAY,112.0,5.0,3.05,0.0,0.0,1.0,0.95,0.0,0.0,151.0,88.0,0.0,0.0,22.0,41.0
2020,12,9E,Endeavor Air Inc.,FLL,53.0,5.0,1.96,0.0,3.0,0.0,0.04,0.0,0.0,641.0,417.0,0.0,211.0,0.0,13.0
2020,12,9E,Endeavor Air Inc.,FSD,123.0,15.0,3.69,0.0,7.53,0.0,3.77,3.0,0.0,454.0,89.0,0.0,208.0,0.0,157.0
2020,12,9E,Endeavor Air Inc.,FWA,83.0,7.0,3.64,0.0,1.4,0.0,1.96,0.0,0.0,227.0,151.0,0.0,40.0,0.0,36.0
2020,12,9E,Endeavor Air Inc.,GFK,14.0,3.0,1.85,0.0,0.0,0.0,1.15,1.0,0.0,308.0,174.0,0.0,0.0,0.0,134.0
2020,12,9E,Endeavor Air Inc.,GNV,115.0,8.0,4.19,0.0,2.0,0.0,1.81,0.0,0.0,401.0,255.0,0.0,42.0,0.0,104.0
2020,12,9E,Endeavor Air Inc.,GPT,142.0,8.0,3.51,0.0,1.67,0.47,2.35,0.0,1.0,321.0,152.0,0.0,33.0,8.0,128.0
2020,12,9E,Endeavor Air Inc.,GRB,218.0,0.0,9.62,0.0,6.78,0.0,3.61,2.0,0.0,1066.0,557.0,0.0,234.0,0.0,275.0
2020,12,9E,Endeavor Air Inc.,GRR,203.0,23.0,7.05,1.0,11.98,0.0,2.97,1.0,0.0,934.0,358.0,29.0,410.0,0.0,137.0
2020,12,9E,Endeavor Air Inc.,GSO,184.0,8.0,4.4,0.0,1.48,0.0,2.12,0.0,0.0,250.0,133.0,0.0,34.0,0.0,83.0
2020,12,9E,Endeavor Air Inc.,GSP,54.0,10.0,8.12,0.0,1.13,0.0,0.74,0.0,0.0,1079.0,985.0,0.0,61.0,0.0,33.0
2020,12,9E,Endeavor Air Inc.,GTR,86.0,7.0,6.99,0.0,0.01,0.0,0.0,0.0,0.0,368.0,367.0,0.0,1.0,0.0,0.0
2020,12,9E,Endeavor Air Inc.,HOU,148.0,21.0,6.2,0.0,13.98,0.0,0.81,0.0,0.0,617.0,210.0,0.0,394.0,0.0,13.0
2020,12,9E,Endeavor Air Inc.,HSV,174.0,4.0,2.88,0.19,0.13,0.0,0.81,0.0,0.0,94.0,70.0,4.0,3.0,0.0,17.0
2020,12,9E,Endeavor Air Inc.,IAD,12.0,1.0,1.0,0.0,0.0,0.0,0.0,0.0,0.0,44.0,44.0,0.0,0.0,0.0,0.0
2020,12,9E,Endeavor Air Inc.,ICT,120.0,9.0,2.68,0.0,5.32,0.0,1.0,1.0,0.0,290.0,87.0,0.0,143.0,0.0,60.0
2020,12,9E,Endeavor Air Inc.,ILM,116.0,4.0,2.21,0.0,0.68,0.0,1.11,0.0,0.0,89.0,55.0,0.0,13.0,0.0,21.0
2020,12,9E,Endeavor Air Inc.,IND,110.0,6.0,0.25,0.0,4.54,0.0,1.21,3.0,0.0,182.0,6.0,0.0,115.0,0.0,61.0
2020,12,9E,Endeavor Air Inc.,JAN,144.0,5.0,63.0,0.0,0.0,0.0,0.37,0.0,0.0,222.0,192.0,0.0,0.0,0.0,30.0
2020,12,9E,Endeavor Air Inc.,JAX,29.0,3.0,1.68,0.0,1.25,0.0,0.07,1.0,0.0,301.0,250.0,0.0,33.0,0.0,18.0
2020,12,9E,Endeavor Air Inc.,JFK,269.0,31.0,9.92,1.27,12.77,0.0,7.04,10.0,0.0,1759.0,715.0,64.0,439.0,0.0,541.0
2020,12,9E,Endeavor Air Inc.,LAN,51.0,9.0,1.77,0.0,5.85,0.0,1.39,0.0,0.0,353.0,94.0,0.0,184.0,0.0,75.0
2020,12,9E,Endeavor Air Inc.,LEX,179.0,14.0,6.36,0.0,4.3,0.0,3.33,0.0,0.0,831.0,417.0,0.0,154.0,0.0,260.0
2020,12,9E,Endeavor Air Inc.,LFT,130.0,3.0,1.69,0.0,1.11,0.0,0.19,0.0,2.0,75.0,45.0,0.0,23.0,0.0,7.0
2020,12,9E,Endeavor Air Inc.,LGA,55.0,5.0,1.0,0.68,3.08,0.0,0.24,1.0,0.0,314.0,32.0,61.0,185.0,0.0,36.0
2020,12,9E,Endeavor Air Inc.,LIT,114.0,0.0,7.54,0.43,1.03,0.0,1.0,0.0,0.0,335.0,269.0,23.0,27.0,0.0,16.0
2020,12,9E,Endeavor Air Inc.,MBS,90.0,15.0,4.59,0.0,9.03,0.0,1.38,0.0,0.0,1281.0,841.0,0.0,305.0,0.0,135.0
2020,12,9E,Endeavor Air Inc.,MCI,16.0,0.0,0.0,0.0,0.0,0.0,0.0,0.0,0.0,0.0,0.0,0.0,0.0,0.0,0.0
2020,12,9E,Endeavor Air Inc.,MCO,62.0,7.0,4.77,0.0,0.86,0.0,1.37,0.0,0.0,757.0,588.0,0.0,40.0,0.0,129.0
2020,12,9E,Endeavor Air Inc.,MDT,149.0,10.0,0.93,0.0,4.99,0.0,4.09,2.0,0.0,496.0,34.0,0.0,143.0,0.0,319.0
2020,12,9E,Endeavor Air Inc.,MEM,118.0,17.0,9.7,0.0,7.02,0.0,0.29,1.0,0.0,786.0,554.0,0.0,224.0,0.0,8.0
2020,12,9E,Endeavor Air Inc.,MGM,122.0,14.0,10.75,0.0,2.25,1.0,0.0,0.0,1.0,2066.0,1962.0,0.0,52.0,52.0,0.0
2020,12,9E,Endeavor Air Inc.,MIA,4.0,0.0,0.0,0.0,0.0,0.0,0.0,0.0,0.0,0.0,0.0,0.0,0.0,0.0,0.0
2020,12,9E,Endeavor Air Inc.,MKE,16.0,3.0,1.0,0.0,2.0,0.0,0.0,0.0,0.0,78.0,16.0,0.0,62.0,0.0,0.0
2020,12,9E,Endeavor Air Inc.,MLI,60.0,4.0,1.37,0.0,2.0,0.0,0.63,0.0,1.0,234.0,104.0,0.0,35.0,0.0,95.0
2020,12,9E,Endeavor Air Inc.,MLU,87.0,6.0,5.56,0.0,0.4,0.0,0.04,0.0,0.0,276.0,244.0,0.0,29.0,0.0,3.0
2020,12,9E,Endeavor Air Inc.,MOB,119.0,8.0,7.07,0.0,0.32,0.0,0.61,0.0,1.0,281.0,234.0,0.0,11.0,0.0,36.0
2020,12,9E,Endeavor Air Inc.,MOT,145.0,23.0,9.33,0.0,10.23,0.0,3.44,3.0,0.0,1287.0,736.0,0.0,362.0,0.0,189.0
2020,12,9E,Endeavor Air Inc.,MSN,180.0,13.0,3.0,0.0,5.15,0.0,4.85,1.0,1.0,563.0,180.0,0.0,148.0,0.0,235.0
2020,12,9E,Endeavor Air Inc.,MSP,2244.0,7.0,52.01,13.97,78.34,0.0,72.68,59.0,1.0,19895.0,8074.0,2922.0,4085.0,0.0,4814.0
2020,12,9E,Endeavor Air Inc.,MSY,1.0,0.0,0.0,0.0,0.0,0.0,0.0,0.0,0.0,0.0,0.0,0.0,0.0,0.0,0.0
2020,12,9E,Endeavor Air Inc.,MYR,119.0,6.0,3.0,0.0,3.0,0.0,0.0,0.0,0.0,412.0,335.0,0.0,77.0,0.0,0.0
2020,12,9E,Endeavor Air Inc.,OAJ,113.0,5.0,1.75,0.97,0.4,0.0,1.88,0.0,1.0,692.0,52.0,562.0,8.0,0.0,70.0
2020,12,9E,Endeavor Air Inc.,OKC,99.0,10.0,5.81,0.0,3.06,0.0,1.13,0.0,0.0,575.0,403.0,0.0,135.0,0.0,37.0
2020,12,9E,Endeavor Air Inc.,OMA,135.0,18.0,5.21,0.0,9.88,0.0,2.9,0.0,1.0,664.0,327.0,0.0,226.0,0.0,111.0
2020,12,9E,Endeavor Air Inc.,ORD,72.0,4.0,0.0,0.0,4.0,0.0,0.0,1.0,0.0,98.0,0.0,0.0,98.0,0.0,0.0
2020,12,9E,Endeavor Air Inc.,ORF,90.0,13.0,5.23,0.0,6.81,0.0,0.96,0.0,0.0,677.0,310.0,0.0,228.0,0.0,139.0
2020,12,9E,Endeavor Air Inc.,PHL,158.0,19.0,4.63,0.01,10.44,0.0,3.93,2.0,1.0,1274.0,405.0,1.0,483.0,0.0,385.0
2020,12,9E,Endeavor Air Inc.,PIT,11.0,3.0,1.0,0.0,0.03,0.0,1.97,0.0,0.0,364.0,46.0,0.0,5.0,0.0,313.0
2020,12,9E,Endeavor Air Inc.,RAP,12.0,2.0,0.0,0.0,1.47,0.0,0.53,1.0,0.0,31.0,0.0,0.0,23.0,0.0,8.0
2020,12,9E,Endeavor Air Inc.,RDU,315.0,2.0,15.78,0.0,15.59,0.0,10.62,5.0,0.0,3182.0,1359.0,0.0,503.0,0.0,1320.0
2020,12,9E,Endeavor Air Inc.,RIC,16.0,1.0,0.88,0.0,0.12,0.0,0.0,0.0,0.0,50.0,44.0,0.0,6.0,0.0,0.0
2020,12,9E,Endeavor Air Inc.,ROA,83.0,4.0,3.0,1.0,0.0,0.0,0.0,0.0,0.0,207.0,71.0,136.0,0.0,0.0,0.0
2020,12,9E,Endeavor Air Inc.,ROC,121.0,18.0,4.61,1.22,9.52,0.0,2.65,1.0,0.0,733.0,193.0,140.0,293.0,0.0,107.0
2020,12,9E,Endeavor Air Inc.,RST,118.0,14.0,5.18,0.0,6.96,0.0,1.86,3.0,0.0,1455.0,895.0,0.0,299.0,0.0,261.0
2020,12,9E,Endeavor Air Inc.,RSW,3.0,3.0,0.0,0.52,1.48,0.0,1.0,0.0,0.0,203.0,0.0,62.0,111.0,0.0,30.0
2020,12,9E,Endeavor Air Inc.,SAV,89.0,1.0,2.71,0.28,5.24,0.0,2.77,0.0,0.0,372.0,115.0,22.0,137.0,0.0,98.0
2020,12,9E,Endeavor Air Inc.,SBN,84.0,3.0,1.69,0.0,1.0,0.0,0.31,0.0,0.0,101.0,63.0,0.0,23.0,0.0,15.0
2020,12,9E,Endeavor Air Inc.,SDF,31.0,3.0,0.9,0.0,2.1,0.0,0.0,1.0,0.0,149.0,60.0,0.0,89.0,0.0,0.0
2020,12,9E,Endeavor Air Inc.,SGF,91.0,3.0,0.0,0.0,2.21,0.0,0.79,0.0,0.0,59.0,0.0,0.0,44.0,0.0,15.0
2020,12,9E,Endeavor Air Inc.,SHV,114.0,7.0,3.05,0.0,2.3,0.0,1.64,0.0,1.0,158.0,64.0,0.0,43.0,0.0,51.0
2020,12,9E,Endeavor Air Inc.,SRQ,14.0,2.0,0.0,0.0,2.0,0.0,0.0,0.0,0.0,89.0,0.0,0.0,89.0,0.0,0.0
2020,12,9E,Endeavor Air Inc.,STL,124.0,18.0,1.76,0.0,13.72,0.0,2.52,2.0,0.0,541.0,85.0,0.0,305.0,0.0,151.0
2020,12,9E,Endeavor Air Inc.,SYR,114.0,12.0,4.13,0.12,6.87,0.0,0.88,2.0,0.0,619.0,334.0,5.0,243.0,0.0,37.0
2020,12,9E,Endeavor Air Inc.,TLH,61.0,1.0,0.78,0.0,0.22,0.0,0.0,0.0,0.0,23.0,18.0,0.0,5.0,0.0,0.0
2020,12,9E,Endeavor Air Inc.,TPA,28.0,4.0,1.56,0.0,1.54,0.0,0.9,0.0,0.0,304.0,75.0,0.0,78.0,0.0,151.0
2020,12,9E,Endeavor Air Inc.,TRI,123.0,9.0,5.04,1.0,0.32,0.0,2.64,0.0,2.0,483.0,299.0,51.0,21.0,0.0,112.0
2020,12,9E,Endeavor Air Inc.,TUL,87.0,5.0,1.88,0.0,2.2,0.0,0.92,0.0,0.0,218.0,86.0,0.0,96.0,0.0,36.0
2020,12,9E,Endeavor Air Inc.,TYS,265.0,21.0,11.76,1.21,5.21,0.0,2.81,0.0,1.0,856.0,474.0,88.0,150.0,0.0,144.0
2020,12,9E,Endeavor Air Inc.,VLD,91.0,6.0,1.81,0.0,2.96,0.0,1.23,0.0,0.0,125.0,33.0,0.0,57.0,0.0,35.0
2020,12,9E,Endeavor Air Inc.,VPS,82.0,4.0,2.67,0.0,0.33,0.0,1.0,0.0,0.0,174.0,130.0,0.0,13.0,0.0,31.0
2020,12,9E,Endeavor Air Inc.,XNA,111.0,4.0,1.79,1.0,1.0,0.0,0.21,1.0,0.0,154.0,84.0,42.0,17.0,0.0,11.0
2020,12,AA,American Airlines,AInBcQ.,31.0,6.0,3.06,0.0,1.35,0.0,1.59,0.0,0.0,160.0,88.0,0.0,36.0,0.0,36.0
2020,12,AA,American Airlines,AInTcL.,373.0,5.0,21.15,0.0,8.1,1.0,4.75,2.0,0.0,2168.0,1404.0,0.0,462.0,51.0,251.0
2020,12,AA,American Airlines,AInUcS.,380.0,48.0,18.17,0.4,21.56,0.0,7.87,1.0,1.0,1881.0,675.0,10.0,755.0,0.0,441.0
2020,12,AA,American Airlines,BInDcL.,100.0,10.0,3.15,0.0,4.9,0.0,1.95,3.0,1.0,354.0,106.0,0.0,130.0,0.0,118.0
2020,12,AA,American Airlines,BInNcA.,319.0,31.0,15.35,0.27,12.76,0.0,2.62,3.0,1.0,2019.0,963.0,13.0,812.0,0.0,231.0
2020,12,AA,American Airlines,BInOcI.,50.0,10.0,3.89,0.0,3.12,0.0,2.98,0.0,0.0,693.0,238.0,0.0,121.0,0.0,334.0
2020,12,AA,American Airlines,BInOcS.,711.0,72.0,27.9,8.74,26.48,0.0,8.88,14.0,1.0,7217.0,1079.0,3241.0,2268.0,0.0,629.0
2020,12,AA,American Airlines,BInUcF.,2.0,0.0,0.0,0.0,0.0,0.0,0.0,0.0,0.0,0.0,0.0,0.0,0.0,0.0,0.0
2020,12,AA,American Airlines,BInUcR.,29.0,6.0,3.46,0.0,1.09,0.0,1.44,0.0,0.0,332.0,87.0,0.0,51.0,0.0,194.0
2020,12,AA,American Airlines,BInWc.I,240.0,8.0,6.0,,10.08,0.0,5.17,1.0,1.0,1884.0,1220.0,0.0,339.0,0.0,325.0
2020,12,AA,American Airlines,BInZcN.,51.0,4.0,5.07,0.0,6.52,0.0,2.41,0.0,0.0,506.0,114.0,0.0,173.0,0.0,219.0
2020,12,AA,American Airlines,CInHcS.,73.0,14.0,5.42,0.0,3.37,0.0,5.21,0.0,0.0,923.0,411.0,0.0,144.0,0.0,368.0
2020,12,AA,American Airlines,CInLcE.,130.0,29.0,12.45,0.0,11.56,1.0,3.99,0.0,1.0,1275.0,578.0,0.0,426.0,72.0,199.0
2020,12,AA,American Airlines,CInLcT.,5008.0,388.0,151.42,9.87,146.03,1.59,79.08,19.0,1.0,30305.0,13168.0,3377.0,4672.0,42.0,9046.0
2020,12,AA,American Airlines,CInMcH.,132.0,1.0,8.35,0.76,7.16,0.0,4.73,1.0,0.0,1191.0,393.0,16.0,214.0,0.0,568.0
2020,12,AA,American Airlines,CInOcS.,85.0,22.0,10.72,0.0,6.55,0.0,4.73,0.0,0.0,1457.0,1002.0,0.0,263.0,0.0,192.0
2020,12,AA,American Airlines,CInVcG.,39.0,3.0,2.0,0.0,0.07,0.0,0.93,0.0,0.0,262.0,195.0,0.0,5.0,0.0,62.0
2020,12,AA,American Airlines,DInCcA.,788.0,4.0,23.92,1.39,16.93,0.0,11.76,4.0,0.0,2442.0,1106.0,110.0,537.0,0.0,689.0
2020,12,AA,American Airlines,DInEcN.,588.0,82.0,36.97,1.41,32.87,0.0,10.75,2.0,0.0,3691.0,1698.0,89.0,1237.0,0.0,667.0
2020,12,AA,American Airlines,DInFcW.,7959.0,8.0,279.77,29.74,626.41,2.95,239.13,53.0,31.0,79138.0,28264.0,4729.0,24532.0,141.0,21472.0
2020,12,AA,American Airlines,DInTcW.,146.0,23.0,9.07,0.53,7.27,0.0,6.14,1.0,0.0,1164.0,482.0,10.0,312.0,0.0,360.0
2020,12,AA,American Airlines,EInGcE.,109.0,26.0,3.66,0.35,16.5,0.0,5.48,2.0,4.0,3297.0,138.0,36.0,923.0,0.0,2200.0
2020,12,AA,American Airlines,EInLcP.,40.0,4.0,3.51,0.0,0.24,0.0,0.25,1.0,0.0,136.0,115.0,0.0,9.0,0.0,12.0
2020,12,AA,American Airlines,EInYcW.,88.0,11.0,6.69,0.0,2.85,0.0,1.46,0.0,1.0,718.0,319.0,0.0,158.0,0.0,241.0
2020,12,AA,American Airlines,FInAcT.,79.0,11.0,3.3,0.17,4.5,0.0,3.03,0.0,0.0,371.0,87.0,3.0,163.0,0.0,118.0
2020,12,AA,American Airlines,FInLcL.,478.0,3.0,24.77,0.33,20.54,0.0,7.36,0.0,0.0,2452.0,1118.0,13.0,847.0,0.0,474.0
2020,12,AA,American Airlines,GInEcG.,119.0,20.0,9.54,0.0,6.87,0.0,3.59,1.0,0.0,1111.0,783.0,0.0,153.0,0.0,175.0
2020,12,AA,American Airlines,GInRcR.,63.0,4.0,0.06,0.0,1.64,0.0,2.3,0.0,0.0,182.0,4.0,0.0,50.0,0.0,128.0
2020,12,AA,American Airlines,GInScO.,44.0,4.0,2.8,0.0,1.12,0.0,0.08,0.0,0.0,121.0,88.0,0.0,31.0,0.0,2.0
2020,12,AA,American Airlines,GInUcC.,12.0,3.0,2.63,0.0,0.37,0.0,0.0,0.0,0.0,82.0,72.0,0.0,10.0,0.0,0.0
2020,12,AA,American Airlines,HInDcN.,26.0,6.0,1.0,0.0,5.0,0.0,0.0,0.0,0.0,142.0,34.0,0.0,108.0,0.0,0.0
2020,12,AA,American Airlines,HInNcL.,172.0,29.0,16.26,0.0,9.1,0.0,3.64,1.0,1.0,2827.0,2073.0,0.0,335.0,0.0,419.0
2020,12,AA,American Airlines,IIAnDc.,47.0,10.0,5.11,0.0,3.8,0.0,1.09,0.0,0.0,410.0,245.0,0.0,122.0,0.0,43.0
2020,12,AA,American Airlines,IIAnHc.,195.0,8.0,19.21,0.0,13.81,0.0,4.99,1.0,0.0,1999.0,1461.0,0.0,376.0,0.0,162.0
2020,12,AA,American Airlines,IILnMc.,31.0,2.0,2.0,0.0,0.0,0.0,0.0,0.0,0.0,53.0,53.0,0.0,0.0,0.0,0.0
2020,12,AA,American Airlines,IINnDc.,108.0,14.0,6.44,0.0,2.24,0.0,5.32,0.0,0.0,972.0,242.0,0.0,156.0,0.0,574.0
2020,12,AA,American Airlines,JIAncC.,89.0,18.0,8.21,0.0,7.8,0.0,1.98,0.0,0.0,490.0,252.0,0.0,188.0,0.0,50.0
2020,12,AA,American Airlines,JIAncX.,233.0,38.0,19.22,1.0,10.29,1.0,6.49,1.0,0.0,2286.0,1142.0,21.0,559.0,17.0,547.0
2020,12,AA,American Airlines,JIFncK.,336.0,35.0,20.81,1.86,10.39,0.0,1.93,7.0,0.0,3638.0,2110.0,568.0,391.0,0.0,569.0
2020,12,AA,American Airlines,KInOcA.,78.0,0.0,4.62,0.0,5.38,0.0,0.0,0.0,0.0,328.0,167.0,0.0,161.0,0.0,0.0
2020,12,AA,American Airlines,LInAcS.,714.0,73.0,36.26,0.23,26.47,0.18,9.86,3.0,0.0,3653.0,2272.0,5.0,864.0,11.0,501.0
2020,12,AA,American Airlines,LInAcX.,1287.0,114.0,55.48,3.22,40.74,1.87,12.69,10.0,1.0,7535.0,4354.0,345.0,1534.0,77.0,1225.0
2020,12,AA,American Airlines,LInGcA.,554.0,42.0,19.7,0.48,15.53,0.05,6.23,15.0,0.0,2614.0,1416.0,28.0,653.0,1.0,516.0
2020,12,AA,American Airlines,LInIHc.,13.0,0.0,0.0,0.0,0.0,0.0,0.0,11.0,0.0,0.0,0.0,0.0,0.0,0.0,0.0
2020,12,AA,American Airlines,MInCcI.,2.0,0.0,0.0,0.0,0.0,0.0,0.0,0.0,0.0,0.0,0.0,0.0,0.0,0.0,0.0
2020,12,AA,American Airlines,MInCcO.,879.0,91.0,56.95,1.83,21.95,0.0,10.27,3.0,1.0,3982.0,2659.0,33.0,870.0,0.0,420.0
2020,12,AA,American Airlines,MInEcM.,61.0,5.0,2.7,0.0,1.27,0.0,1.03,0.0,0.0,135.0,74.0,0.0,38.0,0.0,23.0
2020,12,AA,American Airlines,MInIcA.,2415.0,233.0,119.46,7.96,88.0,3.0,14.58,12.0,1.0,15089.0,8313.0,311.0,3123.0,81.0,3261.0
2020,12,AA,American Airlines,MInKcE.,7.0,0.0,0.0,0.0,0.0,0.0,0.0,0.0,0.0,0.0,0.0,0.0,0.0,0.0,0.0
2020,12,AA,American Airlines,MInScP.,208.0,8.0,13.43,0.44,6.67,0.0,7.46,1.0,0.0,1024.0,433.0,49.0,248.0,0.0,294.0
2020,12,AA,American Airlines,MInScY.,223.0,7.0,14.42,0.0,7.1,0.0,5.48,1.0,0.0,1398.0,825.0,0.0,309.0,0.0,264.0
2020,12,AA,American Airlines,MInTcJ.,59.0,4.0,1.37,0.0,2.45,0.0,0.19,0.0,0.0,144.0,86.0,0.0,53.0,0.0,5.0
2020,12,AA,American Airlines,MInYcR.,16.0,0.0,0.0,0.0,0.0,0.0,0.0,0.0,0.0,0.0,0.0,0.0,0.0,0.0,0.0
2020,12,AA,American Airlines,OInGcG.,129.0,24.0,10.43,0.0,6.64,0.0,6.93,0.0,1.0,1586.0,647.0,0.0,293.0,0.0,646.0
2020,12,AA,American Airlines,OInKcC.,53.0,9.0,3.98,0.0,1.44,0.0,3.58,0.0,0.0,809.0,282.0,0.0,232.0,0.0,295.0
2020,12,AA,American Airlines,OInMc.A,14.0,0.0,0.0,0.0,0.0,0.0,0.0,0.0,0.0,0.0,0.0,0.0,0.0,0.0,0.0
2020,12,AA,American Airlines,OInNcT.,134.0,17.0,3.98,0.0,12.24,0.0,0.77,0.0,0.0,684.0,122.0,0.0,536.0,0.0,26.0
2020,12,AA,American Airlines,OInRcD.,1967.0,177.0,66.23,4.65,75.9,0.0,30.22,4.0,1.0,15326.0,9245.0,382.0,2749.0,0.0,2950.0
2020,12,AA,American Airlines,OInRcF.,91.0,12.0,5.45,0.0,3.47,0.0,3.08,0.0,0.0,501.0,316.0,0.0,71.0,0.0,114.0
2020,12,AA,American Airlines,PInBcI.,321.0,8.0,13.54,0.0,21.44,0.0,3.02,1.0,0.0,1871.0,547.0,0.0,1064.0,0.0,260.0
2020,12,AA,American Airlines,PInDcX.,214.0,30.0,13.63,0.53,11.49,0.0,4.36,0.0,0.0,1282.0,471.0,63.0,465.0,0.0,283.0
2020,12,AA,American Airlines,PInHcL.,1551.0,161.0,66.44,2.52,60.76,1.51,29.77,2.0,1.0,12126.0,6520.0,124.0,1903.0,42.0,3537.0
2020,12,AA,American Airlines,PInHcX.,2419.0,228.0,93.73,8.22,99.08,0.26,26.72,8.0,0.0,16779.0,8773.0,1396.0,2829.0,8.0,3773.0
2020,12,AA,American Airlines,PInITc.,162.0,30.0,12.23,0.65,14.2,0.0,2.92,1.0,0.0,1436.0,665.0,11.0,457.0,0.0,303.0
2020,12,AA,American Airlines,PInScP.,108.0,11.0,6.92,0.09,3.0,0.0,1.0,2.0,1.0,372.0,297.0,4.0,54.0,0.0,17.0
2020,12,AA,American Airlines,PInVcD.,13.0,1.0,0.0,0.0,1.0,0.0,0.0,1.0,0.0,143.0,0.0,0.0,143.0,0.0,0.0
2020,12,AA,American Airlines,PInWc.M,52.0,6.0,4.1,0.0,1.78,0.0,0.12,2.0,1.0,176.0,135.0,0.0,38.0,0.0,3.0
2020,12,AA,American Airlines,RInDcU.,249.0,4.0,13.55,0.05,6.58,0.0,3.82,0.0,0.0,921.0,629.0,2.0,198.0,0.0,92.0
2020,12,AA,American Airlines,RInICc.,93.0,17.0,9.51,0.0,4.82,0.0,2.66,0.0,0.0,794.0,476.0,0.0,142.0,0.0,176.0
2020,12,AA,American Airlines,RInNcO.,110.0,7.0,3.25,0.65,2.51,0.0,0.59,1.0,0.0,211.0,119.0,13.0,57.0,0.0,22.0
2020,12,AA,American Airlines,RInScW.,378.0,53.0,22.73,0.41,22.71,0.0,7.15,1.0,0.0,2237.0,931.0,23.0,870.0,0.0,413.0
2020,12,AA,American Airlines,SInAcN.,434.0,54.0,19.78,0.0,24.58,0.0,9.64,1.0,2.0,1987.0,834.0,0.0,772.0,0.0,381.0
2020,12,AA,American Airlines,SInAcT.,329.0,50.0,23.54,0.6,18.4,0.03,7.44,0.0,1.0,3112.0,1173.0,19.0,599.0,2.0,1319.0
2020,12,AA,American Airlines,SInAcV.,1.0,0.0,0.0,0.0,0.0,0.0,0.0,0.0,0.0,0.0,0.0,0.0,0.0,0.0,0.0
2020,12,AA,American Airlines,SInEcA.,337.0,34.0,13.72,0.0,11.3,0.0,8.98,0.0,0.0,1872.0,722.0,0.0,525.0,0.0,625.0
2020,12,AA,American Airlines,SInFcO.,443.0,37.0,12.81,0.61,19.26,0.33,3.99,2.0,0.0,1665.0,564.0,70.0,764.0,11.0,256.0
2020,12,AA,American Airlines,SInJcC.,139.0,6.0,8.69,0.0,3.02,0.0,4.29,0.0,0.0,943.0,380.0,0.0,99.0,0.0,464.0
2020,12,AA,American Airlines,SInJcU.,269.0,33.0,25.75,0.13,5.16,0.0,1.96,0.0,0.0,3519.0,2965.0,4.0,454.0,0.0,96.0
2020,12,AA,American Airlines,SInLcC.,223.0,29.0,12.07,0.0,13.84,0.0,3.1,0.0,0.0,1130.0,496.0,0.0,367.0,0.0,267.0
2020,12,AA,American Airlines,SInMcF.,225.0,20.0,8.45,0.19,9.2,0.19,1.97,2.0,0.0,972.0,687.0,5.0,228.0,4.0,48.0
2020,12,AA,American Airlines,SInNcA.,282.0,8.0,8.34,0.4,15.92,0.0,3.34,0.0,0.0,763.0,228.0,6.0,443.0,0.0,86.0
2020,12,AA,American Airlines,SInRcQ.,58.0,2.0,1.18,0.0,0.82,0.0,0.0,0.0,0.0,273.0,64.0,0.0,209.0,0.0,0.0
2020,12,AA,American Airlines,SInTcL.,238.0,21.0,8.91,0.84,7.4,0.0,3.85,0.0,0.0,891.0,304.0,103.0,276.0,0.0,208.0
2020,12,AA,American Airlines,SInTcT.,195.0,18.0,8.89,0.0,8.55,0.0,0.57,0.0,0.0,801.0,438.0,0.0,280.0,0.0,83.0
2020,12,AA,American Airlines,SInTcX.,70.0,5.0,2.25,0.0,2.57,0.0,0.18,0.0,0.0,163.0,70.0,0.0,89.0,0.0,4.0
2020,12,AA,American Airlines,TInPcA.,591.0,55.0,25.15,0.42,23.6,0.0,5.83,1.0,0.0,3641.0,2161.0,13.0,1036.0,0.0,431.0
2020,12,AA,American Airlines,TInUcL.,136.0,13.0,4.86,1.0,1.19,0.0,5.96,1.0,0.0,930.0,293.0,253.0,50.0,0.0,334.0
2020,12,AA,American Airlines,TInUcS.,182.0,21.0,14.27,0.0,5.15,0.0,1.59,1.0,0.0,1066.0,595.0,0.0,233.0,0.0,238.0
2020,12,AS,Alaska Airlines In,cA.BQ,31.0,4.0,3.08,0.0,0.06,0.0,0.86,1.0,0.0,177.0,144.0,0.0,2.0,0.0,31.0
2020,12,AS,Alaska Airlines In,cA.DK,9.0,8.0,0.25,0.69,4.08,0.0,2.97,1.0,0.0,399.0,16.0,47.0,161.0,0.0,175.0
2020,12,AS,Alaska Airlines In,cA.DQ,43.0,5.0,3.99,0.0,1.01,0.0,0.0,3.0,0.0,182.0,125.0,0.0,57.0,0.0,0.0
2020,12,AS,Alaska Airlines In,cA.NC,715.0,6.0,20.1,3.52,32.1,17.31,32.97,16.0,0.0,4582.0,941.0,301.0,986.0,553.0,1801.0
2020,12,AS,Alaska Airlines In,cA.TL,31.0,2.0,0.0,0.0,2.0,0.0,0.0,0.0,0.0,52.0,0.0,0.0,52.0,0.0,0.0
2020,12,AS,Alaska Airlines In,cA.US,42.0,6.0,2.0,0.3,2.71,0.0,0.99,0.0,0.0,389.0,76.0,35.0,118.0,0.0,160.0
2020,12,AS,Alaska Airlines In,cB.ET,47.0,5.0,1.9,0.0,1.13,0.0,1.97,0.0,0.0,168.0,63.0,0.0,21.0,0.0,84.0
2020,12,AS,Alaska Airlines In,cB.NA,47.0,0.0,0.0,0.0,0.0,0.0,0.0,0.0,0.0,0.0,0.0,0.0,0.0,0.0,0.0
2020,12,AS,Alaska Airlines In,cB.OI,61.0,1.0,0.0,1.0,0.0,0.0,0.0,0.0,0.0,36.0,0.0,36.0,0.0,0.0,0.0
2020,12,AS,Alaska Airlines In,cB.OS,60.0,7.0,0.0,0.29,6.71,0.0,0.0,1.0,0.0,217.0,0.0,22.0,195.0,0.0,0.0
2020,12,AS,Alaska Airlines In,cB.RW,30.0,5.0,2.24,0.0,2.76,0.0,0.0,0.0,0.0,285.0,197.0,0.0,88.0,0.0,0.0
2020,12,AS,Alaska Airlines In,cB.UR,61.0,2.0,1.0,0.0,1.0,0.0,0.0,0.0,0.0,57.0,17.0,0.0,40.0,0.0,0.0
2020,12,AS,Alaska Airlines In,cB.WI,31.0,3.0,7.0,,1.03,0.0,0.0,1.0,0.0,139.0,122.0,0.0,17.0,0.0,0.0
2020,12,AS,Alaska Airlines In,cC.DB,18.0,9.0,0.7,1.37,2.74,1.31,2.88,1.0,1.0,405.0,37.0,39.0,126.0,36.0,167.0
2020,12,AS,Alaska Airlines In,cC.DV,60.0,15.0,1.63,2.0,4.91,0.0,6.46,5.0,3.0,542.0,38.0,154.0,135.0,0.0,215.0
2020,12,AS,Alaska Airlines In,cC.HS,27.0,2.0,0.5,0.0,1.5,0.0,0.0,0.0,0.0,53.0,18.0,0.0,35.0,0.0,0.0
2020,12,AS,Alaska Airlines In,cC.MH,20.0,0.0,0.0,0.0,0.0,0.0,0.0,0.0,0.0,0.0,0.0,0.0,0.0,0.0,0.0
2020,12,AS,Alaska Airlines In,cD.AL,31.0,0.0,0.0,0.0,0.0,0.0,0.0,0.0,0.0,0.0,0.0,0.0,0.0,0.0,0.0
2020,12,AS,Alaska Airlines In,cD.CA,62.0,4.0,2.43,0.0,1.57,0.0,0.0,2.0,0.0,207.0,149.0,0.0,58.0,0.0,0.0
2020,12,AS,Alaska Airlines In,cD.EN,115.0,13.0,2.0,0.14,9.31,0.0,1.55,0.0,0.0,526.0,159.0,12.0,298.0,0.0,57.0
2020,12,AS,Alaska Airlines In,cD.FW,110.0,9.0,2.45,0.25,6.3,0.0,0.0,0.0,0.0,449.0,122.0,18.0,309.0,0.0,0.0
2020,12,AS,Alaska Airlines In,cD.TW,26.0,3.0,2.0,0.0,0.53,0.0,0.47,0.0,0.0,99.0,65.0,0.0,18.0,0.0,16.0
2020,12,AS,Alaska Airlines In,cE.WR,79.0,2.0,0.0,0.0,1.0,0.0,1.0,4.0,0.0,45.0,0.0,0.0,20.0,0.0,25.0
2020,12,AS,Alaska Airlines In,cF.AI,62.0,10.0,2.1,0.53,5.54,0.0,1.83,0.0,0.0,290.0,70.0,39.0,134.0,0.0,47.0
2020,12,AS,Alaska Airlines In,cF.LL,145.0,1.0,6.68,0.0,4.32,0.0,0.0,0.0,1.0,479.0,373.0,0.0,106.0,0.0,0.0
2020,12,AS,Alaska Airlines In,cG.EG,106.0,11.0,4.82,1.0,4.53,0.0,0.65,0.0,0.0,418.0,255.0,18.0,132.0,0.0,13.0
2020,12,AS,Alaska Airlines In,cH.NL,150.0,16.0,4.82,1.0,10.18,0.0,0.0,0.0,0.0,892.0,422.0,120.0,350.0,0.0,0.0
2020,12,AS,Alaska Airlines In,cIA.D,31.0,4.0,0.76,0.21,3.02,0.0,0.0,1.0,0.0,96.0,13.0,8.0,75.0,0.0,0.0
2020,12,AS,Alaska Airlines In,cIA.H,31.0,1.0,0.0,0.0,0.0,0.0,1.0,0.0,0.0,24.0,0.0,0.0,0.0,0.0,24.0
2020,12,AS,Alaska Airlines In,cIN.D,24.0,2.0,1.76,0.0,0.24,0.0,0.0,0.0,0.0,98.0,88.0,0.0,10.0,0.0,0.0
2020,12,AS,Alaska Airlines In,cJ.FK,55.0,4.0,0.0,0.0,3.13,0.0,0.88,2.0,0.0,143.0,0.0,0.0,122.0,0.0,21.0
2020,12,AS,Alaska Airlines In,cJ.NU,244.0,28.0,4.79,7.94,11.83,0.0,3.44,9.0,6.0,1066.0,142.0,379.0,403.0,0.0,142.0
2020,12,AS,Alaska Airlines In,cK.OA,151.0,4.0,3.61,0.67,7.75,0.0,1.97,0.0,0.0,831.0,212.0,29.0,361.0,0.0,229.0
2020,12,AS,Alaska Airlines In,cK.TN,120.0,16.0,3.8,2.52,5.03,0.0,4.65,4.0,7.0,559.0,181.0,81.0,151.0,0.0,146.0
2020,12,AS,Alaska Airlines In,cL.AS,283.0,14.0,9.01,0.51,4.48,0.0,0.0,0.0,0.0,662.0,442.0,37.0,183.0,0.0,0.0
2020,12,AS,Alaska Airlines In,cL.AX,500.0,21.0,9.38,1.54,7.08,0.0,3.0,4.0,0.0,1016.0,506.0,113.0,259.0,0.0,138.0
2020,12,AS,Alaska Airlines In,cL.IH,50.0,0.0,0.0,0.0,0.0,0.0,0.0,18.0,0.0,0.0,0.0,0.0,0.0,0.0,0.0
2020,12,AS,Alaska Airlines In,cM.CI,31.0,5.0,0.87,0.0,4.13,0.0,0.0,0.0,0.0,117.0,13.0,0.0,104.0,0.0,0.0
2020,12,AS,Alaska Airlines In,cM.CO,130.0,8.0,3.84,0.0,3.16,0.0,1.0,1.0,0.0,327.0,149.0,0.0,76.0,0.0,102.0
2020,12,AS,Alaska Airlines In,cM.KE,29.0,0.0,0.0,0.0,0.0,0.0,0.0,0.0,0.0,0.0,0.0,0.0,0.0,0.0,0.0
2020,12,AS,Alaska Airlines In,cM.SP,31.0,1.0,0.0,0.0,1.0,0.0,0.0,1.0,0.0,18.0,0.0,0.0,18.0,0.0,0.0
2020,12,AS,Alaska Airlines In,cM.SY,31.0,0.0,0.0,0.0,0.0,0.0,0.0,0.0,0.0,0.0,0.0,0.0,0.0,0.0,0.0
2020,12,AS,Alaska Airlines In,cO.AK,32.0,3.0,0.96,0.0,1.41,0.0,0.63,0.0,0.0,123.0,76.0,0.0,32.0,0.0,15.0
2020,12,AS,Alaska Airlines In,cO.GG,214.0,23.0,6.27,0.0,16.73,0.0,0.0,0.0,1.0,1134.0,675.0,0.0,459.0,0.0,0.0
2020,12,AS,Alaska Airlines In,cO.MA,31.0,3.0,0.7,0.0,2.3,0.0,0.0,0.0,2.0,106.0,49.0,0.0,57.0,0.0,0.0
2020,12,AS,Alaska Airlines In,cO.ME,30.0,5.0,1.54,0.84,1.62,0.0,1.0,2.0,0.0,424.0,268.0,58.0,59.0,0.0,39.0
2020,12,AS,Alaska Airlines In,cO.NT,108.0,1.0,0.0,0.38,0.63,0.0,0.0,0.0,0.0,16.0,0.0,6.0,10.0,0.0,0.0
2020,12,AS,Alaska Airlines In,cO.RD,144.0,11.0,1.88,1.38,7.75,0.0,0.0,0.0,0.0,322.0,77.0,56.0,189.0,0.0,0.0
2020,12,AS,Alaska Airlines In,cO.TZ,30.0,8.0,4.69,0.0,3.31,0.0,0.0,1.0,0.0,229.0,171.0,0.0,58.0,0.0,0.0
2020,12,AS,Alaska Airlines In,cP.DX,733.0,38.0,11.62,0.86,18.6,1.99,4.93,7.0,0.0,1860.0,761.0,62.0,530.0,274.0,233.0
2020,12,AS,Alaska Airlines In,cP.HL,31.0,3.0,0.53,0.0,2.47,0.0,0.0,1.0,0.0,68.0,8.0,0.0,60.0,0.0,0.0
2020,12,AS,Alaska Airlines In,cP.HX,275.0,9.0,4.29,1.66,3.06,0.0,0.0,0.0,1.0,653.0,139.0,368.0,146.0,0.0,0.0
2020,12,AS,Alaska Airlines In,cP.IT,24.0,0.0,0.0,0.0,0.0,0.0,0.0,0.0,0.0,0.0,0.0,0.0,0.0,0.0,0.0
2020,12,AS,Alaska Airlines In,cP.SG,60.0,15.0,1.03,4.06,3.16,0.0,6.75,4.0,2.0,552.0,24.0,145.0,110.0,0.0,273.0
2020,12,AS,Alaska Airlines In,cP.SP,214.0,4.0,2.0,0.38,1.08,0.0,0.55,3.0,1.0,163.0,75.0,25.0,27.0,0.0,36.0
2020,12,AS,Alaska Airlines In,cR.DU,31.0,0.0,0.0,0.0,0.0,0.0,0.0,0.0,0.0,0.0,0.0,0.0,0.0,0.0,0.0
2020,12,AS,Alaska Airlines In,cR.SW,35.0,1.0,0.0,0.0,0.0,0.0,1.0,0.0,0.0,64.0,0.0,0.0,0.0,0.0,64.0
2020,12,AS,Alaska Airlines In,cS.AN,394.0,17.0,6.87,1.44,4.79,0.0,3.9,3.0,0.0,1061.0,278.0,313.0,202.0,0.0,268.0
2020,12,AS,Alaska Airlines In,cS.AT,31.0,3.0,0.67,0.0,1.71,0.0,0.62,0.0,0.0,81.0,22.0,0.0,38.0,0.0,21.0
2020,12,AS,Alaska Airlines In,cS.CC,43.0,16.0,1.75,7.78,4.58,0.0,1.89,2.0,0.0,501.0,113.0,215.0,138.0,0.0,35.0
2020,12,AS,Alaska Airlines In,cS.EA,3812.0,235.0,64.4,10.24,109.48,1.47,49.41,47.0,6.0,11162.0,4013.0,669.0,3119.0,28.0,3333.0
2020,12,AS,Alaska Airlines In,cS.FO,213.0,10.0,3.7,1.63,2.67,0.0,2.0,6.0,0.0,925.0,242.0,388.0,161.0,0.0,134.0
2020,12,AS,Alaska Airlines In,cS.IT,31.0,6.0,2.24,0.0,0.68,0.0,3.08,0.0,0.0,171.0,62.0,0.0,18.0,0.0,91.0
2020,12,AS,Alaska Airlines In,cS.JC,142.0,8.0,1.96,0.0,1.18,0.0,4.85,3.0,0.0,588.0,82.0,0.0,68.0,0.0,438.0
2020,12,AS,Alaska Airlines In,cS.LC,15.0,1.0,0.0,0.0,0.56,0.0,0.44,0.0,0.0,32.0,0.0,0.0,18.0,0.0,14.0
2020,12,AS,Alaska Airlines In,cS.MF,19.0,1.0,0.0,0.85,0.15,0.0,0.0,0.0,0.0,60.0,0.0,51.0,9.0,0.0,0.0
2020,12,AS,Alaska Airlines In,cS.NA,88.0,3.0,0.96,0.22,1.4,0.0,0.42,0.0,1.0,161.0,92.0,11.0,37.0,0.0,21.0
2020,12,AS,Alaska Airlines In,cS.TL,31.0,0.0,0.0,0.0,0.0,0.0,0.0,0.0,0.0,0.0,0.0,0.0,0.0,0.0,0.0
2020,12,AS,Alaska Airlines In,cT.PA,86.0,3.0,2.71,0.0,0.29,0.0,0.0,0.0,0.0,114.0,108.0,0.0,6.0,0.0,0.0
2020,12,AS,Alaska Airlines In,cT.US,31.0,1.0,1.0,0.0,0.0,0.0,0.0,0.0,0.0,39.0,39.0,0.0,0.0,0.0,0.0
2020,12,AS,Alaska Airlines In,cW.RG,60.0,11.0,0.29,1.0,2.9,0.0,6.81,5.0,1.0,355.0,15.0,16.0,75.0,0.0,249.0
2020,12,AS,Alaska Airlines In,cY.AK,60.0,9.0,0.99,0.0,5.51,0.0,2.5,5.0,6.0,373.0,32.0,0.0,150.0,0.0,191.0
2020,12,B6,JetBlue Airways,ABQ,11.0,2.0,1.0,0.66,0.34,0.0,0.0,0.0,0.0,249.0,69.0,119.0,61.0,0.0,0.0
2020,12,B6,JetBlue Airways,ACK,12.0,4.0,2.12,0.0,0.0,0.0,1.88,1.0,0.0,222.0,147.0,0.0,0.0,0.0,75.0
2020,12,B6,JetBlue Airways,ALB,20.0,5.0,2.96,0.86,1.17,0.0,0.0,0.0,0.0,414.0,325.0,57.0,32.0,0.0,0.0
2020,12,B6,JetBlue Airways,AUS,122.0,23.0,10.15,1.89,8.69,0.0,2.28,1.0,0.0,1572.0,548.0,432.0,360.0,0.0,232.0
2020,12,B6,JetBlue Airways,BDL,182.0,41.0,14.9,0.0,14.54,0.0,11.56,2.0,1.0,2203.0,798.0,0.0,643.0,0.0,762.0
2020,12,B6,JetBlue Airways,BNA,39.0,4.0,2.0,0.78,0.78,0.0,0.44,1.0,0.0,341.0,60.0,200.0,70.0,0.0,11.0
2020,12,B6,JetBlue Airways,BOS,1588.0,324.0,97.15,2.22,131.11,2.28,91.25,27.0,6.0,20745.0,6844.0,226.0,4397.0,166.0,9112.0
2020,12,B6,JetBlue Airways,BTV,12.0,3.0,1.96,0.03,0.02,0.0,0.99,0.0,0.0,399.0,175.0,7.0,4.0,0.0,213.0
2020,12,B6,JetBlue Airways,BUF,63.0,16.0,7.95,1.1,2.72,0.0,4.22,1.0,0.0,1693.0,704.0,536.0,92.0,0.0,361.0
2020,12,B6,JetBlue Airways,BZN,12.0,1.0,0.01,0.0,0.37,0.0,0.62,0.0,0.0,144.0,2.0,0.0,53.0,0.0,89.0
2020,12,B6,JetBlue Airways,CHS,77.0,19.0,8.42,1.42,6.38,0.0,2.77,1.0,0.0,1172.0,592.0,104.0,300.0,0.0,176.0
2020,12,B6,JetBlue Airways,CLE,45.0,5.0,1.17,0.73,1.37,0.0,1.73,0.0,0.0,341.0,42.0,104.0,90.0,0.0,105.0
2020,12,B6,JetBlue Airways,CLT,18.0,5.0,3.32,0.69,0.99,0.0,0.0,0.0,0.0,644.0,338.0,183.0,123.0,0.0,0.0
2020,12,B6,JetBlue Airways,DCA,247.0,4.0,21.25,1.89,7.66,1.25,11.95,0.0,0.0,3216.0,1378.0,276.0,414.0,44.0,1104.0
2020,12,B6,JetBlue Airways,DEN,47.0,5.0,1.04,0.47,2.53,0.0,0.96,0.0,0.0,159.0,26.0,15.0,63.0,0.0,55.0
2020,12,B6,JetBlue Airways,DFW,30.0,0.0,5.07,1.34,2.79,0.0,0.8,0.0,0.0,1109.0,326.0,474.0,273.0,0.0,36.0
2020,12,B6,JetBlue Airways,DTW,34.0,4.0,1.82,1.36,0.61,0.0,0.21,1.0,0.0,347.0,129.0,151.0,61.0,0.0,6.0
2020,12,B6,JetBlue Airways,EWR,670.0,140.0,55.73,0.0,42.36,1.35,40.55,13.0,0.0,8136.0,3312.0,0.0,1784.0,53.0,2987.0
2020,12,B6,JetBlue Airways,FLL,1153.0,6.0,97.28,2.93,126.89,1.53,37.37,11.0,1.0,13747.0,6214.0,351.0,4509.0,53.0,2620.0
2020,12,B6,JetBlue Airways,HDN,10.0,3.0,2.33,0.0,0.67,0.0,0.0,0.0,0.0,77.0,65.0,0.0,12.0,0.0,0.0
2020,12,B6,JetBlue Airways,HPN,214.0,39.0,14.93,0.0,16.11,0.0,7.95,2.0,1.0,2852.0,1329.0,0.0,791.0,0.0,732.0
2020,12,B6,JetBlue Airways,IAH,33.0,7.0,2.58,0.18,4.24,0.0,0.0,0.0,0.0,774.0,393.0,35.0,346.0,0.0,0.0
2020,12,B6,JetBlue Airways,JAX,91.0,22.0,12.94,0.0,5.18,0.0,3.88,1.0,0.0,1395.0,815.0,0.0,269.0,0.0,311.0
2020,12,B6,JetBlue Airways,JFK,1278.0,249.0,78.89,0.0,102.66,1.72,65.73,19.0,1.0,15288.0,4985.0,0.0,3480.0,42.0,6781.0
2020,12,B6,JetBlue Airways,LAS,129.0,21.0,5.87,1.0,10.4,0.0,3.73,1.0,0.0,1681.0,1076.0,60.0,390.0,0.0,155.0
2020,12,B6,JetBlue Airways,LAX,505.0,74.0,25.21,2.53,36.14,0.0,10.13,5.0,1.0,4719.0,2728.0,280.0,1064.0,0.0,647.0
2020,12,B6,JetBlue Airways,LGA,81.0,17.0,5.81,0.0,3.46,0.0,7.73,0.0,0.0,1544.0,294.0,0.0,190.0,0.0,1060.0
2020,12,B6,JetBlue Airways,MCO,954.0,204.0,87.47,1.72,79.15,0.0,35.66,8.0,3.0,12904.0,6226.0,118.0,2954.0,0.0,3606.0
2020,12,B6,JetBlue Airways,MSP,20.0,2.0,0.0,1.71,0.29,0.0,0.0,1.0,0.0,457.0,0.0,353.0,104.0,0.0,0.0
2020,12,B6,JetBlue Airways,MSY,49.0,3.0,5.92,0.27,3.56,0.0,3.25,0.0,0.0,897.0,407.0,29.0,159.0,0.0,302.0
2020,12,B6,JetBlue Airways,MTJ,6.0,1.0,0.0,0.98,0.02,0.0,0.0,0.0,0.0,98.0,0.0,96.0,2.0,0.0,0.0
2020,12,B6,JetBlue Airways,ORD,57.0,12.0,5.26,0.49,4.73,0.0,1.52,0.0,0.0,1013.0,438.0,196.0,251.0,0.0,128.0
2020,12,B6,JetBlue Airways,PBI,366.0,8.0,24.27,2.31,46.93,0.0,14.49,4.0,0.0,5666.0,2112.0,278.0,1863.0,0.0,1413.0
2020,12,B6,JetBlue Airways,PDX,13.0,2.0,1.96,0.0,0.0,0.0,0.04,2.0,0.0,397.0,381.0,0.0,0.0,0.0,16.0
2020,12,B6,JetBlue Airways,PHL,142.0,28.0,12.85,0.0,10.78,0.0,4.37,0.0,0.0,1705.0,565.0,0.0,308.0,0.0,832.0
2020,12,B6,JetBlue Airways,PHX,60.0,13.0,2.65,2.34,5.22,0.0,2.8,0.0,0.0,848.0,266.0,129.0,278.0,0.0,175.0
2020,12,B6,JetBlue Airways,PIT,52.0,9.0,4.06,0.0,2.24,0.0,2.71,1.0,0.0,308.0,188.0,0.0,72.0,0.0,48.0
2020,12,B6,JetBlue Airways,PSP,5.0,1.0,0.76,0.0,0.24,0.0,0.0,1.0,0.0,49.0,37.0,0.0,12.0,0.0,0.0
2020,12,B6,JetBlue Airways,PVD,82.0,11.0,2.42,0.0,4.03,0.0,4.55,0.0,0.0,697.0,301.0,0.0,157.0,0.0,239.0
2020,12,B6,JetBlue Airways,RDU,136.0,0.0,16.11,0.47,7.04,0.0,6.38,1.0,0.0,1453.0,874.0,63.0,271.0,0.0,245.0
2020,12,B6,JetBlue Airways,RIC,118.0,23.0,10.78,0.0,7.49,0.13,4.6,0.0,0.0,1051.0,599.0,0.0,255.0,4.0,193.0
2020,12,B6,JetBlue Airways,RNO,21.0,2.0,1.0,0.0,1.0,0.0,0.0,0.0,1.0,180.0,165.0,0.0,15.0,0.0,0.0
2020,12,B6,JetBlue Airways,ROC,32.0,10.0,6.2,0.0,1.62,0.0,2.18,0.0,0.0,1097.0,704.0,0.0,122.0,0.0,271.0
2020,12,B6,JetBlue Airways,RSW,367.0,60.0,19.93,1.65,27.06,0.64,10.71,4.0,1.0,3777.0,1529.0,558.0,1080.0,29.0,581.0
2020,12,B6,JetBlue Airways,SAN,85.0,19.0,6.76,4.83,6.25,0.0,1.16,1.0,0.0,1383.0,406.0,472.0,373.0,0.0,132.0
2020,12,B6,JetBlue Airways,SAV,45.0,1.0,6.94,1.9,1.21,0.0,0.95,0.0,0.0,936.0,435.0,239.0,160.0,0.0,102.0
2020,12,B6,JetBlue Airways,SEA,37.0,7.0,3.44,0.48,3.08,0.0,0.0,1.0,0.0,521.0,263.0,64.0,194.0,0.0,0.0
2020,12,B6,JetBlue Airways,SFO,167.0,25.0,10.36,1.98,10.81,0.0,1.85,1.0,0.0,2197.0,1221.0,410.0,387.0,0.0,179.0
2020,12,B6,JetBlue Airways,SJU,708.0,167.0,79.18,4.08,61.63,0.0,22.1,11.0,1.0,10122.0,4694.0,478.0,2759.0,0.0,2191.0
2020,12,B6,JetBlue Airways,SLC,84.0,18.0,5.22,0.32,7.24,0.0,5.22,0.0,0.0,833.0,393.0,9.0,226.0,0.0,205.0
2020,12,B6,JetBlue Airways,SMF,13.0,4.0,0.0,0.15,1.81,0.0,2.05,0.0,0.0,207.0,0.0,15.0,118.0,0.0,74.0
2020,12,B6,JetBlue Airways,SRQ,53.0,0.0,3.23,1.4,4.7,0.0,0.67,1.0,0.0,866.0,290.0,295.0,209.0,0.0,72.0
2020,12,B6,JetBlue Airways,STT,44.0,6.0,3.28,0.0,1.25,0.0,1.47,3.0,0.0,478.0,219.0,0.0,85.0,0.0,174.0
2020,12,B6,JetBlue Airways,SYR,43.0,6.0,2.42,0.14,1.47,0.0,1.98,0.0,1.0,454.0,110.0,11.0,80.0,0.0,253.0
2020,12,B6,JetBlue Airways,TPA,378.0,74.0,22.79,1.01,35.35,0.0,14.85,1.0,1.0,3934.0,1389.0,235.0,1337.0,0.0,973.0
2020,12,DL,Delta Air Lines In,cA.BQ,41.0,4.0,3.37,0.0,0.63,0.0,0.0,1.0,0.0,850.0,835.0,0.0,15.0,0.0,0.0
2020,12,DL,Delta Air Lines In,cA.LB,32.0,5.0,2.47,0.0,2.53,0.0,0.0,0.0,0.0,327.0,146.0,0.0,181.0,0.0,0.0
2020,12,DL,Delta Air Lines In,cA.NC,158.0,1.0,8.07,0.88,17.31,0.0,4.75,2.0,0.0,1234.0,282.0,55.0,638.0,0.0,259.0
2020,12,DL,Delta Air Lines In,cA.TL,12420.0,6.0,414.32,15.49,650.12,7.0,199.07,74.0,6.0,72853.0,38827.0,2024.0,20028.0,364.0,11610.0
2020,12,DL,Delta Air Lines In,cA.US,406.0,98.0,29.2,0.38,61.56,0.0,6.86,1.0,1.0,5917.0,3385.0,45.0,2102.0,0.0,385.0
2020,12,DL,Delta Air Lines In,cB.DL,111.0,21.0,8.22,1.0,11.17,0.0,0.61,0.0,0.0,1371.0,443.0,631.0,278.0,0.0,19.0
2020,12,DL,Delta Air Lines In,cB.HM,78.0,7.0,5.29,0.0,1.71,0.0,0.0,0.0,0.0,243.0,197.0,0.0,46.0,0.0,0.0
2020,12,DL,Delta Air Lines In,cB.IL,,,,,,,,,,,,,,,
2020,12,DL,Delta Air Lines In,cB.NA,408.0,58.0,19.57,0.67,32.16,0.0,5.6,7.0,0.0,2407.0,972.0,40.0,1013.0,0.0,382.0
2020,12,DL,Delta Air Lines In,cB.OI,127.0,14.0,7.46,0.4,5.35,0.0,0.79,2.0,1.0,688.0,438.0,28.0,207.0,0.0,15.0
2020,12,DL,Delta Air Lines In,cB.OS,763.0,124.0,39.86,5.05,54.78,0.0,24.3,21.0,1.0,6274.0,2431.0,340.0,1975.0,0.0,1528.0
2020,12,DL,Delta Air Lines In,cB.UF,48.0,3.0,1.39,0.0,0.69,0.0,0.92,0.0,0.0,143.0,28.0,0.0,19.0,0.0,96.0
2020,12,DL,Delta Air Lines In,cB.WI,287.0,2.0,7.0,,17.07,0.0,2.06,4.0,0.0,1101.0,597.0,53.0,366.0,0.0,85.0
2020,12,DL,Delta Air Lines In,cB.ZN,115.0,5.0,7.54,0.68,15.78,0.0,1.0,1.0,0.0,1054.0,457.0,73.0,463.0,0.0,61.0
2020,12,DL,Delta Air Lines In,cC.AE,1.0,0.0,0.0,0.0,0.0,0.0,0.0,0.0,0.0,0.0,0.0,0.0,0.0,0.0,0.0
2020,12,DL,Delta Air Lines In,cC.HA,,,,,,,,,,,,,,,
2020,12,DL,Delta Air Lines In,cC.HS,230.0,18.0,11.66,0.0,3.59,0.0,2.74,0.0,0.0,521.0,303.0,0.0,87.0,0.0,131.0
2020,12,DL,Delta Air Lines In,cC.LE,170.0,21.0,9.36,0.0,8.21,0.0,3.42,0.0,0.0,709.0,359.0,0.0,190.0,0.0,160.0
2020,12,DL,Delta Air Lines In,cC.LT,280.0,35.0,16.1,0.0,14.65,1.0,3.25,0.0,1.0,1429.0,819.0,0.0,445.0,42.0,123.0
2020,12,DL,Delta Air Lines In,cC.MH,165.0,9.0,8.07,0.0,9.76,0.0,1.16,1.0,0.0,600.0,304.0,0.0,268.0,0.0,28.0
2020,12,DL,Delta Air Lines In,cC.VG,478.0,1.0,23.12,0.0,10.5,0.0,7.37,3.0,0.0,2492.0,1650.0,0.0,383.0,0.0,459.0
2020,12,DL,Delta Air Lines In,cD.AB,132.0,11.0,5.95,1.75,2.98,0.0,0.33,0.0,1.0,608.0,356.0,117.0,116.0,0.0,19.0
2020,12,DL,Delta Air Lines In,cD.AL,83.0,10.0,3.71,0.0,4.81,0.0,1.48,0.0,0.0,281.0,160.0,0.0,95.0,0.0,26.0
2020,12,DL,Delta Air Lines In,cD.CA,418.0,2.0,20.92,1.0,19.13,0.0,10.95,4.0,0.0,2376.0,1171.0,41.0,535.0,0.0,629.0
2020,12,DL,Delta Air Lines In,cD.EN,755.0,128.0,38.81,3.09,76.78,0.0,9.31,8.0,2.0,6716.0,3354.0,299.0,2449.0,0.0,614.0
2020,12,DL,Delta Air Lines In,cD.FW,540.0,0.0,45.0,0.28,89.12,0.0,15.6,6.0,5.0,7176.0,3312.0,23.0,2751.0,0.0,1090.0
2020,12,DL,Delta Air Lines In,cD.TW,2941.0,408.0,109.16,1.93,217.89,0.0,79.03,28.0,3.0,20813.0,9911.0,77.0,6134.0,0.0,4691.0
2020,12,DL,Delta Air Lines In,cE.CP,147.0,9.0,5.62,0.0,2.6,0.0,0.79,0.0,0.0,336.0,264.0,0.0,50.0,0.0,22.0
2020,12,DL,Delta Air Lines In,cE.GE,14.0,4.0,0.0,0.0,4.0,0.0,0.0,2.0,0.0,265.0,0.0,0.0,265.0,0.0,0.0
2020,12,DL,Delta Air Lines In,cE.LP,55.0,12.0,2.12,0.0,7.69,0.0,2.19,0.0,0.0,637.0,179.0,0.0,170.0,0.0,288.0
2020,12,DL,Delta Air Lines In,cE.WR,294.0,25.0,11.65,1.2,10.19,0.0,1.96,4.0,0.0,883.0,442.0,83.0,266.0,0.0,92.0
2020,12,DL,Delta Air Lines In,cE.YW,121.0,15.0,4.28,0.0,10.39,0.0,0.33,2.0,0.0,541.0,247.0,0.0,287.0,0.0,7.0
2020,12,DL,Delta Air Lines In,cF.AI,,,,,,,,,,,,,,,
2020,12,DL,Delta Air Lines In,cF.AR,31.0,2.0,0.7,0.0,1.3,0.0,0.0,2.0,0.0,55.0,23.0,0.0,32.0,0.0,0.0
2020,12,DL,Delta Air Lines In,cF.CA,27.0,3.0,1.69,0.0,1.31,0.0,0.0,1.0,1.0,135.0,102.0,0.0,33.0,0.0,0.0
2020,12,DL,Delta Air Lines In,cF.LL,912.0,3.0,49.52,3.67,92.14,0.0,17.68,17.0,0.0,8002.0,3358.0,505.0,3233.0,0.0,906.0
2020,12,DL,Delta Air Lines In,cG.EG,184.0,29.0,11.42,0.5,12.92,0.0,4.16,3.0,0.0,1149.0,620.0,27.0,399.0,0.0,103.0
2020,12,DL,Delta Air Lines In,cG.RR,160.0,20.0,11.28,0.0,7.68,0.0,1.03,1.0,0.0,780.0,521.0,0.0,235.0,0.0,24.0
2020,12,DL,Delta Air Lines In,cG.SO,18.0,3.0,1.0,0.0,0.0,0.0,2.0,0.0,0.0,60.0,20.0,0.0,0.0,0.0,40.0
2020,12,DL,Delta Air Lines In,cG.SP,33.0,0.0,0.0,0.0,0.0,0.0,0.0,0.0,0.0,0.0,0.0,0.0,0.0,0.0,0.0
2020,12,DL,Delta Air Lines In,cH.NL,192.0,44.0,22.02,1.0,17.18,0.0,3.8,0.0,1.0,2983.0,1944.0,23.0,703.0,0.0,313.0
2020,12,DL,Delta Air Lines In,cH.OU,14.0,0.0,0.0,0.0,0.0,0.0,0.0,0.0,0.0,0.0,0.0,0.0,0.0,0.0,0.0
2020,12,DL,Delta Air Lines In,cIA.D,152.0,21.0,6.85,0.0,8.96,0.0,5.19,2.0,0.0,903.0,361.0,0.0,282.0,0.0,260.0
2020,12,DL,Delta Air Lines In,cIA.H,275.0,6.0,19.44,0.0,26.33,0.0,0.23,2.0,1.0,2176.0,1409.0,0.0,697.0,0.0,70.0
2020,12,DL,Delta Air Lines In,cIC.T,2.0,0.0,0.0,0.0,0.0,0.0,0.0,0.0,0.0,0.0,0.0,0.0,0.0,0.0,0.0
2020,12,DL,Delta Air Lines In,cIN.D,209.0,24.0,14.87,0.0,4.53,0.0,4.6,2.0,0.0,981.0,639.0,0.0,110.0,0.0,232.0
2020,12,DL,Delta Air Lines In,cJ.AC,117.0,28.0,10.73,0.0,13.23,0.0,4.05,4.0,2.0,2014.0,1322.0,0.0,365.0,0.0,327.0
2020,12,DL,Delta Air Lines In,cJ.AX,286.0,32.0,16.02,0.0,9.75,0.0,6.23,3.0,0.0,1132.0,688.0,0.0,266.0,0.0,178.0
2020,12,DL,Delta Air Lines In,cJ.FK,1391.0,234.0,76.06,5.53,107.2,0.72,44.49,45.0,1.0,14938.0,7124.0,493.0,3447.0,36.0,3838.0
2020,12,DL,Delta Air Lines In,cK.OA,48.0,8.0,5.03,0.0,1.55,0.0,1.42,0.0,0.0,469.0,337.0,0.0,68.0,0.0,64.0
2020,12,DL,Delta Air Lines In,cL.AS,904.0,130.0,40.28,4.9,79.45,0.0,5.36,12.0,2.0,7089.0,3538.0,1108.0,2249.0,0.0,194.0
2020,12,DL,Delta Air Lines In,cL.AX,1928.0,246.0,64.51,4.61,161.91,0.0,14.96,19.0,5.0,13932.0,6924.0,577.0,5131.0,0.0,1300.0
2020,12,DL,Delta Air Lines In,cL.GA,1126.0,148.0,54.35,1.8,49.23,0.0,42.63,29.0,1.0,9856.0,4544.0,86.0,1765.0,0.0,3461.0
2020,12,DL,Delta Air Lines In,cL.IH,32.0,5.0,2.42,0.0,2.06,0.0,0.52,3.0,0.0,325.0,239.0,0.0,58.0,0.0,28.0
2020,12,DL,Delta Air Lines In,cL.IT,31.0,3.0,1.0,0.0,0.1,0.0,1.9,0.0,0.0,157.0,47.0,0.0,9.0,0.0,101.0
2020,12,DL,Delta Air Lines In,cM.CI,232.0,36.0,14.19,0.0,17.11,0.0,4.7,0.0,0.0,1226.0,634.0,0.0,402.0,0.0,190.0
2020,12,DL,Delta Air Lines In,cM.CO,1240.0,182.0,68.44,6.94,84.03,0.0,22.59,12.0,1.0,10914.0,5923.0,475.0,2902.0,0.0,1614.0
2020,12,DL,Delta Air Lines In,cM.DW,4.0,1.0,0.89,0.0,0.11,0.0,0.0,0.0,0.0,19.0,17.0,0.0,2.0,0.0,0.0
2020,12,DL,Delta Air Lines In,cM.EM,236.0,28.0,13.43,0.16,9.01,0.0,5.4,0.0,0.0,1733.0,971.0,6.0,502.0,0.0,254.0
2020,12,DL,Delta Air Lines In,cM.IA,619.0,94.0,34.64,1.89,47.7,0.67,9.1,11.0,0.0,4594.0,2424.0,174.0,1495.0,60.0,441.0
2020,12,DL,Delta Air Lines In,cM.KE,140.0,13.0,5.4,0.0,5.04,0.0,2.55,0.0,0.0,312.0,118.0,0.0,107.0,0.0,87.0
2020,12,DL,Delta Air Lines In,cM.LB,85.0,7.0,3.82,0.0,1.71,0.0,1.47,0.0,0.0,272.0,143.0,0.0,97.0,0.0,32.0
2020,12,DL,Delta Air Lines In,cM.SO,18.0,4.0,2.59,0.0,1.41,0.0,0.0,0.0,0.0,269.0,235.0,0.0,34.0,0.0,0.0
2020,12,DL,Delta Air Lines In,cM.SP,3108.0,6.0,98.26,15.05,198.48,1.0,53.2,74.0,2.0,27496.0,9319.0,7920.0,6344.0,28.0,3885.0
2020,12,DL,Delta Air Lines In,cM.SY,285.0,7.0,11.61,0.0,21.97,0.0,3.42,0.0,0.0,1254.0,462.0,0.0,588.0,0.0,204.0
2020,12,DL,Delta Air Lines In,cM.YR,31.0,2.0,0.91,0.0,0.09,0.0,1.0,0.0,0.0,85.0,30.0,0.0,3.0,0.0,52.0
2020,12,DL,Delta Air Lines In,cO.AK,11.0,0.0,0.0,0.0,0.0,0.0,0.0,0.0,0.0,0.0,0.0,0.0,0.0,0.0,0.0
2020,12,DL,Delta Air Lines In,cO.GG,87.0,24.0,10.1,0.0,9.93,0.0,3.97,0.0,0.0,1438.0,430.0,0.0,330.0,0.0,678.0
2020,12,DL,Delta Air Lines In,cO.KC,34.0,1.0,1.0,0.0,0.0,0.0,0.0,0.0,0.0,15.0,15.0,0.0,0.0,0.0,0.0
2020,12,DL,Delta Air Lines In,cO.MA,44.0,2.0,0.86,0.0,0.14,0.0,1.0,0.0,0.0,66.0,36.0,0.0,6.0,0.0,24.0
2020,12,DL,Delta Air Lines In,cO.NT,122.0,15.0,4.53,0.0,9.62,0.85,0.0,1.0,0.0,395.0,136.0,0.0,206.0,53.0,0.0
2020,12,DL,Delta Air Lines In,cO.RD,314.0,54.0,25.79,1.0,24.51,0.0,2.7,1.0,0.0,2223.0,1266.0,40.0,713.0,0.0,204.0
2020,12,DL,Delta Air Lines In,cO.RF,196.0,14.0,6.85,0.0,6.34,0.0,0.81,1.0,1.0,748.0,350.0,0.0,343.0,0.0,55.0
2020,12,DL,Delta Air Lines In,cP.BI,379.0,3.0,12.49,0.0,25.58,1.0,3.93,6.0,0.0,2136.0,1057.0,0.0,868.0,41.0,170.0
2020,12,DL,Delta Air Lines In,cP.DX,392.0,41.0,15.24,0.87,22.1,0.0,2.79,4.0,1.0,1813.0,940.0,160.0,524.0,0.0,189.0
2020,12,DL,Delta Air Lines In,cP.HL,276.0,30.0,12.93,0.0,16.24,0.83,0.0,1.0,0.0,955.0,541.0,0.0,384.0,30.0,0.0
2020,12,DL,Delta Air Lines In,cP.HX,734.0,147.0,42.94,2.5,85.38,0.0,16.18,8.0,1.0,6314.0,2687.0,375.0,2465.0,0.0,787.0
2020,12,DL,Delta Air Lines In,cP.IT,141.0,13.0,8.84,0.0,2.74,0.0,1.41,1.0,0.0,512.0,368.0,0.0,100.0,0.0,44.0
2020,12,DL,Delta Air Lines In,cP.NS,188.0,14.0,8.71,0.0,4.07,1.0,0.22,0.0,0.0,451.0,290.0,0.0,94.0,60.0,7.0
2020,12,DL,Delta Air Lines In,cP.SP,25.0,5.0,1.66,0.0,3.34,0.0,0.0,2.0,0.0,172.0,58.0,0.0,114.0,0.0,0.0
2020,12,DL,Delta Air Lines In,cP.WM,29.0,1.0,0.98,0.0,0.02,0.0,0.0,0.0,1.0,50.0,49.0,0.0,1.0,0.0,0.0
2020,12,DL,Delta Air Lines In,cR.DU,330.0,8.0,9.52,0.0,14.29,0.0,4.18,1.0,1.0,889.0,408.0,0.0,362.0,0.0,119.0
2020,12,DL,Delta Air Lines In,cR.IC,171.0,15.0,6.99,0.0,7.55,0.0,0.45,0.0,0.0,536.0,344.0,0.0,178.0,0.0,14.0
2020,12,DL,Delta Air Lines In,cR.NO,82.0,11.0,3.6,0.0,5.67,0.0,1.73,0.0,0.0,437.0,268.0,0.0,122.0,0.0,47.0
2020,12,DL,Delta Air Lines In,cR.OC,31.0,3.0,1.35,0.0,1.01,0.0,0.64,0.0,0.0,85.0,37.0,0.0,25.0,0.0,23.0
2020,12,DL,Delta Air Lines In,cR.SW,631.0,101.0,31.72,0.82,54.87,0.0,13.59,8.0,0.0,4967.0,2079.0,34.0,1838.0,0.0,1016.0
2020,12,DL,Delta Air Lines In,cS.AN,516.0,71.0,18.97,1.64,47.27,0.0,3.13,5.0,0.0,2689.0,1009.0,148.0,1440.0,0.0,92.0
2020,12,DL,Delta Air Lines In,cS.AT,166.0,36.0,8.47,0.0,23.06,0.0,4.47,0.0,0.0,1359.0,624.0,0.0,578.0,0.0,157.0
2020,12,DL,Delta Air Lines In,cS.DF,59.0,3.0,1.84,0.0,0.52,0.0,0.64,0.0,0.0,154.0,120.0,0.0,20.0,0.0,14.0
2020,12,DL,Delta Air Lines In,cS.EA,1669.0,155.0,54.1,5.43,79.12,0.0,16.35,27.0,2.0,10126.0,5677.0,600.0,2768.0,0.0,1081.0
2020,12,DL,Delta Air Lines In,cS.FO,533.0,82.0,25.15,2.42,47.77,0.0,6.66,9.0,0.0,3801.0,1710.0,332.0,1352.0,0.0,407.0
2020,12,DL,Delta Air Lines In,cS.JC,30.0,1.0,0.0,0.0,1.0,0.0,0.0,0.0,0.0,18.0,0.0,0.0,18.0,0.0,0.0
2020,12,DL,Delta Air Lines In,cS.JU,205.0,17.0,8.74,1.5,6.32,0.0,0.44,7.0,0.0,737.0,396.0,149.0,184.0,0.0,8.0
2020,12,DL,Delta Air Lines In,cS.LC,3649.0,497.0,147.03,5.42,252.35,0.0,92.21,38.0,0.0,26723.0,10940.0,995.0,7448.0,0.0,7340.0
2020,12,DL,Delta Air Lines In,cS.MF,290.0,57.0,26.94,1.8,22.83,0.0,5.43,3.0,1.0,2829.0,1933.0,99.0,590.0,0.0,207.0
2020,12,DL,Delta Air Lines In,cS.NA,188.0,4.0,18.38,0.0,23.94,0.0,1.68,3.0,1.0,1812.0,1022.0,0.0,677.0,0.0,113.0
2020,12,DL,Delta Air Lines In,cS.RQ,185.0,1.0,8.66,1.57,9.21,0.0,1.56,3.0,0.0,853.0,421.0,81.0,267.0,0.0,84.0
2020,12,DL,Delta Air Lines In,cS.TL,233.0,35.0,15.23,0.0,14.99,0.0,4.78,1.0,0.0,1563.0,856.0,0.0,445.0,0.0,262.0
2020,12,DL,Delta Air Lines In,cS.TT,115.0,13.0,4.78,0.99,7.24,0.0,0.0,1.0,0.0,814.0,282.0,262.0,270.0,0.0,0.0
2020,12,DL,Delta Air Lines In,cS.TX,20.0,2.0,2.0,0.0,0.0,0.0,0.0,0.0,0.0,208.0,208.0,0.0,0.0,0.0,0.0
2020,12,DL,Delta Air Lines In,cS.YR,32.0,0.0,0.0,0.0,0.0,0.0,0.0,0.0,1.0,0.0,0.0,0.0,0.0,0.0,0.0
2020,12,DL,Delta Air Lines In,cT.LH,31.0,3.0,2.77,0.0,0.23,0.0,0.0,0.0,0.0,178.0,162.0,0.0,16.0,0.0,0.0
2020,12,DL,Delta Air Lines In,cT.PA,977.0,166.0,60.11,2.67,81.89,0.0,21.33,18.0,1.0,7251.0,2942.0,280.0,2936.0,0.0,1093.0
2020,12,DL,Delta Air Lines In,cT.UL,3.0,0.0,0.0,0.0,0.0,0.0,0.0,0.0,0.0,0.0,0.0,0.0,0.0,0.0,0.0
2020,12,DL,Delta Air Lines In,cT.US,80.0,12.0,1.34,0.33,9.31,0.0,1.02,2.0,0.0,442.0,99.0,30.0,244.0,0.0,69.0
2020,12,DL,Delta Air Lines In,cV.PS,121.0,5.0,2.95,0.0,2.05,0.0,0.0,0.0,0.0,155.0,118.0,0.0,37.0,0.0,0.0
2020,12,F9,Frontier Airlines I,nAcB.Q,3.0,1.0,0.06,0.0,0.94,0.0,0.0,0.0,0.0,17.0,1.0,0.0,16.0,0.0,0.0
2020,12,F9,Frontier Airlines I,nAcL.B,2.0,0.0,0.0,0.0,0.0,0.0,0.0,0.0,0.0,0.0,0.0,0.0,0.0,0.0,0.0
2020,12,F9,Frontier Airlines I,nAcT.L,215.0,0.0,3.89,0.0,5.14,0.0,0.97,1.0,0.0,410.0,170.0,0.0,178.0,0.0,62.0
2020,12,F9,Frontier Airlines I,nAcU.S,52.0,4.0,2.6,0.0,0.4,0.0,1.0,0.0,0.0,157.0,85.0,0.0,17.0,0.0,55.0
2020,12,F9,Frontier Airlines I,nBcD.L,12.0,0.0,0.0,0.0,0.0,0.0,0.0,0.0,0.0,0.0,0.0,0.0,0.0,0.0,0.0
2020,12,F9,Frontier Airlines I,nBcI.L,8.0,1.0,0.02,0.0,0.58,0.0,0.4,0.0,0.0,48.0,1.0,0.0,28.0,0.0,19.0
2020,12,F9,Frontier Airlines I,nBcI.S,4.0,0.0,0.0,0.0,0.0,0.0,0.0,0.0,0.0,0.0,0.0,0.0,0.0,0.0,0.0
2020,12,F9,Frontier Airlines I,nBcM.I,8.0,0.0,0.0,0.0,0.0,0.0,0.0,0.0,0.0,0.0,0.0,0.0,0.0,0.0,0.0
2020,12,F9,Frontier Airlines I,nBcN.A,49.0,3.0,0.43,0.74,1.77,0.0,0.06,0.0,0.0,125.0,21.0,45.0,56.0,0.0,3.0
2020,12,F9,Frontier Airlines I,nBcO.S,21.0,3.0,0.19,0.0,2.81,0.0,0.0,0.0,0.0,120.0,5.0,0.0,115.0,0.0,0.0
2020,12,F9,Frontier Airlines I,nBcT.V,1.0,1.0,1.0,0.0,0.0,0.0,0.0,0.0,0.0,36.0,36.0,0.0,0.0,0.0,0.0
2020,12,F9,Frontier Airlines I,nBcU.F,39.0,4.0,2.0,0.57,0.88,0.0,0.55,0.0,0.0,330.0,125.0,59.0,90.0,0.0,56.0
2020,12,F9,Frontier Airlines I,nBcW.I,24.0,4.0,9.0,,0.72,0.0,0.89,0.0,0.0,157.0,96.0,0.0,33.0,0.0,28.0
2020,12,F9,Frontier Airlines I,nBcZ.N,9.0,2.0,0.0,0.0,0.69,0.0,1.31,0.0,0.0,111.0,0.0,0.0,11.0,0.0,100.0
2020,12,F9,Frontier Airlines I,nCcH.S,11.0,1.0,0.81,0.0,0.19,0.0,0.0,0.0,0.0,37.0,30.0,0.0,7.0,0.0,0.0
2020,12,F9,Frontier Airlines I,nCcI.D,14.0,2.0,1.41,0.0,0.59,0.0,0.0,0.0,0.0,87.0,66.0,0.0,21.0,0.0,0.0
2020,12,F9,Frontier Airlines I,nCcL.E,258.0,35.0,6.7,0.0,21.48,0.0,6.82,0.0,0.0,1468.0,272.0,0.0,903.0,0.0,293.0
2020,12,F9,Frontier Airlines I,nCcL.T,44.0,3.0,2.45,0.0,0.55,0.0,0.0,0.0,0.0,105.0,93.0,0.0,12.0,0.0,0.0
2020,12,F9,Frontier Airlines I,nCcM.H,14.0,2.0,0.97,0.0,1.03,0.0,0.0,0.0,0.0,99.0,34.0,0.0,65.0,0.0,0.0
2020,12,F9,Frontier Airlines I,nCcO.S,50.0,1.0,0.03,0.0,0.97,0.0,0.0,0.0,0.0,77.0,2.0,0.0,75.0,0.0,0.0
2020,12,F9,Frontier Airlines I,nCcV.G,131.0,7.0,3.11,0.0,2.88,0.0,1.01,0.0,0.0,417.0,292.0,0.0,51.0,0.0,74.0
2020,12,F9,Frontier Airlines I,nDcC.A,64.0,8.0,2.04,0.0,4.43,0.0,1.53,0.0,0.0,190.0,49.0,0.0,81.0,0.0,60.0
2020,12,F9,Frontier Airlines I,nDcE.N,1549.0,193.0,39.8,3.19,109.84,0.0,40.16,4.0,0.0,9752.0,2645.0,354.0,4816.0,0.0,1937.0
2020,12,F9,Frontier Airlines I,nDcF.W,93.0,2.0,6.48,0.0,9.86,0.0,5.66,0.0,0.0,1085.0,560.0,0.0,330.0,0.0,195.0
2020,12,F9,Frontier Airlines I,nDcS.M,11.0,3.0,0.98,0.0,1.68,0.0,0.34,0.0,0.0,80.0,19.0,0.0,49.0,0.0,12.0
2020,12,F9,Frontier Airlines I,nDcT.W,48.0,2.0,1.0,0.0,0.12,0.0,0.88,0.0,0.0,128.0,24.0,0.0,12.0,0.0,92.0
2020,12,F9,Frontier Airlines I,nEcL.P,8.0,2.0,0.06,0.0,1.66,0.0,0.28,0.0,0.0,70.0,3.0,0.0,52.0,0.0,15.0
2020,12,F9,Frontier Airlines I,nEcW.R,70.0,5.0,1.8,0.0,3.2,0.0,0.0,3.0,0.0,234.0,146.0,0.0,88.0,0.0,0.0
2020,12,F9,Frontier Airlines I,nFcA.R,9.0,1.0,0.81,0.0,0.19,0.0,0.0,0.0,0.0,26.0,21.0,0.0,5.0,0.0,0.0
2020,12,F9,Frontier Airlines I,nFcA.T,15.0,2.0,0.32,0.0,1.68,0.0,0.0,0.0,0.0,45.0,6.0,0.0,39.0,0.0,0.0
2020,12,F9,Frontier Airlines I,nFcS.D,11.0,0.0,0.0,0.0,0.0,0.0,0.0,1.0,0.0,0.0,0.0,0.0,0.0,0.0,0.0
2020,12,F9,Frontier Airlines I,nGcE.G,5.0,2.0,1.04,0.0,0.18,0.0,0.78,0.0,0.0,92.0,27.0,0.0,12.0,0.0,53.0
2020,12,F9,Frontier Airlines I,nGcR.B,6.0,0.0,0.0,0.0,0.0,0.0,0.0,0.0,0.0,0.0,0.0,0.0,0.0,0.0,0.0
2020,12,F9,Frontier Airlines I,nGcR.R,21.0,1.0,0.0,0.0,0.0,0.0,1.0,0.0,0.0,22.0,0.0,0.0,0.0,0.0,22.0
2020,12,F9,Frontier Airlines I,nHcR.L,4.0,1.0,0.0,0.0,1.0,0.0,0.0,0.0,0.0,38.0,0.0,0.0,38.0,0.0,0.0
2020,12,F9,Frontier Airlines I,nHcS.V,7.0,0.0,0.0,0.0,0.0,0.0,0.0,0.0,0.0,0.0,0.0,0.0,0.0,0.0,0.0
2020,12,F9,Frontier Airlines I,nIAc.D,6.0,0.0,0.0,0.0,0.0,0.0,0.0,0.0,0.0,0.0,0.0,0.0,0.0,0.0,0.0
2020,12,F9,Frontier Airlines I,nIAc.H,97.0,3.0,6.62,0.38,13.26,0.0,2.74,0.0,0.0,900.0,232.0,45.0,360.0,0.0,263.0
2020,12,F9,Frontier Airlines I,nINc.D,32.0,2.0,0.0,0.0,2.0,0.0,0.0,0.0,0.0,77.0,0.0,0.0,77.0,0.0,0.0
2020,12,F9,Frontier Airlines I,nISc.P,101.0,9.0,2.43,0.0,2.89,0.0,3.68,3.0,0.0,499.0,101.0,0.0,106.0,0.0,292.0
2020,12,F9,Frontier Airlines I,nJcA.X,10.0,0.0,0.0,0.0,0.0,0.0,0.0,0.0,0.0,0.0,0.0,0.0,0.0,0.0,0.0
2020,12,F9,Frontier Airlines I,nLcA.S,672.0,47.0,13.87,0.92,19.19,0.0,13.02,1.0,0.0,2558.0,1041.0,186.0,604.0,0.0,727.0
2020,12,F9,Frontier Airlines I,nLcA.X,133.0,12.0,5.43,0.27,4.77,0.0,1.54,0.0,0.0,585.0,331.0,13.0,142.0,0.0,99.0
2020,12,F9,Frontier Airlines I,nLcG.A,55.0,2.0,1.78,0.0,0.06,0.0,0.16,1.0,0.0,180.0,170.0,0.0,5.0,0.0,5.0
2020,12,F9,Frontier Airlines I,nLcI.T,12.0,1.0,0.0,0.0,0.33,0.0,0.67,0.0,0.0,33.0,0.0,0.0,11.0,0.0,22.0
2020,12,F9,Frontier Airlines I,nMc.CI,15.0,1.0,0.0,0.68,0.32,0.0,0.0,0.0,0.0,59.0,0.0,40.0,19.0,0.0,0.0
2020,12,F9,Frontier Airlines I,nMc.CO,911.0,126.0,33.9,3.09,61.14,0.0,27.88,6.0,0.0,7868.0,3035.0,189.0,2927.0,0.0,1717.0
2020,12,F9,Frontier Airlines I,nMc.DT,5.0,0.0,0.0,0.0,0.0,0.0,0.0,0.0,0.0,0.0,0.0,0.0,0.0,0.0,0.0
2020,12,F9,Frontier Airlines I,nMc.EM,19.0,2.0,1.88,0.0,0.13,0.0,0.0,0.0,0.0,66.0,61.0,0.0,5.0,0.0,0.0
2020,12,F9,Frontier Airlines I,nMc.IA,139.0,17.0,2.61,0.29,10.65,0.0,3.45,3.0,0.0,1087.0,180.0,16.0,604.0,0.0,287.0
2020,12,F9,Frontier Airlines I,nMc.KE,49.0,2.0,0.06,0.0,1.0,0.0,0.94,0.0,0.0,48.0,2.0,0.0,17.0,0.0,29.0
2020,12,F9,Frontier Airlines I,nMc.SN,12.0,1.0,0.6,0.0,0.27,0.0,0.13,0.0,0.0,15.0,9.0,0.0,4.0,0.0,2.0
2020,12,F9,Frontier Airlines I,nMc.SP,39.0,6.0,2.33,0.46,2.02,0.0,1.18,1.0,0.0,216.0,88.0,18.0,56.0,0.0,54.0
2020,12,F9,Frontier Airlines I,nMc.SY,24.0,6.0,1.79,0.0,3.21,0.0,1.0,0.0,0.0,190.0,93.0,0.0,79.0,0.0,18.0
2020,12,F9,Frontier Airlines I,nMc.YR,1.0,0.0,0.0,0.0,0.0,0.0,0.0,0.0,0.0,0.0,0.0,0.0,0.0,0.0,0.0
2020,12,F9,Frontier Airlines I,nOcK.C,17.0,0.0,0.0,0.0,0.0,0.0,0.0,0.0,0.0,0.0,0.0,0.0,0.0,0.0,0.0
2020,12,F9,Frontier Airlines I,nOcM.A,35.0,2.0,0.94,0.32,0.68,0.0,0.06,0.0,0.0,51.0,16.0,11.0,23.0,0.0,1.0
2020,12,F9,Frontier Airlines I,nOcN.T,17.0,0.0,0.0,0.0,0.0,0.0,0.0,0.0,0.0,0.0,0.0,0.0,0.0,0.0,0.0
2020,12,F9,Frontier Airlines I,nOcR.D,103.0,9.0,1.26,0.0,5.86,0.0,1.88,2.0,0.0,590.0,165.0,0.0,202.0,0.0,223.0
2020,12,F9,Frontier Airlines I,nOcR.F,19.0,4.0,1.0,0.0,2.0,0.0,1.0,0.0,0.0,116.0,19.0,0.0,70.0,0.0,27.0
2020,12,F9,Frontier Airlines I,nPcB.I,47.0,8.0,1.0,0.6,5.4,0.0,1.0,2.0,0.0,464.0,55.0,24.0,358.0,0.0,27.0
2020,12,F9,Frontier Airlines I,nPcD.X,51.0,2.0,0.31,0.0,1.69,0.0,0.0,0.0,0.0,46.0,5.0,0.0,41.0,0.0,0.0
2020,12,F9,Frontier Airlines I,nPcH.L,294.0,31.0,8.5,0.0,10.38,0.0,12.11,2.0,0.0,1440.0,394.0,0.0,364.0,0.0,682.0
2020,12,F9,Frontier Airlines I,nPcH.X,236.0,28.0,10.26,1.24,12.46,0.0,4.04,0.0,0.0,1431.0,495.0,22.0,414.0,0.0,500.0
2020,12,F9,Frontier Airlines I,nPcI.T,1.0,0.0,0.0,0.0,0.0,0.0,0.0,0.0,0.0,0.0,0.0,0.0,0.0,0.0,0.0
2020,12,F9,Frontier Airlines I,nPcN.S,23.0,3.0,0.0,0.0,3.0,0.0,0.0,0.0,0.0,57.0,0.0,0.0,57.0,0.0,0.0
2020,12,F9,Frontier Airlines I,nPcS.P,4.0,1.0,0.34,0.0,0.61,0.0,0.05,0.0,0.0,76.0,26.0,0.0,46.0,0.0,4.0
2020,12,F9,Frontier Airlines I,nPcV.D,21.0,1.0,0.0,0.0,0.7,0.0,0.3,1.0,0.0,27.0,0.0,0.0,19.0,0.0,8.0
2020,12,F9,Frontier Airlines I,nPcW.M,19.0,3.0,1.73,0.0,1.27,0.0,0.0,0.0,0.0,71.0,35.0,0.0,36.0,0.0,0.0
2020,12,F9,Frontier Airlines I,nRcD.U,60.0,3.0,2.0,0.0,1.0,0.0,0.0,1.0,0.0,107.0,64.0,0.0,43.0,0.0,0.0
2020,12,F9,Frontier Airlines I,nRcN.O,15.0,0.0,0.0,0.0,0.0,0.0,0.0,0.0,0.0,0.0,0.0,0.0,0.0,0.0,0.0
2020,12,F9,Frontier Airlines I,nRcS.W,171.0,18.0,3.45,0.06,10.7,0.0,3.79,1.0,0.0,817.0,107.0,8.0,438.0,0.0,264.0
2020,12,F9,Frontier Airlines I,nScA.N,107.0,3.0,0.5,0.18,1.82,0.0,0.5,0.0,0.0,137.0,23.0,7.0,77.0,0.0,30.0
2020,12,F9,Frontier Airlines I,nScA.T,43.0,2.0,2.0,0.0,0.0,0.0,0.0,0.0,0.0,51.0,51.0,0.0,0.0,0.0,0.0
2020,12,F9,Frontier Airlines I,nScA.V,3.0,1.0,0.0,0.0,0.0,0.0,1.0,0.0,0.0,54.0,0.0,0.0,0.0,0.0,54.0
2020,12,F9,Frontier Airlines I,nScD.F,8.0,1.0,0.0,0.0,1.0,0.0,0.0,0.0,0.0,25.0,0.0,0.0,25.0,0.0,0.0
2020,12,F9,Frontier Airlines I,nScE.A,45.0,5.0,1.58,0.0,3.38,0.0,0.04,0.0,0.0,133.0,30.0,0.0,102.0,0.0,1.0
2020,12,F9,Frontier Airlines I,nScF.O,72.0,3.0,1.92,0.0,1.06,0.0,0.03,0.0,0.0,181.0,147.0,0.0,32.0,0.0,2.0
2020,12,F9,Frontier Airlines I,nScJ.C,14.0,0.0,0.0,0.0,0.0,0.0,0.0,0.0,0.0,0.0,0.0,0.0,0.0,0.0,0.0
2020,12,F9,Frontier Airlines I,nScJ.U,139.0,15.0,5.22,0.0,8.0,0.0,1.78,1.0,0.0,843.0,264.0,0.0,439.0,0.0,140.0
2020,12,F9,Frontier Airlines I,nScL.C,126.0,14.0,6.9,0.45,3.47,0.0,3.18,0.0,0.0,737.0,520.0,19.0,95.0,0.0,103.0
2020,12,F9,Frontier Airlines I,nScM.F,40.0,2.0,1.0,1.0,0.0,0.0,0.0,0.0,0.0,49.0,24.0,25.0,0.0,0.0,0.0
2020,12,F9,Frontier Airlines I,nScN.A,30.0,1.0,0.46,0.0,0.54,0.0,0.0,0.0,0.0,37.0,17.0,0.0,20.0,0.0,0.0
2020,12,F9,Frontier Airlines I,nScR.Q,4.0,0.0,0.0,0.0,0.0,0.0,0.0,0.0,0.0,0.0,0.0,0.0,0.0,0.0,0.0
2020,12,F9,Frontier Airlines I,nScT.L,60.0,3.0,1.1,0.0,1.0,0.0,0.9,0.0,0.0,272.0,60.0,0.0,18.0,0.0,194.0
2020,12,F9,Frontier Airlines I,nScY.R,28.0,3.0,1.0,0.0,0.0,0.0,2.0,0.0,0.0,161.0,43.0,0.0,0.0,0.0,118.0
2020,12,F9,Frontier Airlines I,nTcP.A,133.0,12.0,1.35,0.53,8.15,0.0,1.98,0.0,0.0,443.0,35.0,30.0,211.0,0.0,167.0
2020,12,F9,Frontier Airlines I,nTcT.N,85.0,10.0,0.74,0.0,6.4,0.0,2.86,1.0,1.0,934.0,320.0,0.0,150.0,0.0,464.0
2020,12,F9,Frontier Airlines I,nTcU.L,7.0,0.0,0.0,0.0,0.0,0.0,0.0,0.0,0.0,0.0,0.0,0.0,0.0,0.0,0.0
2020,12,F9,Frontier Airlines I,nTcU.S,5.0,0.0,0.0,0.0,0.0,0.0,0.0,0.0,0.0,0.0,0.0,0.0,0.0,0.0,0.0
2020,12,F9,Frontier Airlines I,nTcY.S,9.0,0.0,0.0,0.0,0.0,0.0,0.0,0.0,0.0,0.0,0.0,0.0,0.0,0.0,0.0
2020,12,F9,Frontier Airlines I,nXcN.A,7.0,1.0,1.0,0.0,0.0,0.0,0.0,1.0,0.0,31.0,31.0,0.0,0.0,0.0,0.0
2020,12,G4,Allegiant Air,ABE,72.0,9.0,1.0,0.72,1.05,0.0,6.23,0.0,1.0,977.0,187.0,18.0,623.0,0.0,149.0
2020,12,G4,Allegiant Air,ABQ,12.0,3.0,1.08,0.0,0.02,0.0,1.91,1.0,0.0,244.0,87.0,0.0,1.0,0.0,156.0
2020,12,G4,Allegiant Air,ALB,18.0,3.0,1.76,0.0,1.24,0.0,0.0,0.0,0.0,352.0,308.0,0.0,44.0,0.0,0.0
2020,12,G4,Allegiant Air,ATW,61.0,5.0,2.73,0.0,1.27,0.0,1.0,0.0,0.0,234.0,177.0,0.0,27.0,0.0,30.0
2020,12,G4,Allegiant Air,AUS,39.0,8.0,3.7,0.8,2.71,0.0,0.79,0.0,0.0,694.0,280.0,43.0,337.0,0.0,34.0
2020,12,G4,Allegiant Air,AVL,139.0,36.0,14.55,3.0,8.18,0.0,10.27,3.0,1.0,2499.0,837.0,263.0,635.0,0.0,764.0
2020,12,G4,Allegiant Air,AZA,447.0,76.0,18.48,8.19,20.59,0.92,27.82,5.0,0.0,6902.0,2295.0,875.0,1044.0,63.0,2625.0
2020,12,G4,Allegiant Air,BGR,25.0,1.0,0.0,1.0,0.0,0.0,0.0,0.0,0.0,29.0,0.0,29.0,0.0,0.0,0.0
2020,12,G4,Allegiant Air,BIL,26.0,2.0,1.0,0.0,1.0,0.0,0.0,1.0,0.0,506.0,434.0,0.0,72.0,0.0,0.0
2020,12,G4,Allegiant Air,BIS,35.0,3.0,0.73,0.0,2.21,0.0,0.06,0.0,0.0,89.0,30.0,0.0,56.0,0.0,3.0
2020,12,G4,Allegiant Air,BLI,49.0,4.0,1.0,0.0,1.06,0.0,1.94,4.0,0.0,367.0,84.0,0.0,32.0,0.0,251.0
2020,12,G4,Allegiant Air,BLV,72.0,7.0,3.45,0.0,3.19,0.0,0.36,0.0,0.0,175.0,84.0,0.0,85.0,0.0,6.0
2020,12,G4,Allegiant Air,BMI,22.0,2.0,1.0,0.0,1.0,0.0,0.0,0.0,0.0,175.0,73.0,0.0,102.0,0.0,0.0
2020,12,G4,Allegiant Air,BNA,101.0,29.0,3.79,0.03,7.84,0.0,17.34,0.0,0.0,1811.0,246.0,3.0,271.0,0.0,1291.0
2020,12,G4,Allegiant Air,BOI,39.0,7.0,2.08,0.0,3.77,0.0,1.16,9.0,0.0,1025.0,377.0,0.0,607.0,0.0,41.0
2020,12,G4,Allegiant Air,BOS,17.0,1.0,0.0,0.0,1.0,0.0,0.0,3.0,0.0,87.0,0.0,0.0,87.0,0.0,0.0
2020,12,G4,Allegiant Air,BWI,26.0,8.0,8.0,,6.06,0.0,0.76,0.0,0.0,1060.0,31.0,0.0,980.0,0.0,49.0
2020,12,G4,Allegiant Air,BZN,25.0,5.0,0.55,0.0,3.4,0.0,1.05,0.0,0.0,117.0,11.0,0.0,77.0,0.0,29.0
2020,12,G4,Allegiant Air,CHA,21.0,4.0,0.0,0.0,0.0,0.0,4.0,0.0,0.0,510.0,0.0,0.0,0.0,0.0,510.0
2020,12,G4,Allegiant Air,CHS,24.0,6.0,2.59,0.0,1.41,0.0,2.0,0.0,0.0,225.0,134.0,0.0,26.0,0.0,65.0
2020,12,G4,Allegiant Air,CID,69.0,2.0,1.0,0.0,0.08,0.0,0.92,1.0,0.0,148.0,48.0,0.0,8.0,0.0,92.0
2020,12,G4,Allegiant Air,CKB,11.0,0.0,0.0,0.0,0.0,0.0,0.0,0.0,0.0,0.0,0.0,0.0,0.0,0.0,0.0
2020,12,G4,Allegiant Air,CLE,27.0,3.0,0.0,0.0,0.39,0.0,2.61,0.0,0.0,181.0,0.0,0.0,18.0,0.0,163.0
2020,12,G4,Allegiant Air,CVG,271.0,9.0,14.91,2.68,15.82,0.0,25.59,0.0,1.0,3910.0,1419.0,114.0,784.0,0.0,1593.0
2020,12,G4,Allegiant Air,DAY,17.0,1.0,0.0,0.0,0.0,0.0,1.0,0.0,0.0,137.0,0.0,0.0,0.0,0.0,137.0
2020,12,G4,Allegiant Air,DEN,8.0,3.0,0.11,0.0,2.16,0.0,0.74,4.0,0.0,84.0,2.0,0.0,54.0,0.0,28.0
2020,12,G4,Allegiant Air,DSM,71.0,7.0,1.31,0.0,2.63,0.0,3.06,0.0,0.0,491.0,35.0,0.0,307.0,0.0,149.0
2020,12,G4,Allegiant Air,ELM,26.0,3.0,1.96,0.0,0.11,0.0,0.93,0.0,0.0,190.0,158.0,0.0,5.0,0.0,27.0
2020,12,G4,Allegiant Air,ELP,10.0,0.0,0.0,0.0,0.0,0.0,0.0,0.0,0.0,0.0,0.0,0.0,0.0,0.0,0.0
2020,12,G4,Allegiant Air,EUG,45.0,8.0,3.0,0.0,5.0,0.0,0.0,6.0,0.0,1806.0,296.0,0.0,1510.0,0.0,0.0
2020,12,G4,Allegiant Air,EWR,32.0,0.0,0.0,0.0,0.0,0.0,0.0,3.0,0.0,0.0,0.0,0.0,0.0,0.0,0.0
2020,12,G4,Allegiant Air,FAR,40.0,8.0,1.55,1.85,3.6,0.0,1.0,0.0,0.0,447.0,34.0,91.0,307.0,0.0,15.0
2020,12,G4,Allegiant Air,FAT,25.0,1.0,1.0,0.0,0.0,0.0,0.0,1.0,0.0,88.0,88.0,0.0,0.0,0.0,0.0
2020,12,G4,Allegiant Air,FCA,18.0,1.0,0.0,0.0,0.0,0.0,1.0,0.0,0.0,15.0,0.0,0.0,0.0,0.0,15.0
2020,12,G4,Allegiant Air,FLL,199.0,6.0,11.35,0.98,21.87,0.0,21.79,1.0,0.0,2500.0,408.0,191.0,750.0,0.0,1151.0
2020,12,G4,Allegiant Air,FNT,60.0,7.0,3.98,0.0,3.0,0.0,0.03,1.0,0.0,488.0,337.0,0.0,150.0,0.0,1.0
2020,12,G4,Allegiant Air,FSD,51.0,3.0,1.0,0.0,2.0,0.0,0.0,1.0,0.0,142.0,105.0,0.0,37.0,0.0,0.0
2020,12,G4,Allegiant Air,FWA,50.0,3.0,0.0,0.0,1.12,0.0,1.88,0.0,0.0,168.0,0.0,0.0,48.0,0.0,120.0
2020,12,G4,Allegiant Air,GFK,10.0,2.0,0.7,0.0,1.3,0.0,0.0,0.0,0.0,95.0,53.0,0.0,42.0,0.0,0.0
2020,12,G4,Allegiant Air,GJT,17.0,4.0,1.98,0.0,1.02,0.0,1.0,0.0,0.0,306.0,260.0,0.0,30.0,0.0,16.0
2020,12,G4,Allegiant Air,GPT,9.0,2.0,1.0,0.0,0.0,0.0,1.0,0.0,0.0,51.0,36.0,0.0,0.0,0.0,15.0
2020,12,G4,Allegiant Air,GRI,21.0,1.0,0.23,0.0,0.0,0.0,0.77,3.0,0.0,1551.0,359.0,0.0,0.0,0.0,1192.0
2020,12,G4,Allegiant Air,GRR,127.0,24.0,2.69,0.06,4.18,0.0,17.06,0.0,0.0,1443.0,274.0,4.0,166.0,0.0,999.0
2020,12,G4,Allegiant Air,GSO,21.0,2.0,1.0,0.0,0.0,0.0,1.0,0.0,0.0,244.0,139.0,0.0,0.0,0.0,105.0
2020,12,G4,Allegiant Air,GSP,30.0,4.0,0.06,0.0,0.88,0.0,3.06,0.0,0.0,116.0,1.0,0.0,22.0,0.0,93.0
2020,12,G4,Allegiant Air,GTF,18.0,3.0,0.68,0.0,1.81,0.0,0.51,1.0,1.0,161.0,84.0,0.0,34.0,0.0,43.0
2020,12,G4,Allegiant Air,HGR,14.0,1.0,0.0,1.0,0.0,0.0,0.0,0.0,0.0,20.0,0.0,20.0,0.0,0.0,0.0
2020,12,G4,Allegiant Air,HOU,34.0,9.0,2.4,2.0,2.99,0.0,1.61,6.0,0.0,520.0,64.0,138.0,90.0,0.0,228.0
2020,12,G4,Allegiant Air,HTS,37.0,1.0,0.0,0.0,0.0,0.0,1.0,0.0,1.0,19.0,0.0,0.0,0.0,0.0,19.0
2020,12,G4,Allegiant Air,IAG,27.0,1.0,1.0,0.0,0.0,0.0,0.0,1.0,0.0,362.0,362.0,0.0,0.0,0.0,0.0
2020,12,G4,Allegiant Air,ICT,20.0,3.0,1.75,0.0,0.0,0.0,1.25,0.0,0.0,243.0,87.0,0.0,0.0,0.0,156.0
2020,12,G4,Allegiant Air,IDA,21.0,5.0,1.27,0.0,1.84,0.0,1.89,0.0,0.0,246.0,44.0,0.0,59.0,0.0,143.0
2020,12,G4,Allegiant Air,IND,93.0,13.0,3.88,0.0,1.45,0.0,7.68,0.0,0.0,888.0,126.0,0.0,54.0,0.0,708.0
2020,12,G4,Allegiant Air,JAX,20.0,2.0,0.05,0.0,1.95,0.0,0.0,0.0,0.0,55.0,2.0,0.0,53.0,0.0,0.0
2020,12,G4,Allegiant Air,LAS,549.0,63.0,22.77,6.75,12.77,0.28,20.44,16.0,0.0,4382.0,1788.0,204.0,1166.0,5.0,1219.0
2020,12,G4,Allegiant Air,LAX,90.0,13.0,2.2,0.0,6.05,0.0,4.75,7.0,1.0,1842.0,1092.0,0.0,264.0,0.0,486.0
2020,12,G4,Allegiant Air,LCK,74.0,15.0,4.25,0.0,7.7,0.0,3.05,0.0,0.0,1791.0,427.0,0.0,1089.0,0.0,275.0
2020,12,G4,Allegiant Air,LEX,54.0,4.0,1.66,0.0,1.04,0.0,1.3,0.0,0.0,412.0,176.0,0.0,28.0,0.0,208.0
2020,12,G4,Allegiant Air,LIT,10.0,0.0,0.0,0.0,0.0,0.0,0.0,0.0,0.0,0.0,0.0,0.0,0.0,0.0,0.0
2020,12,G4,Allegiant Air,LRD,8.0,1.0,0.81,0.0,0.19,0.0,0.0,0.0,0.0,16.0,13.0,0.0,3.0,0.0,0.0
2020,12,G4,Allegiant Air,MCI,15.0,3.0,3.0,0.0,0.0,0.0,0.0,0.0,0.0,85.0,85.0,0.0,0.0,0.0,0.0
2020,12,G4,Allegiant Air,MDT,48.0,4.0,1.0,0.97,1.16,0.0,0.87,0.0,0.0,421.0,50.0,185.0,146.0,0.0,40.0
2020,12,G4,Allegiant Air,MDW,18.0,4.0,1.0,0.0,1.1,0.0,1.9,1.0,0.0,431.0,137.0,0.0,45.0,0.0,249.0
2020,12,G4,Allegiant Air,MEM,66.0,5.0,0.1,0.0,2.01,0.0,2.88,3.0,0.0,696.0,8.0,0.0,541.0,0.0,147.0
2020,12,G4,Allegiant Air,MFE,35.0,2.0,0.0,0.0,1.67,0.0,0.33,0.0,1.0,41.0,0.0,0.0,34.0,0.0,7.0
2020,12,G4,Allegiant Air,MFR,22.0,0.0,0.0,0.0,0.0,0.0,0.0,1.0,1.0,0.0,0.0,0.0,0.0,0.0,0.0
2020,12,G4,Allegiant Air,MLI,43.0,5.0,2.15,0.0,1.11,0.0,1.74,1.0,0.0,240.0,133.0,0.0,39.0,0.0,68.0
2020,12,G4,Allegiant Air,MOT,20.0,2.0,1.0,0.0,1.0,0.0,0.0,0.0,0.0,36.0,21.0,0.0,15.0,0.0,0.0
2020,12,G4,Allegiant Air,MRY,9.0,0.0,0.0,0.0,0.0,0.0,0.0,0.0,0.0,0.0,0.0,0.0,0.0,0.0,0.0
2020,12,G4,Allegiant Air,MSO,17.0,4.0,1.85,0.0,2.15,0.0,0.0,0.0,1.0,105.0,51.0,0.0,54.0,0.0,0.0
2020,12,G4,Allegiant Air,MSY,16.0,1.0,0.0,0.0,0.0,0.0,1.0,0.0,0.0,23.0,0.0,0.0,0.0,0.0,23.0
2020,12,G4,Allegiant Air,OAK,36.0,5.0,1.82,1.0,0.3,0.0,1.89,1.0,0.0,314.0,117.0,18.0,10.0,0.0,169.0
2020,12,G4,Allegiant Air,OGD,7.0,1.0,1.0,0.0,0.0,0.0,0.0,0.0,0.0,159.0,159.0,0.0,0.0,0.0,0.0
2020,12,G4,Allegiant Air,OKC,9.0,1.0,0.0,0.0,1.0,0.0,0.0,0.0,0.0,21.0,0.0,0.0,21.0,0.0,0.0
2020,12,G4,Allegiant Air,OMA,30.0,3.0,2.69,0.0,0.31,0.0,0.0,0.0,0.0,146.0,128.0,0.0,18.0,0.0,0.0
2020,12,G4,Allegiant Air,ORF,32.0,5.0,0.08,0.0,2.63,0.0,2.29,1.0,0.0,133.0,2.0,0.0,75.0,0.0,56.0
2020,12,G4,Allegiant Air,OWB,9.0,0.0,0.0,0.0,0.0,0.0,0.0,0.0,0.0,0.0,0.0,0.0,0.0,0.0,0.0
2020,12,G4,Allegiant Air,PBG,18.0,2.0,1.03,0.0,0.1,0.0,0.86,4.0,0.0,49.0,21.0,0.0,3.0,0.0,25.0
2020,12,G4,Allegiant Air,PBI,37.0,8.0,2.95,0.48,3.09,0.0,1.48,0.0,0.0,532.0,333.0,21.0,88.0,0.0,90.0
2020,12,G4,Allegiant Air,PGD,517.0,88.0,22.55,2.09,35.91,0.03,27.43,8.0,2.0,5990.0,2040.0,185.0,1341.0,11.0,2413.0
2020,12,G4,Allegiant Air,PIA,59.0,0.0,3.29,0.0,3.06,0.0,3.65,0.0,0.0,553.0,247.0,0.0,61.0,0.0,245.0
2020,12,G4,Allegiant Air,PIE,593.0,5.0,25.4,3.99,31.78,0.0,33.83,8.0,4.0,7363.0,2941.0,589.0,1473.0,0.0,2360.0
2020,12,G4,Allegiant Air,PIT,75.0,11.0,3.0,0.0,0.48,0.0,7.52,1.0,0.0,608.0,87.0,0.0,19.0,0.0,502.0
2020,12,G4,Allegiant Air,PSC,21.0,1.0,0.0,1.0,0.0,0.0,0.0,0.0,0.0,65.0,0.0,65.0,0.0,0.0,0.0
2020,12,G4,Allegiant Air,PSM,23.0,3.0,1.0,1.0,1.0,0.0,0.0,0.0,0.0,77.0,32.0,25.0,20.0,0.0,0.0
2020,12,G4,Allegiant Air,PSP,23.0,1.0,0.0,0.0,0.0,0.0,1.0,11.0,0.0,41.0,0.0,0.0,0.0,0.0,41.0
2020,12,G4,Allegiant Air,PVD,10.0,0.0,0.0,0.0,0.0,0.0,0.0,0.0,0.0,0.0,0.0,0.0,0.0,0.0,0.0
2020,12,G4,Allegiant Air,PVU,52.0,13.0,3.31,1.0,6.01,0.0,2.68,4.0,0.0,1539.0,192.0,338.0,933.0,0.0,76.0
2020,12,G4,Allegiant Air,RAP,23.0,2.0,1.22,0.0,0.78,0.0,0.0,0.0,0.0,54.0,40.0,0.0,14.0,0.0,0.0
2020,12,G4,Allegiant Air,RDM,8.0,1.0,1.0,0.0,0.0,0.0,0.0,2.0,0.0,32.0,32.0,0.0,0.0,0.0,0.0
2020,12,G4,Allegiant Air,RDU,19.0,1.0,0.0,0.0,0.72,0.0,0.28,3.0,0.0,68.0,0.0,0.0,49.0,0.0,19.0
2020,12,G4,Allegiant Air,RFD,66.0,7.0,1.32,0.0,2.96,0.0,2.73,0.0,0.0,589.0,125.0,0.0,298.0,0.0,166.0
2020,12,G4,Allegiant Air,RIC,26.0,4.0,1.68,0.0,0.2,0.0,2.12,0.0,0.0,218.0,112.0,0.0,8.0,0.0,98.0
2020,12,G4,Allegiant Air,RNO,22.0,1.0,1.0,0.0,0.0,0.0,0.0,1.0,0.0,74.0,74.0,0.0,0.0,0.0,0.0
2020,12,G4,Allegiant Air,ROA,21.0,2.0,1.9,0.0,0.07,0.0,0.03,0.0,0.0,59.0,56.0,0.0,2.0,0.0,1.0
2020,12,G4,Allegiant Air,ROC,6.0,1.0,1.0,0.0,0.0,0.0,0.0,0.0,0.0,171.0,171.0,0.0,0.0,0.0,0.0
2020,12,G4,Allegiant Air,SAV,59.0,0.0,2.57,0.0,1.42,0.0,6.01,1.0,0.0,679.0,165.0,0.0,110.0,0.0,404.0
2020,12,G4,Allegiant Air,SBN,66.0,5.0,2.96,0.0,2.04,0.0,0.0,2.0,0.0,640.0,564.0,0.0,76.0,0.0,0.0
2020,12,G4,Allegiant Air,SCE,15.0,1.0,0.97,0.0,0.03,0.0,0.0,0.0,0.0,180.0,174.0,0.0,6.0,0.0,0.0
2020,12,G4,Allegiant Air,SCK,33.0,2.0,0.96,0.0,0.04,0.0,1.0,2.0,1.0,156.0,108.0,0.0,4.0,0.0,44.0
2020,12,G4,Allegiant Air,SDF,52.0,6.0,1.86,0.0,2.07,0.0,2.06,0.0,0.0,203.0,58.0,0.0,60.0,0.0,85.0
2020,12,G4,Allegiant Air,SFB,700.0,80.0,23.23,4.83,28.11,0.0,23.83,9.0,1.0,6930.0,3396.0,444.0,1140.0,0.0,1950.0
2020,12,G4,Allegiant Air,SGF,53.0,3.0,1.0,0.0,1.0,0.0,1.0,0.0,0.0,190.0,74.0,0.0,24.0,0.0,92.0
2020,12,G4,Allegiant Air,SHV,9.0,0.0,0.0,0.0,0.0,0.0,0.0,0.0,0.0,0.0,0.0,0.0,0.0,0.0,0.0
2020,12,G4,Allegiant Air,SMX,21.0,4.0,2.0,0.0,0.05,0.0,1.95,1.0,0.0,357.0,261.0,0.0,3.0,0.0,93.0
2020,12,G4,Allegiant Air,SPI,11.0,1.0,0.82,0.0,0.0,0.0,0.18,0.0,0.0,33.0,27.0,0.0,0.0,0.0,6.0
2020,12,G4,Allegiant Air,SRQ,205.0,3.0,5.35,2.56,17.94,0.0,17.15,4.0,0.0,2068.0,218.0,72.0,577.0,0.0,1201.0
2020,12,G4,Allegiant Air,STC,13.0,2.0,1.0,0.0,1.0,0.0,0.0,0.0,0.0,35.0,15.0,0.0,20.0,0.0,0.0
2020,12,G4,Allegiant Air,SWF,26.0,0.0,0.0,0.0,0.0,0.0,0.0,0.0,0.0,0.0,0.0,0.0,0.0,0.0,0.0
2020,12,G4,Allegiant Air,SYR,51.0,8.0,1.62,0.0,6.0,0.0,0.38,0.0,0.0,342.0,50.0,0.0,284.0,0.0,8.0
2020,12,G4,Allegiant Air,TOL,36.0,3.0,2.0,0.0,0.0,0.0,1.0,0.0,0.0,81.0,62.0,0.0,0.0,0.0,19.0
2020,12,G4,Allegiant Air,TRI,10.0,1.0,0.85,0.0,0.0,0.0,0.15,0.0,0.0,47.0,40.0,0.0,0.0,0.0,7.0
2020,12,G4,Allegiant Air,TUL,39.0,2.0,1.29,0.0,0.71,0.0,0.0,0.0,0.0,37.0,26.0,0.0,11.0,0.0,0.0
2020,12,G4,Allegiant Air,TVC,21.0,2.0,0.69,0.0,1.31,0.0,0.0,0.0,1.0,45.0,11.0,0.0,34.0,0.0,0.0
2020,12,G4,Allegiant Air,TYS,109.0,29.0,8.21,0.56,6.0,0.0,14.23,1.0,1.0,2039.0,688.0,17.0,361.0,0.0,973.0
2020,12,G4,Allegiant Air,USA,81.0,16.0,3.15,0.0,7.29,0.0,5.56,0.0,0.0,1055.0,71.0,0.0,751.0,0.0,233.0
2020,12,G4,Allegiant Air,VPS,62.0,9.0,2.19,0.0,3.31,0.0,3.51,3.0,0.0,494.0,131.0,0.0,62.0,0.0,301.0
2020,12,G4,Allegiant Air,XNA,31.0,3.0,1.0,0.0,0.1,0.0,1.9,1.0,1.0,144.0,27.0,0.0,5.0,0.0,112.0
2020,12,HA,Hawaiian Airlines,BInOcS.,4.0,1.0,1.0,0.0,0.0,0.0,0.0,0.0,0.0,18.0,18.0,0.0,0.0,0.0,0.0
2020,12,HA,Hawaiian Airlines,HInNcL.,1398.0,82.0,56.63,2.26,0.42,0.0,22.68,19.0,1.0,6117.0,3849.0,1448.0,11.0,0.0,809.0
2020,12,HA,Hawaiian Airlines,IITnOc.,235.0,11.0,8.97,0.13,0.96,0.0,0.94,3.0,1.0,241.0,186.0,2.0,27.0,0.0,26.0
2020,12,HA,Hawaiian Airlines,JInFcK.,8.0,3.0,3.0,0.0,0.0,0.0,0.0,0.0,0.0,164.0,164.0,0.0,0.0,0.0,0.0
2020,12,HA,Hawaiian Airlines,KInOcA.,279.0,8.0,12.48,1.41,0.0,0.0,4.11,6.0,0.0,472.0,314.0,35.0,0.0,0.0,123.0
2020,12,HA,Hawaiian Airlines,LInAcS.,38.0,1.0,1.0,0.0,0.0,0.0,0.0,0.0,0.0,32.0,32.0,0.0,0.0,0.0,0.0
2020,12,HA,Hawaiian Airlines,LInAcX.,82.0,15.0,14.0,0.0,0.0,0.0,1.0,0.0,0.0,582.0,547.0,0.0,0.0,0.0,35.0
2020,12,HA,Hawaiian Airlines,LInGcB.,17.0,2.0,2.0,0.0,0.0,0.0,0.0,0.0,0.0,77.0,77.0,0.0,0.0,0.0,0.0
2020,12,HA,Hawaiian Airlines,LInIHc.,181.0,5.0,4.24,0.0,0.0,0.0,0.76,21.0,0.0,91.0,78.0,0.0,0.0,0.0,13.0
2020,12,HA,Hawaiian Airlines,OInAcK.,55.0,4.0,4.0,0.0,0.0,0.0,0.0,0.0,0.0,85.0,85.0,0.0,0.0,0.0,0.0
2020,12,HA,Hawaiian Airlines,OInGc.G,547.0,24.0,21.91,0.54,0.16,0.0,1.38,7.0,1.0,921.0,868.0,19.0,5.0,0.0,29.0
2020,12,HA,Hawaiian Airlines,PInDcX.,43.0,4.0,4.0,0.0,0.0,0.0,0.0,0.0,0.0,243.0,243.0,0.0,0.0,0.0,0.0
2020,12,HA,Hawaiian Airlines,PInHcX.,22.0,2.0,2.0,0.0,0.0,0.0,0.0,0.0,1.0,144.0,144.0,0.0,0.0,0.0,0.0
2020,12,HA,Hawaiian Airlines,SInAcN.,40.0,12.0,12.0,0.0,0.0,0.0,0.0,0.0,0.0,608.0,608.0,0.0,0.0,0.0,0.0
2020,12,HA,Hawaiian Airlines,SInEcA.,54.0,9.0,9.0,0.0,0.0,0.0,0.0,0.0,0.0,274.0,274.0,0.0,0.0,0.0,0.0
2020,12,HA,Hawaiian Airlines,SInFcO.,39.0,9.0,9.0,0.0,0.0,0.0,0.0,0.0,0.0,433.0,433.0,0.0,0.0,0.0,0.0
2020,12,HA,Hawaiian Airlines,SInJcC.,46.0,3.0,3.0,0.0,0.0,0.0,0.0,0.0,0.0,64.0,64.0,0.0,0.0,0.0,0.0
2020,12,HA,Hawaiian Airlines,SInMc.F,51.0,14.0,14.0,0.0,0.0,0.0,0.0,0.0,0.0,298.0,298.0,0.0,0.0,0.0,0.0
2020,12,MQ,Envoy Air,ABE,25.0,0.0,0.0,0.0,0.0,0.0,0.0,1.0,0.0,0.0,0.0,0.0,0.0,0.0,0.0
2020,12,MQ,Envoy Air,ABI,133.0,10.0,3.8,0.06,2.72,0.0,3.41,4.0,0.0,803.0,236.0,2.0,330.0,0.0,235.0
2020,12,MQ,Envoy Air,ABQ,115.0,1.0,2.44,0.41,4.95,0.0,3.2,5.0,1.0,353.0,105.0,11.0,114.0,0.0,123.0
2020,12,MQ,Envoy Air,ACT,91.0,8.0,3.2,0.27,2.1,0.0,2.44,1.0,0.0,521.0,229.0,16.0,75.0,0.0,201.0
2020,12,MQ,Envoy Air,AEX,105.0,14.0,2.89,0.0,9.67,0.0,1.44,1.0,0.0,713.0,236.0,0.0,440.0,0.0,37.0
2020,12,MQ,Envoy Air,AGS,59.0,11.0,3.08,0.18,5.85,0.0,1.88,1.0,0.0,323.0,100.0,9.0,172.0,0.0,42.0
2020,12,MQ,Envoy Air,ALO,28.0,2.0,0.53,0.0,1.47,0.0,0.0,0.0,0.0,92.0,35.0,0.0,57.0,0.0,0.0
2020,12,MQ,Envoy Air,AMA,54.0,8.0,2.07,0.5,3.22,0.0,2.21,0.0,0.0,457.0,99.0,13.0,289.0,0.0,56.0
2020,12,MQ,Envoy Air,ATW,52.0,4.0,1.0,0.45,2.55,0.0,0.0,1.0,0.0,93.0,33.0,9.0,51.0,0.0,0.0
2020,12,MQ,Envoy Air,AUS,12.0,2.0,0.0,0.0,2.0,0.0,0.0,0.0,0.0,61.0,0.0,0.0,61.0,0.0,0.0
2020,12,MQ,Envoy Air,AVP,28.0,5.0,0.0,0.86,2.92,0.0,1.23,1.0,0.0,155.0,0.0,42.0,78.0,0.0,35.0
2020,12,MQ,Envoy Air,BDL,15.0,4.0,0.22,0.56,0.93,0.0,2.29,0.0,0.0,303.0,15.0,58.0,26.0,0.0,204.0
2020,12,MQ,Envoy Air,BHM,85.0,1.0,4.66,0.0,5.68,0.0,0.66,0.0,2.0,538.0,256.0,0.0,210.0,0.0,72.0
2020,12,MQ,Envoy Air,BMI,25.0,2.0,83.0,0.07,1.11,0.0,0.0,0.0,0.0,38.0,19.0,1.0,18.0,0.0,0.0
2020,12,MQ,Envoy Air,BNA,5.0,0.0,0.0,0.0,0.0,0.0,0.0,0.0,0.0,0.0,0.0,0.0,0.0,0.0,0.0
2020,12,MQ,Envoy Air,BOI,30.0,3.0,1.47,0.0,1.53,0.0,0.0,0.0,0.0,63.0,29.0,0.0,34.0,0.0,0.0
2020,12,MQ,Envoy Air,BPT,77.0,11.0,3.54,1.0,3.64,0.0,2.83,0.0,0.0,401.0,120.0,40.0,146.0,0.0,95.0
2020,12,MQ,Envoy Air,BRO,100.0,4.0,4.1,0.94,4.87,0.0,4.08,0.0,0.0,730.0,241.0,24.0,342.0,0.0,123.0
2020,12,MQ,Envoy Air,BTR,134.0,3.0,4.31,1.17,11.37,0.0,6.15,0.0,0.0,1000.0,158.0,40.0,519.0,0.0,283.0
2020,12,MQ,Envoy Air,BUF,33.0,10.0,5.37,0.0,3.63,1.0,0.0,2.0,0.0,329.0,235.0,0.0,79.0,15.0,0.0
2020,12,MQ,Envoy Air,BWI,23.0,1.0,1.0,,0.0,0.0,0.0,0.0,0.0,34.0,34.0,0.0,0.0,0.0,0.0
2020,12,MQ,Envoy Air,BZN,56.0,6.0,2.44,0.0,2.56,0.0,1.0,0.0,0.0,213.0,107.0,0.0,51.0,0.0,55.0
2020,12,MQ,Envoy Air,CAE,59.0,9.0,3.15,0.0,1.99,0.0,3.86,0.0,0.0,420.0,103.0,0.0,90.0,0.0,227.0
2020,12,MQ,Envoy Air,CHA,59.0,6.0,1.71,0.86,1.84,0.0,1.59,1.0,0.0,162.0,42.0,27.0,56.0,0.0,37.0
2020,12,MQ,Envoy Air,CHS,31.0,4.0,0.82,0.0,1.66,0.0,1.52,0.0,1.0,169.0,38.0,0.0,44.0,0.0,87.0
2020,12,MQ,Envoy Air,CID,79.0,10.0,2.67,0.53,6.23,0.0,0.56,1.0,0.0,314.0,75.0,8.0,188.0,0.0,43.0
2020,12,MQ,Envoy Air,CLE,55.0,11.0,1.44,0.08,6.86,0.0,2.63,0.0,0.0,884.0,140.0,12.0,264.0,0.0,468.0
2020,12,MQ,Envoy Air,CLL,80.0,12.0,0.3,1.08,6.56,0.0,4.06,0.0,0.0,1051.0,12.0,625.0,169.0,0.0,245.0
2020,12,MQ,Envoy Air,CMH,132.0,7.0,7.77,0.69,6.25,0.0,2.28,0.0,1.0,1088.0,572.0,40.0,358.0,0.0,118.0
2020,12,MQ,Envoy Air,CMI,88.0,0.0,3.53,0.16,3.88,0.0,2.43,0.0,0.0,473.0,119.0,9.0,109.0,0.0,236.0
2020,12,MQ,Envoy Air,COS,25.0,1.0,0.0,0.0,1.0,0.0,0.0,0.0,0.0,20.0,0.0,0.0,20.0,0.0,0.0
2020,12,MQ,Envoy Air,COU,59.0,5.0,0.0,0.08,3.5,0.0,1.42,0.0,0.0,392.0,0.0,10.0,172.0,0.0,210.0
2020,12,MQ,Envoy Air,CRP,174.0,23.0,4.06,0.88,8.26,0.0,9.8,2.0,0.0,791.0,203.0,29.0,227.0,0.0,332.0
2020,12,MQ,Envoy Air,CVG,212.0,5.0,5.16,1.91,13.23,0.0,4.69,1.0,0.0,1169.0,150.0,46.0,493.0,0.0,480.0
2020,12,MQ,Envoy Air,DAY,86.0,12.0,3.47,0.65,6.41,0.0,1.47,0.0,0.0,475.0,132.0,34.0,248.0,0.0,61.0
2020,12,MQ,Envoy Air,DCA,14.0,1.0,0.01,0.0,0.0,0.0,0.99,0.0,0.0,169.0,2.0,0.0,0.0,0.0,167.0
2020,12,MQ,Envoy Air,DFW,6103.0,9.0,172.87,43.91,761.79,6.28,244.16,75.0,10.0,62438.0,12254.0,4917.0,26876.0,208.0,18183.0
2020,12,MQ,Envoy Air,DSM,83.0,5.0,2.91,0.9,0.2,0.0,1.0,1.0,0.0,242.0,97.0,103.0,14.0,0.0,28.0
2020,12,MQ,Envoy Air,DTW,4.0,1.0,0.0,0.0,1.0,0.0,0.0,0.0,0.0,20.0,0.0,0.0,20.0,0.0,0.0
2020,12,MQ,Envoy Air,ELP,56.0,3.0,0.68,0.03,1.32,0.0,0.97,0.0,0.0,128.0,19.0,2.0,37.0,0.0,70.0
2020,12,MQ,Envoy Air,EVV,59.0,7.0,0.86,0.08,4.98,0.0,1.08,0.0,0.0,250.0,18.0,7.0,142.0,0.0,83.0
2020,12,MQ,Envoy Air,EWR,14.0,2.0,0.0,0.05,0.41,0.0,1.53,0.0,0.0,215.0,0.0,2.0,16.0,0.0,197.0
2020,12,MQ,Envoy Air,EYW,24.0,4.0,1.9,1.0,1.1,0.0,0.0,0.0,0.0,194.0,59.0,110.0,25.0,0.0,0.0
2020,12,MQ,Envoy Air,FAR,106.0,15.0,2.37,2.36,9.51,0.0,0.76,2.0,0.0,1186.0,66.0,829.0,275.0,0.0,16.0
2020,12,MQ,Envoy Air,FNT,52.0,6.0,0.11,0.48,4.27,0.0,1.14,0.0,0.0,198.0,2.0,28.0,105.0,0.0,63.0
2020,12,MQ,Envoy Air,FSD,57.0,6.0,0.79,1.28,3.07,0.0,0.86,2.0,0.0,356.0,27.0,115.0,64.0,0.0,150.0
2020,12,MQ,Envoy Air,FSM,34.0,6.0,2.94,0.0,1.43,0.0,1.62,0.0,0.0,272.0,85.0,0.0,41.0,0.0,146.0
2020,12,MQ,Envoy Air,GCK,58.0,11.0,7.0,0.0,2.0,0.0,2.0,1.0,0.0,462.0,232.0,0.0,115.0,0.0,115.0
2020,12,MQ,Envoy Air,GGG,71.0,10.0,3.08,0.08,4.63,0.0,2.22,1.0,1.0,278.0,59.0,7.0,100.0,0.0,112.0
2020,12,MQ,Envoy Air,GJT,59.0,6.0,0.95,0.0,3.1,0.0,1.95,0.0,0.0,356.0,61.0,0.0,99.0,0.0,196.0
2020,12,MQ,Envoy Air,GNV,26.0,1.0,0.43,0.0,0.57,0.0,0.0,1.0,0.0,23.0,10.0,0.0,13.0,0.0,0.0
2020,12,MQ,Envoy Air,GPT,71.0,7.0,2.6,0.0,2.02,0.0,2.38,0.0,0.0,308.0,96.0,0.0,88.0,0.0,124.0
2020,12,MQ,Envoy Air,GRB,66.0,2.0,1.0,0.3,0.7,0.0,0.0,1.0,0.0,53.0,16.0,11.0,26.0,0.0,0.0
2020,12,MQ,Envoy Air,GRI,59.0,5.0,1.23,1.0,1.35,0.0,1.42,1.0,0.0,316.0,27.0,118.0,31.0,0.0,140.0
2020,12,MQ,Envoy Air,GRK,176.0,25.0,5.85,3.99,10.76,0.0,4.41,2.0,0.0,1207.0,327.0,210.0,443.0,0.0,227.0
2020,12,MQ,Envoy Air,GRR,105.0,18.0,5.18,0.24,6.61,0.44,5.53,0.0,0.0,1126.0,231.0,9.0,282.0,19.0,585.0
2020,12,MQ,Envoy Air,GSO,88.0,4.0,6.01,1.58,3.5,0.0,2.91,0.0,1.0,588.0,214.0,45.0,105.0,0.0,224.0
2020,12,MQ,Envoy Air,GSP,51.0,6.0,2.43,0.0,3.43,0.0,0.14,0.0,0.0,217.0,120.0,0.0,93.0,0.0,4.0
2020,12,MQ,Envoy Air,HDN,13.0,2.0,1.0,0.0,1.0,0.0,0.0,0.0,0.0,67.0,27.0,0.0,40.0,0.0,0.0
2020,12,MQ,Envoy Air,HOU,30.0,6.0,0.61,0.0,4.01,0.0,1.39,0.0,0.0,371.0,50.0,0.0,193.0,0.0,128.0
2020,12,MQ,Envoy Air,HRL,6.0,0.0,0.0,0.0,0.0,0.0,0.0,0.0,0.0,0.0,0.0,0.0,0.0,0.0,0.0
2020,12,MQ,Envoy Air,HSV,129.0,7.0,5.59,0.21,7.24,0.0,3.95,1.0,0.0,836.0,252.0,15.0,448.0,0.0,121.0
2020,12,MQ,Envoy Air,IAH,33.0,4.0,0.0,0.13,2.87,0.0,1.0,0.0,0.0,238.0,0.0,10.0,147.0,0.0,81.0
2020,12,MQ,Envoy Air,ICT,100.0,3.0,5.35,0.91,2.2,0.0,4.55,0.0,0.0,590.0,175.0,86.0,71.0,0.0,258.0
2020,12,MQ,Envoy Air,ILM,60.0,13.0,3.79,0.7,6.14,0.0,2.38,0.0,0.0,483.0,132.0,18.0,231.0,0.0,102.0
2020,12,MQ,Envoy Air,IND,41.0,8.0,2.6,0.53,1.74,0.0,3.13,0.0,0.0,341.0,170.0,10.0,59.0,0.0,102.0
2020,12,MQ,Envoy Air,JAN,144.0,0.0,26.0,0.2,2.24,1.0,5.31,2.0,0.0,395.0,38.0,11.0,58.0,73.0,215.0
2020,12,MQ,Envoy Air,JAX,16.0,2.0,0.0,0.0,0.22,0.0,1.78,0.0,0.0,167.0,0.0,0.0,17.0,0.0,150.0
2020,12,MQ,Envoy Air,JLN,16.0,1.0,0.0,0.37,0.63,0.0,0.0,0.0,0.0,52.0,0.0,19.0,33.0,0.0,0.0
2020,12,MQ,Envoy Air,LAN,28.0,3.0,1.0,0.03,1.15,0.0,0.82,0.0,0.0,243.0,20.0,6.0,47.0,0.0,170.0
2020,12,MQ,Envoy Air,LAW,68.0,12.0,1.0,1.78,7.02,0.0,2.2,15.0,1.0,2365.0,46.0,837.0,203.0,0.0,1279.0
2020,12,MQ,Envoy Air,LBB,30.0,5.0,1.0,0.0,1.82,0.0,2.18,0.0,0.0,189.0,66.0,0.0,50.0,0.0,73.0
2020,12,MQ,Envoy Air,LEX,100.0,9.0,2.95,0.82,4.36,0.0,0.87,0.0,1.0,502.0,108.0,68.0,275.0,0.0,51.0
2020,12,MQ,Envoy Air,LFT,24.0,1.0,0.0,0.0,1.0,0.0,0.0,0.0,0.0,173.0,0.0,0.0,173.0,0.0,0.0
2020,12,MQ,Envoy Air,LIT,205.0,2.0,5.93,0.8,15.79,0.0,9.49,1.0,0.0,2182.0,925.0,25.0,800.0,0.0,432.0
2020,12,MQ,Envoy Air,LRD,78.0,8.0,1.98,0.34,4.1,0.0,1.58,0.0,0.0,672.0,307.0,11.0,227.0,0.0,127.0
2020,12,MQ,Envoy Air,LSE,55.0,5.0,2.0,0.18,2.7,0.0,0.13,0.0,0.0,243.0,156.0,10.0,75.0,0.0,2.0
2020,12,MQ,Envoy Air,MCI,232.0,28.0,7.25,0.09,13.95,1.0,5.7,1.0,0.0,1071.0,309.0,3.0,457.0,16.0,286.0
2020,12,MQ,Envoy Air,MDT,59.0,6.0,1.26,0.0,2.77,0.0,1.96,2.0,0.0,357.0,80.0,0.0,60.0,0.0,217.0
2020,12,MQ,Envoy Air,MEM,129.0,20.0,4.6,2.35,12.36,0.0,0.69,1.0,0.0,715.0,102.0,92.0,488.0,0.0,33.0
2020,12,MQ,Envoy Air,MFE,107.0,2.0,7.72,0.7,7.84,0.0,5.73,0.0,0.0,935.0,396.0,28.0,335.0,0.0,176.0
2020,12,MQ,Envoy Air,MGM,59.0,8.0,3.25,0.2,2.09,0.0,2.46,0.0,0.0,573.0,155.0,11.0,112.0,0.0,295.0
2020,12,MQ,Envoy Air,MHK,58.0,4.0,0.62,0.0,1.52,0.0,1.86,0.0,0.0,155.0,18.0,0.0,27.0,0.0,110.0
2020,12,MQ,Envoy Air,MIA,246.0,25.0,9.05,1.48,11.56,0.0,2.91,1.0,0.0,1216.0,746.0,63.0,307.0,0.0,100.0
2020,12,MQ,Envoy Air,MKE,24.0,1.0,1.0,0.0,0.0,0.0,0.0,0.0,0.0,34.0,34.0,0.0,0.0,0.0,0.0
2020,12,MQ,Envoy Air,MLI,25.0,5.0,0.06,0.38,3.74,0.0,0.83,1.0,0.0,261.0,1.0,29.0,145.0,0.0,86.0
2020,12,MQ,Envoy Air,MLU,83.0,13.0,6.38,0.51,3.79,0.0,2.32,0.0,0.0,670.0,358.0,17.0,162.0,0.0,133.0
2020,12,MQ,Envoy Air,MOB,80.0,11.0,2.92,0.0,6.56,0.0,1.52,0.0,1.0,628.0,172.0,0.0,312.0,0.0,144.0
2020,12,MQ,Envoy Air,MQT,41.0,4.0,1.63,0.07,2.15,0.0,0.15,0.0,1.0,137.0,33.0,5.0,88.0,0.0,11.0
2020,12,MQ,Envoy Air,MRY,30.0,9.0,0.8,0.05,8.16,0.0,0.0,0.0,0.0,234.0,24.0,1.0,209.0,0.0,0.0
2020,12,MQ,Envoy Air,MSN,52.0,9.0,1.29,0.25,6.08,0.0,1.38,0.0,0.0,381.0,105.0,17.0,190.0,0.0,69.0
2020,12,MQ,Envoy Air,MSO,60.0,13.0,4.8,0.09,4.09,0.0,4.02,0.0,0.0,485.0,153.0,5.0,156.0,0.0,171.0
2020,12,MQ,Envoy Air,MSP,97.0,4.0,5.84,2.34,3.47,0.0,2.35,3.0,0.0,531.0,278.0,65.0,95.0,0.0,93.0
2020,12,MQ,Envoy Air,MSY,106.0,3.0,2.13,0.17,7.86,0.0,2.84,1.0,0.0,790.0,122.0,5.0,334.0,0.0,329.0
2020,12,MQ,Envoy Air,MYR,31.0,10.0,1.11,0.0,6.49,0.0,2.4,0.0,0.0,376.0,70.0,0.0,203.0,0.0,103.0
2020,12,MQ,Envoy Air,OKC,70.0,6.0,3.53,0.0,1.41,0.0,1.06,1.0,0.0,376.0,238.0,0.0,63.0,0.0,75.0
2020,12,MQ,Envoy Air,OMA,119.0,14.0,3.81,0.0,6.18,0.0,4.01,2.0,0.0,681.0,276.0,0.0,238.0,0.0,167.0
2020,12,MQ,Envoy Air,ORD,2051.0,224.0,46.49,23.55,98.99,0.04,54.93,19.0,1.0,18798.0,5201.0,4310.0,3843.0,2.0,5442.0
2020,12,MQ,Envoy Air,ORF,81.0,6.0,1.49,0.0,3.16,0.0,1.35,0.0,1.0,298.0,103.0,0.0,97.0,0.0,98.0
2020,12,MQ,Envoy Air,PBI,14.0,4.0,0.67,0.0,2.0,0.0,1.33,0.0,0.0,419.0,102.0,0.0,60.0,0.0,257.0
2020,12,MQ,Envoy Air,PHX,12.0,4.0,0.06,0.24,1.95,0.0,1.75,0.0,0.0,178.0,1.0,27.0,36.0,0.0,114.0
2020,12,MQ,Envoy Air,PIA,27.0,2.0,1.95,0.0,0.05,0.0,0.0,0.0,0.0,101.0,97.0,0.0,4.0,0.0,0.0
2020,12,MQ,Envoy Air,PIT,31.0,2.0,0.99,0.07,0.28,0.0,0.65,0.0,0.0,289.0,178.0,8.0,31.0,0.0,72.0
2020,12,MQ,Envoy Air,PNS,85.0,4.0,1.0,0.3,2.7,0.0,0.0,1.0,0.0,71.0,16.0,6.0,49.0,0.0,0.0
2020,12,MQ,Envoy Air,PVD,28.0,4.0,1.0,1.27,1.56,0.0,0.17,1.0,0.0,198.0,17.0,52.0,121.0,0.0,8.0
2020,12,MQ,Envoy Air,PWM,24.0,4.0,1.23,0.65,2.08,0.0,0.04,1.0,0.0,104.0,21.0,30.0,52.0,0.0,1.0
2020,12,MQ,Envoy Air,RDU,49.0,8.0,4.58,0.0,3.0,0.0,0.42,0.0,0.0,368.0,135.0,0.0,201.0,0.0,32.0
2020,12,MQ,Envoy Air,ROC,12.0,0.0,0.0,0.0,0.0,0.0,0.0,0.0,0.0,0.0,0.0,0.0,0.0,0.0,0.0
2020,12,MQ,Envoy Air,RST,28.0,4.0,1.0,1.0,2.0,0.0,0.0,0.0,0.0,134.0,16.0,30.0,88.0,0.0,0.0
2020,12,MQ,Envoy Air,RSW,14.0,0.0,0.0,0.0,0.0,0.0,0.0,0.0,0.0,0.0,0.0,0.0,0.0,0.0,0.0
2020,12,MQ,Envoy Air,SAV,59.0,8.0,1.46,0.1,3.88,0.0,2.56,0.0,1.0,369.0,70.0,6.0,129.0,0.0,164.0
2020,12,MQ,Envoy Air,SBA,60.0,8.0,2.04,0.85,3.08,0.0,2.04,0.0,1.0,363.0,62.0,22.0,160.0,0.0,119.0
2020,12,MQ,Envoy Air,SBP,43.0,2.0,0.33,0.0,1.0,0.0,0.67,0.0,1.0,67.0,6.0,0.0,49.0,0.0,12.0
2020,12,MQ,Envoy Air,SDF,25.0,3.0,0.05,0.0,1.75,0.0,1.19,0.0,0.0,92.0,2.0,0.0,48.0,0.0,42.0
2020,12,MQ,Envoy Air,SGF,216.0,26.0,11.14,0.54,7.99,0.0,6.32,1.0,0.0,1552.0,463.0,34.0,615.0,0.0,440.0
2020,12,MQ,Envoy Air,SHV,52.0,6.0,3.21,0.0,1.05,0.0,1.74,1.0,0.0,396.0,217.0,0.0,40.0,0.0,139.0
2020,12,MQ,Envoy Air,SJT,124.0,9.0,2.46,0.22,3.73,0.96,1.63,3.0,0.0,497.0,65.0,15.0,311.0,27.0,79.0
2020,12,MQ,Envoy Air,SPS,84.0,4.0,2.53,1.27,8.61,0.0,1.58,1.0,0.0,445.0,158.0,30.0,186.0,0.0,71.0
2020,12,MQ,Envoy Air,SRQ,104.0,7.0,4.0,0.97,11.24,0.0,0.79,0.0,0.0,578.0,111.0,93.0,344.0,0.0,30.0
2020,12,MQ,Envoy Air,STL,111.0,10.0,2.33,1.0,4.43,0.0,2.24,1.0,0.0,479.0,162.0,105.0,126.0,0.0,86.0
2020,12,MQ,Envoy Air,STS,1.0,0.0,0.0,0.0,0.0,0.0,0.0,0.0,0.0,0.0,0.0,0.0,0.0,0.0,0.0
2020,12,MQ,Envoy Air,SUX,28.0,1.0,0.0,0.0,1.0,0.0,0.0,1.0,0.0,17.0,0.0,0.0,17.0,0.0,0.0
2020,12,MQ,Envoy Air,SWO,41.0,4.0,1.0,0.08,2.0,0.0,0.92,0.0,0.0,171.0,38.0,7.0,45.0,0.0,81.0
2020,12,MQ,Envoy Air,TOL,1.0,0.0,0.0,0.0,0.0,0.0,0.0,0.0,0.0,0.0,0.0,0.0,0.0,0.0,0.0
2020,12,MQ,Envoy Air,TUL,39.0,5.0,2.15,0.0,1.75,0.0,1.1,0.0,0.0,238.0,143.0,0.0,72.0,0.0,23.0
2020,12,MQ,Envoy Air,TVC,80.0,15.0,7.68,0.57,6.17,0.0,0.59,3.0,0.0,581.0,404.0,13.0,144.0,0.0,20.0
2020,12,MQ,Envoy Air,TXK,83.0,10.0,2.75,1.0,3.54,0.0,2.72,0.0,0.0,1001.0,266.0,45.0,245.0,0.0,445.0
2020,12,MQ,Envoy Air,TYR,105.0,13.0,0.15,0.32,9.05,0.0,3.48,3.0,1.0,541.0,6.0,56.0,252.0,0.0,227.0
2020,12,MQ,Envoy Air,TYS,19.0,1.0,0.0,0.0,1.0,0.0,0.0,1.0,1.0,32.0,0.0,0.0,32.0,0.0,0.0
2020,12,MQ,Envoy Air,VPS,89.0,0.0,0.21,1.08,4.84,0.0,3.87,0.0,1.0,371.0,5.0,42.0,223.0,0.0,101.0
2020,12,MQ,Envoy Air,XNA,222.0,31.0,10.48,0.88,9.53,0.0,10.12,3.0,1.0,1721.0,350.0,35.0,1054.0,0.0,282.0
2020,12,NK,Spirit Air Lines,ACY,169.0,9.0,1.06,0.89,2.86,0.0,4.2,5.0,3.0,1053.0,53.0,31.0,426.0,0.0,543.0
2020,12,NK,Spirit Air Lines,ATL,624.0,6.0,22.07,1.8,56.2,0.24,15.69,5.0,0.0,5400.0,996.0,66.0,3146.0,4.0,1188.0
2020,12,NK,Spirit Air Lines,AUS,127.0,17.0,4.95,0.45,10.3,0.0,1.3,1.0,0.0,538.0,204.0,9.0,271.0,0.0,54.0
2020,12,NK,Spirit Air Lines,BDL,70.0,15.0,4.27,0.0,6.88,0.62,3.24,0.0,0.0,1197.0,252.0,0.0,697.0,32.0,216.0
2020,12,NK,Spirit Air Lines,BNA,106.0,9.0,2.17,0.68,5.23,0.0,0.91,0.0,0.0,644.0,76.0,88.0,437.0,0.0,43.0
2020,12,NK,Spirit Air Lines,BOS,250.0,35.0,7.14,1.0,22.59,0.0,4.28,8.0,0.0,1887.0,455.0,20.0,1223.0,0.0,189.0
2020,12,NK,Spirit Air Lines,BUR,25.0,1.0,0.0,0.0,0.0,0.0,1.0,1.0,0.0,43.0,0.0,0.0,0.0,0.0,43.0
2020,12,NK,Spirit Air Lines,BWI,357.0,9.0,5.0,,28.42,0.0,5.57,14.0,0.0,2135.0,990.0,0.0,962.0,0.0,183.0
2020,12,NK,Spirit Air Lines,CAK,42.0,4.0,1.0,0.0,1.19,0.0,1.81,1.0,0.0,239.0,74.0,0.0,46.0,0.0,119.0
2020,12,NK,Spirit Air Lines,CLE,211.0,32.0,4.34,0.0,19.92,1.0,6.74,3.0,0.0,1444.0,319.0,0.0,782.0,15.0,328.0
2020,12,NK,Spirit Air Lines,CLT,49.0,9.0,4.15,0.0,2.17,0.0,2.67,0.0,0.0,450.0,185.0,0.0,132.0,0.0,133.0
2020,12,NK,Spirit Air Lines,CMH,125.0,3.0,4.58,0.0,5.14,0.0,3.28,1.0,0.0,430.0,185.0,0.0,151.0,0.0,94.0
2020,12,NK,Spirit Air Lines,DEN,153.0,32.0,7.11,0.0,17.03,0.0,7.87,0.0,0.0,1157.0,320.0,0.0,577.0,0.0,260.0
2020,12,NK,Spirit Air Lines,DFW,451.0,4.0,15.99,0.68,32.35,0.17,14.81,3.0,2.0,3500.0,965.0,33.0,1709.0,9.0,784.0
2020,12,NK,Spirit Air Lines,DTW,625.0,113.0,26.67,0.47,67.63,1.0,17.24,6.0,0.0,7778.0,1951.0,21.0,4103.0,22.0,1681.0
2020,12,NK,Spirit Air Lines,EWR,565.0,72.0,19.73,1.79,34.38,2.1,14.0,8.0,4.0,4158.0,1053.0,136.0,1616.0,34.0,1319.0
2020,12,NK,Spirit Air Lines,FLL,1592.0,7.0,51.29,4.93,118.73,5.78,56.27,15.0,4.0,14817.0,3327.0,317.0,6402.0,191.0,4580.0
2020,12,NK,Spirit Air Lines,IAH,430.0,9.0,22.85,0.97,38.92,1.14,15.12,3.0,0.0,3493.0,854.0,38.0,1513.0,41.0,1047.0
2020,12,NK,Spirit Air Lines,IND,100.0,10.0,2.22,0.85,4.95,0.37,1.62,1.0,0.0,324.0,82.0,18.0,153.0,7.0,64.0
2020,12,NK,Spirit Air Lines,LAS,1070.0,120.0,29.95,3.58,62.63,1.74,22.1,7.0,0.0,7415.0,1525.0,1623.0,2811.0,49.0,1407.0
2020,12,NK,Spirit Air Lines,LAX,552.0,108.0,26.47,0.88,59.95,1.15,19.54,8.0,0.0,4974.0,1598.0,45.0,2162.0,26.0,1143.0
2020,12,NK,Spirit Air Lines,LBE,64.0,11.0,2.05,0.0,6.16,0.17,2.61,0.0,0.0,725.0,292.0,0.0,283.0,4.0,146.0
2020,12,NK,Spirit Air Lines,LGA,238.0,45.0,11.82,0.0,27.39,1.0,4.79,6.0,1.0,2020.0,537.0,0.0,816.0,47.0,620.0
2020,12,NK,Spirit Air Lines,MCI,76.0,6.0,0.53,0.0,4.67,0.0,0.8,1.0,0.0,269.0,9.0,0.0,214.0,0.0,46.0
2020,12,NK,Spirit Air Lines,MCO,1310.0,207.0,47.76,3.3,112.21,4.69,39.04,10.0,3.0,9386.0,2403.0,227.0,4503.0,134.0,2119.0
2020,12,NK,Spirit Air Lines,MSP,108.0,9.0,4.18,0.73,11.31,0.0,2.77,1.0,0.0,1157.0,467.0,22.0,520.0,0.0,148.0
2020,12,NK,Spirit Air Lines,MSY,248.0,7.0,6.09,0.1,12.72,1.92,6.17,1.0,0.0,1537.0,409.0,15.0,566.0,62.0,485.0
2020,12,NK,Spirit Air Lines,MYR,144.0,19.0,3.81,0.89,8.25,0.82,5.23,6.0,0.0,1333.0,118.0,34.0,474.0,18.0,689.0
2020,12,NK,Spirit Air Lines,OAK,111.0,7.0,2.23,0.0,1.12,0.0,3.65,0.0,0.0,529.0,177.0,0.0,177.0,0.0,175.0
2020,12,NK,Spirit Air Lines,ORD,501.0,92.0,9.28,4.43,68.72,0.78,8.79,2.0,0.0,5119.0,410.0,395.0,3695.0,18.0,601.0
2020,12,NK,Spirit Air Lines,PBI,61.0,7.0,1.66,0.0,4.45,0.0,0.89,2.0,1.0,319.0,87.0,0.0,191.0,0.0,41.0
2020,12,NK,Spirit Air Lines,PDX,50.0,7.0,2.01,0.0,3.5,0.0,1.49,0.0,0.0,540.0,65.0,0.0,434.0,0.0,41.0
2020,12,NK,Spirit Air Lines,PHL,263.0,46.0,12.25,0.0,22.61,2.58,8.56,1.0,1.0,1943.0,453.0,0.0,947.0,55.0,488.0
2020,12,NK,Spirit Air Lines,PHX,67.0,12.0,3.21,0.0,8.01,0.0,0.77,0.0,0.0,655.0,132.0,0.0,499.0,0.0,24.0
2020,12,NK,Spirit Air Lines,PIT,190.0,17.0,6.91,0.0,9.31,0.0,0.79,0.0,0.0,549.0,241.0,0.0,286.0,0.0,22.0
2020,12,NK,Spirit Air Lines,RDU,50.0,9.0,1.85,0.0,2.04,0.22,4.89,0.0,0.0,450.0,49.0,0.0,59.0,4.0,338.0
2020,12,NK,Spirit Air Lines,RIC,29.0,2.0,0.76,0.0,1.24,0.0,0.0,0.0,0.0,42.0,17.0,0.0,25.0,0.0,0.0
2020,12,NK,Spirit Air Lines,RSW,326.0,57.0,10.93,0.24,38.98,0.26,6.59,4.0,0.0,2698.0,781.0,7.0,1352.0,7.0,551.0
2020,12,NK,Spirit Air Lines,SAN,69.0,10.0,4.51,0.0,4.62,0.0,0.87,0.0,0.0,214.0,95.0,0.0,106.0,0.0,13.0
2020,12,NK,Spirit Air Lines,SEA,43.0,10.0,0.37,0.0,8.0,0.7,0.93,0.0,0.0,256.0,10.0,0.0,199.0,19.0,28.0
2020,12,NK,Spirit Air Lines,SJU,364.0,43.0,7.15,4.42,21.91,0.0,9.52,4.0,1.0,1974.0,273.0,220.0,955.0,0.0,526.0
2020,12,NK,Spirit Air Lines,SMF,41.0,4.0,1.0,0.0,0.09,0.0,2.91,0.0,0.0,117.0,24.0,0.0,2.0,0.0,91.0
2020,12,NK,Spirit Air Lines,SNA,68.0,5.0,1.71,0.0,0.77,0.0,2.52,0.0,0.0,348.0,201.0,0.0,20.0,0.0,127.0
2020,12,NK,Spirit Air Lines,STX,24.0,4.0,3.34,0.0,0.66,0.0,0.0,0.0,0.0,180.0,129.0,0.0,51.0,0.0,0.0
2020,12,NK,Spirit Air Lines,TPA,562.0,104.0,22.95,3.59,58.5,0.91,18.05,8.0,1.0,4550.0,907.0,287.0,2233.0,26.0,1097.0
2020,12,OH,PSA Airlines Inc.,ABE,80.0,0.0,1.9,0.0,7.02,0.0,1.08,3.0,1.0,298.0,74.0,0.0,156.0,0.0,68.0
2020,12,OH,PSA Airlines Inc.,AGS,52.0,7.0,3.82,1.0,1.32,0.0,0.85,0.0,0.0,413.0,148.0,96.0,34.0,0.0,135.0
2020,12,OH,PSA Airlines Inc.,ALB,12.0,0.0,0.0,0.0,0.0,0.0,0.0,0.0,0.0,0.0,0.0,0.0,0.0,0.0,0.0
2020,12,OH,PSA Airlines Inc.,ATL,60.0,8.0,5.74,0.53,0.59,0.94,0.2,0.0,0.0,244.0,183.0,10.0,13.0,31.0,7.0
2020,12,OH,PSA Airlines Inc.,AVL,131.0,18.0,4.38,0.56,10.31,0.0,2.74,0.0,0.0,575.0,173.0,27.0,210.0,0.0,165.0
2020,12,OH,PSA Airlines Inc.,AVP,83.0,7.0,4.44,0.0,2.56,0.0,0.0,2.0,0.0,253.0,189.0,0.0,64.0,0.0,0.0
2020,12,OH,PSA Airlines Inc.,BDL,97.0,9.0,3.13,0.54,3.87,0.0,1.46,1.0,0.0,324.0,96.0,21.0,137.0,0.0,70.0
2020,12,OH,PSA Airlines Inc.,BGR,79.0,6.0,3.94,2.0,0.06,0.0,0.0,1.0,0.0,157.0,87.0,69.0,1.0,0.0,0.0
2020,12,OH,PSA Airlines Inc.,BHM,154.0,2.0,1.71,0.0,14.07,0.65,5.57,0.0,0.0,836.0,89.0,0.0,426.0,36.0,285.0
2020,12,OH,PSA Airlines Inc.,BNA,64.0,7.0,5.83,0.0,1.09,0.0,0.08,0.0,0.0,797.0,715.0,0.0,78.0,0.0,4.0
2020,12,OH,PSA Airlines Inc.,BTR,61.0,1.0,2.36,0.0,8.64,0.0,0.0,0.0,0.0,254.0,55.0,0.0,199.0,0.0,0.0
2020,12,OH,PSA Airlines Inc.,BTV,129.0,7.0,2.26,1.53,1.74,0.0,1.47,0.0,0.0,365.0,185.0,88.0,45.0,0.0,47.0
2020,12,OH,PSA Airlines Inc.,BUF,18.0,1.0,0.0,0.0,0.0,0.0,1.0,1.0,0.0,44.0,0.0,0.0,0.0,0.0,44.0
2020,12,OH,PSA Airlines Inc.,CAE,92.0,5.0,3.73,1.0,0.27,0.0,0.0,0.0,0.0,148.0,100.0,36.0,12.0,0.0,0.0
2020,12,OH,PSA Airlines Inc.,CAK,97.0,6.0,3.04,0.0,2.96,0.0,0.0,0.0,0.0,174.0,108.0,0.0,66.0,0.0,0.0
2020,12,OH,PSA Airlines Inc.,CHA,62.0,4.0,1.08,0.0,1.55,0.53,0.83,0.0,0.0,213.0,102.0,0.0,27.0,16.0,68.0
2020,12,OH,PSA Airlines Inc.,CHO,32.0,2.0,0.0,1.0,0.0,0.0,1.0,0.0,0.0,93.0,0.0,21.0,0.0,0.0,72.0
2020,12,OH,PSA Airlines Inc.,CHS,256.0,33.0,9.43,1.0,17.71,0.85,4.02,0.0,0.0,1003.0,361.0,80.0,425.0,28.0,109.0
2020,12,OH,PSA Airlines Inc.,CID,59.0,5.0,1.47,0.0,2.53,0.0,1.0,1.0,0.0,185.0,57.0,0.0,75.0,0.0,53.0
2020,12,OH,PSA Airlines Inc.,CLE,63.0,2.0,1.2,0.0,0.05,0.0,0.75,0.0,0.0,116.0,53.0,0.0,4.0,0.0,59.0
2020,12,OH,PSA Airlines Inc.,CLT,5890.0,524.0,145.67,16.1,200.67,2.52,159.04,26.0,5.0,38369.0,14605.0,2930.0,5823.0,127.0,14884.0
2020,12,OH,PSA Airlines Inc.,CMH,20.0,1.0,0.0,0.0,0.0,0.0,1.0,0.0,0.0,111.0,0.0,0.0,0.0,0.0,111.0
2020,12,OH,PSA Airlines Inc.,CRW,85.0,12.0,7.21,0.99,3.42,0.0,0.38,1.0,0.0,484.0,266.0,127.0,83.0,0.0,8.0
2020,12,OH,PSA Airlines Inc.,CVG,181.0,2.0,5.84,0.0,3.4,0.0,2.76,0.0,0.0,356.0,156.0,0.0,97.0,0.0,103.0
2020,12,OH,PSA Airlines Inc.,DAB,141.0,16.0,2.81,1.0,8.6,0.0,3.59,1.0,0.0,715.0,219.0,60.0,267.0,0.0,169.0
2020,12,OH,PSA Airlines Inc.,DAY,176.0,25.0,8.5,0.34,6.62,0.09,9.45,0.0,0.0,1380.0,687.0,10.0,187.0,6.0,490.0
2020,12,OH,PSA Airlines Inc.,DCA,79.0,1.0,0.0,0.0,0.0,0.0,1.0,1.0,0.0,318.0,0.0,0.0,0.0,0.0,318.0
2020,12,OH,PSA Airlines Inc.,DFW,177.0,6.0,4.01,1.0,12.48,0.0,8.51,0.0,2.0,2113.0,377.0,130.0,577.0,0.0,1029.0
2020,12,OH,PSA Airlines Inc.,DSM,31.0,3.0,1.0,0.0,2.0,0.0,0.0,0.0,0.0,55.0,15.0,0.0,40.0,0.0,0.0
2020,12,OH,PSA Airlines Inc.,DTW,125.0,6.0,3.65,0.99,0.06,0.38,0.93,0.0,0.0,1530.0,260.0,1023.0,14.0,11.0,222.0
2020,12,OH,PSA Airlines Inc.,ECP,93.0,6.0,4.93,0.04,5.0,0.0,6.03,0.0,0.0,1277.0,222.0,2.0,153.0,0.0,900.0
2020,12,OH,PSA Airlines Inc.,ERI,59.0,6.0,5.14,0.0,0.86,0.0,0.0,0.0,1.0,201.0,161.0,0.0,40.0,0.0,0.0
2020,12,OH,PSA Airlines Inc.,EWN,99.0,7.0,0.84,0.0,6.16,0.0,0.0,1.0,0.0,207.0,23.0,0.0,184.0,0.0,0.0
2020,12,OH,PSA Airlines Inc.,EWR,2.0,0.0,0.0,0.0,0.0,0.0,0.0,0.0,0.0,0.0,0.0,0.0,0.0,0.0,0.0
2020,12,OH,PSA Airlines Inc.,FAY,131.0,0.0,8.29,0.0,10.45,0.0,1.26,1.0,0.0,2072.0,1622.0,0.0,196.0,0.0,254.0
2020,12,OH,PSA Airlines Inc.,FNT,79.0,5.0,1.98,0.0,3.02,0.0,0.0,0.0,0.0,111.0,54.0,0.0,57.0,0.0,0.0
2020,12,OH,PSA Airlines Inc.,FSD,47.0,6.0,0.78,1.02,1.33,0.0,2.86,0.0,0.0,1150.0,26.0,645.0,56.0,0.0,423.0
2020,12,OH,PSA Airlines Inc.,FWA,54.0,4.0,3.48,0.0,0.52,0.0,0.0,0.0,0.0,438.0,427.0,0.0,11.0,0.0,0.0
2020,12,OH,PSA Airlines Inc.,GNV,85.0,6.0,0.95,0.0,4.05,0.0,1.0,0.0,0.0,264.0,124.0,0.0,95.0,0.0,45.0
2020,12,OH,PSA Airlines Inc.,GPT,54.0,12.0,2.86,0.0,6.05,0.0,3.09,0.0,0.0,469.0,88.0,0.0,175.0,0.0,206.0
2020,12,OH,PSA Airlines Inc.,GRR,73.0,5.0,2.59,0.0,1.35,0.0,1.06,0.0,0.0,837.0,718.0,0.0,49.0,0.0,70.0
2020,12,OH,PSA Airlines Inc.,GSO,55.0,7.0,4.47,0.0,1.55,0.0,0.98,0.0,0.0,192.0,118.0,0.0,32.0,0.0,42.0
2020,12,OH,PSA Airlines Inc.,GSP,273.0,32.0,19.18,0.0,10.56,1.0,1.26,0.0,0.0,2672.0,2207.0,0.0,324.0,34.0,107.0
2020,12,OH,PSA Airlines Inc.,HPN,62.0,5.0,2.23,0.0,1.77,0.0,1.0,1.0,0.0,162.0,81.0,0.0,49.0,0.0,32.0
2020,12,OH,PSA Airlines Inc.,HSV,83.0,9.0,5.08,0.0,2.92,0.0,1.0,0.0,0.0,342.0,227.0,0.0,75.0,0.0,40.0
2020,12,OH,PSA Airlines Inc.,IAD,99.0,14.0,3.42,0.0,8.13,0.0,2.45,2.0,0.0,484.0,115.0,0.0,176.0,0.0,193.0
2020,12,OH,PSA Airlines Inc.,IAH,2.0,1.0,0.0,1.0,0.0,0.0,0.0,0.0,0.0,32.0,0.0,32.0,0.0,0.0,0.0
2020,12,OH,PSA Airlines Inc.,ILM,141.0,14.0,5.93,0.0,5.91,0.21,1.96,0.0,0.0,527.0,242.0,0.0,134.0,6.0,145.0
2020,12,OH,PSA Airlines Inc.,IND,42.0,2.0,2.0,0.0,0.0,0.0,0.0,0.0,0.0,93.0,93.0,0.0,0.0,0.0,0.0
2020,12,OH,PSA Airlines Inc.,JAN,54.0,0.0,49.0,0.0,4.35,0.0,3.16,0.0,1.0,409.0,142.0,0.0,77.0,0.0,190.0
2020,12,OH,PSA Airlines Inc.,JAX,66.0,6.0,3.61,0.0,1.78,0.0,0.62,0.0,0.0,299.0,213.0,0.0,49.0,0.0,37.0
2020,12,OH,PSA Airlines Inc.,LEX,85.0,6.0,1.24,0.0,2.24,0.0,2.52,0.0,0.0,189.0,43.0,0.0,46.0,0.0,100.0
2020,12,OH,PSA Airlines Inc.,LIT,83.0,8.0,1.1,0.0,5.29,0.0,1.61,0.0,0.0,255.0,17.0,0.0,96.0,0.0,142.0
2020,12,OH,PSA Airlines Inc.,LYH,17.0,1.0,0.94,0.0,0.06,0.0,0.0,0.0,0.0,17.0,16.0,0.0,1.0,0.0,0.0
2020,12,OH,PSA Airlines Inc.,MDT,62.0,5.0,2.4,0.0,1.21,0.0,1.39,3.0,0.0,218.0,76.0,0.0,58.0,0.0,84.0
2020,12,OH,PSA Airlines Inc.,MEM,45.0,3.0,0.7,0.0,2.3,0.0,0.0,0.0,0.0,66.0,14.0,0.0,52.0,0.0,0.0
2020,12,OH,PSA Airlines Inc.,MHT,152.0,12.0,5.57,0.0,2.34,0.0,4.09,4.0,0.0,732.0,275.0,0.0,81.0,0.0,376.0
2020,12,OH,PSA Airlines Inc.,MKE,84.0,1.0,1.0,0.0,0.0,0.0,0.0,0.0,0.0,33.0,33.0,0.0,0.0,0.0,0.0
2020,12,OH,PSA Airlines Inc.,MLB,83.0,5.0,0.0,0.0,3.0,0.0,2.0,0.0,1.0,203.0,0.0,0.0,84.0,0.0,119.0
2020,12,OH,PSA Airlines Inc.,MOB,19.0,1.0,1.0,0.0,0.0,0.0,0.0,0.0,0.0,20.0,20.0,0.0,0.0,0.0,0.0
2020,12,OH,PSA Airlines Inc.,MSN,61.0,6.0,2.0,0.0,0.0,0.0,4.0,0.0,0.0,225.0,68.0,0.0,0.0,0.0,157.0
2020,12,OH,PSA Airlines Inc.,MSY,48.0,3.0,2.91,0.0,0.09,0.0,0.0,1.0,0.0,236.0,222.0,0.0,14.0,0.0,0.0
2020,12,OH,PSA Airlines Inc.,MYR,143.0,20.0,3.91,0.0,13.86,0.0,2.23,0.0,0.0,626.0,122.0,0.0,375.0,0.0,129.0
2020,12,OH,PSA Airlines Inc.,OAJ,91.0,8.0,4.79,0.0,0.96,0.0,2.25,0.0,0.0,334.0,207.0,0.0,33.0,0.0,94.0
2020,12,OH,PSA Airlines Inc.,OKC,21.0,1.0,0.0,0.0,1.0,0.0,0.0,0.0,0.0,30.0,0.0,0.0,30.0,0.0,0.0
2020,12,OH,PSA Airlines Inc.,OMA,45.0,8.0,2.45,0.0,4.54,0.0,1.01,0.0,0.0,226.0,62.0,0.0,141.0,0.0,23.0
2020,12,OH,PSA Airlines Inc.,ORF,210.0,26.0,12.04,0.79,9.93,0.13,3.1,1.0,0.0,1414.0,710.0,23.0,275.0,2.0,404.0
2020,12,OH,PSA Airlines Inc.,PBI,15.0,0.0,0.0,0.0,0.0,0.0,0.0,0.0,0.0,0.0,0.0,0.0,0.0,0.0,0.0
2020,12,OH,PSA Airlines Inc.,PHF,72.0,9.0,4.0,,1.02,0.0,2.83,0.0,0.0,469.0,319.0,0.0,41.0,0.0,109.0
2020,12,OH,PSA Airlines Inc.,PHL,1001.0,102.0,34.62,0.16,42.94,0.05,24.23,10.0,1.0,8318.0,3800.0,8.0,1234.0,19.0,3257.0
2020,12,OH,PSA Airlines Inc.,PIA,55.0,4.0,1.49,0.0,1.51,0.0,1.0,0.0,0.0,201.0,123.0,0.0,47.0,0.0,31.0
2020,12,OH,PSA Airlines Inc.,PIT,35.0,4.0,2.0,0.0,1.0,0.0,1.0,0.0,1.0,257.0,107.0,0.0,17.0,0.0,133.0
2020,12,OH,PSA Airlines Inc.,PNS,176.0,24.0,9.98,0.01,10.05,0.61,3.35,0.0,0.0,990.0,290.0,2.0,263.0,19.0,416.0
2020,12,OH,PSA Airlines Inc.,PVD,117.0,11.0,5.96,0.0,2.23,0.0,2.81,1.0,0.0,2058.0,1077.0,0.0,65.0,0.0,916.0
2020,12,OH,PSA Airlines Inc.,PWM,23.0,2.0,1.0,0.0,0.0,0.0,1.0,1.0,0.0,355.0,48.0,0.0,0.0,0.0,307.0
2020,12,OH,PSA Airlines Inc.,RAP,1.0,0.0,0.0,0.0,0.0,0.0,0.0,0.0,0.0,0.0,0.0,0.0,0.0,0.0,0.0
2020,12,OH,PSA Airlines Inc.,RDU,69.0,9.0,4.46,0.0,0.82,1.0,2.72,0.0,0.0,561.0,199.0,0.0,21.0,52.0,289.0
2020,12,OH,PSA Airlines Inc.,RIC,128.0,26.0,10.89,0.0,9.9,0.74,4.48,0.0,0.0,987.0,422.0,0.0,339.0,23.0,203.0
2020,12,OH,PSA Airlines Inc.,ROC,91.0,10.0,3.8,0.0,4.75,0.0,1.45,0.0,0.0,439.0,237.0,0.0,100.0,0.0,102.0
2020,12,OH,PSA Airlines Inc.,RSW,3.0,0.0,0.0,0.0,0.0,0.0,0.0,0.0,0.0,0.0,0.0,0.0,0.0,0.0,0.0
2020,12,OH,PSA Airlines Inc.,SAV,207.0,5.0,6.5,0.42,6.44,0.0,1.64,0.0,0.0,523.0,292.0,10.0,134.0,0.0,87.0
2020,12,OH,PSA Airlines Inc.,SBN,60.0,3.0,1.75,0.0,1.25,0.0,0.0,0.0,0.0,121.0,73.0,0.0,48.0,0.0,0.0
2020,12,OH,PSA Airlines Inc.,SDF,19.0,1.0,1.0,0.0,0.0,0.0,0.0,0.0,0.0,66.0,66.0,0.0,0.0,0.0,0.0
2020,12,OH,PSA Airlines Inc.,SGF,62.0,2.0,2.0,0.0,0.0,0.0,0.0,0.0,0.0,92.0,92.0,0.0,0.0,0.0,0.0
2020,12,OH,PSA Airlines Inc.,SHV,50.0,6.0,1.18,0.0,3.32,1.0,0.5,0.0,1.0,217.0,60.0,0.0,93.0,18.0,46.0
2020,12,OH,PSA Airlines Inc.,SRQ,67.0,1.0,3.11,0.0,6.69,0.0,1.2,0.0,0.0,414.0,100.0,0.0,187.0,0.0,127.0
2020,12,OH,PSA Airlines Inc.,STL,48.0,5.0,3.29,0.0,1.71,0.0,0.0,0.0,0.0,107.0,80.0,0.0,27.0,0.0,0.0
2020,12,OH,PSA Airlines Inc.,SYR,60.0,5.0,3.11,0.0,1.0,0.0,0.89,0.0,0.0,173.0,85.0,0.0,26.0,0.0,62.0
2020,12,OH,PSA Airlines Inc.,TLH,71.0,9.0,1.0,0.0,5.2,0.33,2.47,0.0,0.0,332.0,22.0,0.0,102.0,10.0,198.0
2020,12,OH,PSA Airlines Inc.,TUL,28.0,2.0,1.86,0.0,0.0,0.0,0.14,0.0,1.0,74.0,67.0,0.0,0.0,0.0,7.0
2020,12,OH,PSA Airlines Inc.,TYS,147.0,20.0,8.12,0.53,6.33,0.0,5.02,0.0,1.0,721.0,268.0,9.0,202.0,0.0,242.0
2020,12,OH,PSA Airlines Inc.,VPS,137.0,9.0,3.14,0.0,5.86,0.0,0.0,0.0,0.0,256.0,118.0,0.0,138.0,0.0,0.0
2020,12,OH,PSA Airlines Inc.,XNA,61.0,7.0,3.06,0.0,1.75,0.0,2.19,0.0,1.0,260.0,90.0,0.0,59.0,0.0,111.0
2020,12,OO,SkyWest Airlines,IAnBc.E,88.0,7.0,17.0,0.0,0.0,0.0,0.0,3.0,1.0,1079.0,1079.0,0.0,0.0,0.0,0.0
2020,12,OO,SkyWest Airlines,IAnBc.I,61.0,2.0,0.0,0.0,1.0,0.0,1.0,3.0,0.0,775.0,0.0,0.0,744.0,0.0,31.0
2020,12,OO,SkyWest Airlines,IAnBc.Q,332.0,7.0,25.0,3.0,0.0,1.0,8.0,8.0,0.0,2974.0,1809.0,800.0,0.0,23.0,342.0
2020,12,OO,SkyWest Airlines,IAnBc.R,62.0,7.0,6.0,1.0,0.0,0.0,0.0,2.0,2.0,602.0,494.0,108.0,0.0,0.0,0.0
2020,12,OO,SkyWest Airlines,IAnCc.V,67.0,4.0,4.0,0.0,0.0,0.0,0.0,0.0,1.0,134.0,134.0,0.0,0.0,0.0,0.0
2020,12,OO,SkyWest Airlines,IAnEc.X,51.0,6.0,6.0,0.0,0.0,0.0,0.0,0.0,1.0,308.0,308.0,0.0,0.0,0.0,0.0
2020,12,OO,SkyWest Airlines,IAnLcB.,15.0,4.0,3.0,1.0,0.0,0.0,0.0,0.0,0.0,331.0,272.0,59.0,0.0,0.0,0.0
2020,12,OO,SkyWest Airlines,IAnLcS.,53.0,3.0,2.0,1.0,0.0,0.0,0.0,1.0,1.0,295.0,63.0,232.0,0.0,0.0,0.0
2020,12,OO,SkyWest Airlines,IAnMc.A,28.0,4.0,3.0,0.0,0.0,0.0,1.0,0.0,0.0,126.0,95.0,0.0,0.0,0.0,31.0
2020,12,OO,SkyWest Airlines,IAnPc.N,53.0,9.0,7.0,2.0,0.0,0.0,0.0,1.0,1.0,703.0,492.0,211.0,0.0,0.0,0.0
2020,12,OO,SkyWest Airlines,IAnSc.E,599.0,165.0,65.0,12.0,43.0,0.0,45.0,24.0,25.0,17283.0,3717.0,2572.0,5160.0,0.0,5834.0
2020,12,OO,SkyWest Airlines,IAnTc.L,102.0,0.0,6.0,3.0,1.0,0.0,0.0,2.0,0.0,321.0,130.0,105.0,86.0,0.0,0.0
2020,12,OO,SkyWest Airlines,IAnTc.W,47.0,14.0,12.0,2.0,0.0,0.0,0.0,1.0,0.0,775.0,719.0,56.0,0.0,0.0,0.0
2020,12,OO,SkyWest Airlines,IAnTc.Y,53.0,6.0,4.0,2.0,0.0,0.0,0.0,3.0,1.0,531.0,257.0,274.0,0.0,0.0,0.0
2020,12,OO,SkyWest Airlines,IAnUc.S,109.0,18.0,13.0,2.0,1.0,0.0,2.0,1.0,0.0,815.0,511.0,148.0,17.0,0.0,139.0
2020,12,OO,SkyWest Airlines,IAnZc.O,37.0,4.0,4.0,0.0,0.0,0.0,0.0,0.0,0.0,195.0,195.0,0.0,0.0,0.0,0.0
2020,12,OO,SkyWest Airlines,IBnDc.L,,,,,,,,,,,,,,,
2020,12,OO,SkyWest Airlines,IBnFc.F,53.0,9.0,6.0,0.0,0.0,0.0,3.0,0.0,0.0,1274.0,1069.0,0.0,0.0,0.0,205.0
2020,12,OO,SkyWest Airlines,IBnFc.L,86.0,9.0,4.0,0.0,0.0,0.0,5.0,0.0,0.0,1167.0,865.0,0.0,0.0,0.0,302.0
2020,12,OO,SkyWest Airlines,IBnGc.M,31.0,0.0,7.0,2.0,1.0,0.0,0.0,0.0,1.0,735.0,419.0,269.0,47.0,0.0,0.0
2020,12,OO,SkyWest Airlines,IBnHc.M,107.0,1.0,16.0,1.0,0.0,0.0,4.0,0.0,0.0,972.0,673.0,46.0,0.0,0.0,253.0
2020,12,OO,SkyWest Airlines,IBnIcL.,276.0,42.0,27.0,2.0,2.0,0.0,11.0,1.0,3.0,2921.0,2186.0,65.0,135.0,0.0,535.0
2020,12,OO,SkyWest Airlines,IBnIcS.,276.0,33.0,19.0,4.0,1.0,0.0,9.0,3.0,0.0,2069.0,1150.0,273.0,67.0,0.0,579.0
2020,12,OO,SkyWest Airlines,IBnJcI.,62.0,16.0,12.0,4.0,0.0,0.0,0.0,2.0,0.0,1817.0,689.0,1128.0,0.0,0.0,0.0
2020,12,OO,SkyWest Airlines,IBnMc.I,40.0,0.0,8.0,1.0,0.0,0.0,1.0,0.0,0.0,1167.0,1113.0,26.0,0.0,0.0,28.0
2020,12,OO,SkyWest Airlines,IBnNc.A,397.0,59.0,38.0,5.0,2.0,0.0,14.0,3.0,1.0,3471.0,1796.0,375.0,76.0,0.0,1224.0
2020,12,OO,SkyWest Airlines,IBnOc.I,760.0,67.0,44.0,11.0,1.0,0.0,11.0,5.0,6.0,3327.0,1973.0,687.0,94.0,0.0,573.0
2020,12,OO,SkyWest Airlines,IBnRc.D,53.0,7.0,7.0,0.0,0.0,0.0,0.0,2.0,0.0,1776.0,1776.0,0.0,0.0,0.0,0.0
2020,12,OO,SkyWest Airlines,IBnRc.O,42.0,5.0,5.0,0.0,0.0,0.0,0.0,0.0,0.0,142.0,142.0,0.0,0.0,0.0,0.0
2020,12,OO,SkyWest Airlines,IBnTc.M,58.0,7.0,6.0,1.0,0.0,0.0,0.0,0.0,0.0,284.0,259.0,25.0,0.0,0.0,0.0
2020,12,OO,SkyWest Airlines,IBnUc.F,2.0,1.0,1.0,0.0,0.0,0.0,0.0,0.0,0.0,50.0,50.0,0.0,0.0,0.0,0.0
2020,12,OO,SkyWest Airlines,IBnUc.R,260.0,18.0,13.0,1.0,0.0,0.0,4.0,0.0,0.0,874.0,562.0,51.0,0.0,0.0,261.0
2020,12,OO,SkyWest Airlines,IBnWc.I,27.0,4.0,3.0,,0.0,0.0,1.0,0.0,0.0,275.0,202.0,0.0,0.0,0.0,73.0
2020,12,YX,Republic Airline,MSP,138.0,1.0,10.45,1.0,6.55,0.0,3.0,3.0,0.0,1488.0,484.0,673.0,131.0,0.0,200.0
2020,12,YX,Republic Airline,MSY,191.0,7.0,7.63,1.65,6.32,0.0,1.41,3.0,1.0,592.0,329.0,64.0,160.0,0.0,39.0
2020,12,YX,Republic Airline,MTJ,15.0,1.0,0.0,0.0,1.0,0.0,0.0,0.0,0.0,22.0,0.0,0.0,22.0,0.0,0.0
2020,12,YX,Republic Airline,MYR,57.0,5.0,1.32,0.0,2.68,0.0,1.0,0.0,0.0,157.0,48.0,0.0,48.0,0.0,61.0
2020,12,YX,Republic Airline,OKC,60.0,5.0,1.23,0.8,1.08,0.0,1.89,1.0,0.0,255.0,23.0,36.0,30.0,0.0,166.0
2020,12,YX,Republic Airline,OMA,47.0,1.0,0.0,0.0,1.0,0.0,0.0,0.0,0.0,19.0,0.0,0.0,19.0,0.0,0.0
2020,12,YX,Republic Airline,ORD,2130.0,154.0,54.43,8.12,67.8,2.0,21.65,47.0,1.0,9610.0,3937.0,493.0,3176.0,47.0,1957.0
2020,12,YX,Republic Airline,ORF,156.0,19.0,6.44,1.0,9.12,0.0,2.44,0.0,0.0,961.0,456.0,126.0,270.0,0.0,109.0
2020,12,YX,Republic Airline,PBI,93.0,4.0,3.34,0.41,7.62,0.0,2.63,0.0,0.0,1364.0,773.0,7.0,381.0,0.0,203.0
2020,12,YX,Republic Airline,PHL,1304.0,135.0,28.23,2.11,67.15,0.03,37.47,15.0,1.0,6971.0,1978.0,103.0,2153.0,7.0,2730.0
2020,12,YX,Republic Airline,PIA,15.0,1.0,0.0,0.0,0.0,0.0,1.0,1.0,0.0,16.0,0.0,0.0,0.0,0.0,16.0
2020,12,YX,Republic Airline,PIT,574.0,37.0,14.52,0.48,15.03,0.0,6.98,5.0,0.0,2203.0,1090.0,37.0,500.0,0.0,576.0
2020,12,YX,Republic Airline,PVD,48.0,2.0,1.0,0.0,0.0,0.0,1.0,2.0,0.0,166.0,73.0,0.0,0.0,0.0,93.0
2020,12,YX,Republic Airline,PWM,236.0,31.0,11.16,4.18,12.24,0.0,3.42,6.0,1.0,3263.0,1614.0,720.0,515.0,0.0,414.0
2020,12,YX,Republic Airline,RDU,467.0,1.0,19.11,0.95,14.4,0.0,6.54,6.0,0.0,3007.0,1821.0,57.0,513.0,0.0,616.0
2020,12,YX,Republic Airline,RIC,193.0,19.0,8.02,1.6,6.04,0.73,2.62,3.0,0.0,1092.0,533.0,99.0,225.0,38.0,197.0
2020,12,YX,Republic Airline,ROA,2.0,0.0,0.0,0.0,0.0,0.0,0.0,0.0,0.0,0.0,0.0,0.0,0.0,0.0,0.0
2020,12,YX,Republic Airline,ROC,47.0,1.0,0.17,0.0,0.0,0.0,0.83,0.0,0.0,23.0,4.0,0.0,0.0,0.0,19.0
2020,12,YX,Republic Airline,RSW,151.0,17.0,5.78,0.0,9.05,0.0,2.17,1.0,0.0,1059.0,545.0,0.0,370.0,0.0,144.0
2020,12,YX,Republic Airline,SAT,45.0,2.0,1.0,0.0,1.0,0.0,0.0,1.0,0.0,64.0,41.0,0.0,23.0,0.0,0.0
2020,12,YX,Republic Airline,SAV,175.0,0.0,2.7,1.0,4.3,0.0,2.0,1.0,0.0,1209.0,65.0,869.0,120.0,0.0,155.0
2020,12,YX,Republic Airline,SDF,406.0,3.0,8.52,1.71,10.18,0.0,2.6,2.0,0.0,1226.0,574.0,201.0,303.0,0.0,148.0
2020,12,YX,Republic Airline,SLC,13.0,1.0,0.0,0.0,1.0,0.0,0.0,1.0,0.0,30.0,0.0,0.0,30.0,0.0,0.0
2020,12,YX,Republic Airline,SRQ,169.0,5.0,7.43,0.0,5.57,0.0,2.0,3.0,0.0,652.0,359.0,0.0,180.0,0.0,113.0
2020,12,YX,Republic Airline,STL,125.0,10.0,7.15,0.0,1.65,0.0,1.2,1.0,0.0,434.0,341.0,0.0,55.0,0.0,38.0
2020,12,YX,Republic Airline,SYR,91.0,7.0,1.38,0.0,4.5,0.0,1.13,2.0,0.0,229.0,64.0,0.0,120.0,0.0,45.0
2020,12,YX,Republic Airline,TLH,100.0,4.0,3.86,0.0,0.13,0.0,0.01,0.0,0.0,330.0,309.0,0.0,19.0,0.0,2.0
2020,12,YX,Republic Airline,TPA,164.0,13.0,6.81,0.0,2.6,0.0,3.59,0.0,0.0,620.0,312.0,0.0,173.0,0.0,135.0
2020,12,YX,Republic Airline,TUL,16.0,0.0,0.0,0.0,0.0,0.0,0.0,0.0,0.0,0.0,0.0,0.0,0.0,0.0,0.0
2020,12,YX,Republic Airline,TUS,17.0,0.0,0.0,0.0,0.0,0.0,0.0,0.0,0.0,0.0,0.0,0.0,0.0,0.0,0.0
2020,12,YX,Republic Airline,TVC,4.0,0.0,0.0,0.0,0.0,0.0,0.0,0.0,0.0,0.0,0.0,0.0,0.0,0.0,0.0
2020,12,YX,Republic Airline,TYS,1.0,0.0,0.0,0.0,0.0,0.0,0.0,0.0,0.0,0.0,0.0,0.0,0.0,0.0,0.0
2020,12,YX,Republic Airline,VPS,8.0,0.0,0.0,0.0,0.0,0.0,0.0,0.0,0.0,0.0,0.0,0.0,0.0,0.0,0.0
2020,12,OO,SkyWest Airlines,IBnZc.N,204.0,4.0,22.0,5.0,2.0,0.0,5.0,1.0,0.0,2116.0,1468.0,407.0,67.0,0.0,174.0
2020,12,OO,SkyWest Airlines,ICnDc.C,53.0,3.0,3.0,0.0,0.0,0.0,0.0,0.0,2.0,94.0,94.0,0.0,0.0,0.0,0.0
2020,12,OO,SkyWest Airlines,ICnGc.I,53.0,3.0,2.0,0.0,1.0,0.0,0.0,1.0,0.0,123.0,76.0,0.0,47.0,0.0,0.0
2020,12,OO,SkyWest Airlines,ICnHc.A,30.0,0.0,0.0,0.0,0.0,0.0,0.0,0.0,0.0,0.0,0.0,0.0,0.0,0.0,0.0
2020,12,OO,SkyWest Airlines,ICnHc.S,33.0,8.0,7.0,0.0,0.0,0.0,1.0,0.0,0.0,317.0,286.0,0.0,0.0,0.0,31.0
2020,12,OO,SkyWest Airlines,ICnIcD.,264.0,45.0,31.0,4.0,0.0,0.0,10.0,6.0,1.0,4321.0,2752.0,851.0,0.0,0.0,718.0
2020,12,OO,SkyWest Airlines,ICnIcU.,61.0,6.0,16.0,0.0,0.0,0.0,0.0,1.0,1.0,751.0,751.0,0.0,0.0,0.0,0.0
2020,12,OO,SkyWest Airlines,ICnKc.B,53.0,5.0,4.0,0.0,1.0,0.0,0.0,2.0,0.0,219.0,191.0,0.0,28.0,0.0,0.0
2020,12,OO,SkyWest Airlines,ICnLc.E,66.0,8.0,8.0,0.0,0.0,0.0,0.0,2.0,0.0,270.0,270.0,0.0,0.0,0.0,0.0
2020,12,OO,SkyWest Airlines,ICnLc.L,26.0,3.0,3.0,0.0,0.0,0.0,0.0,0.0,1.0,101.0,101.0,0.0,0.0,0.0,0.0
2020,12,OO,SkyWest Airlines,ICnLc.T,99.0,13.0,11.0,1.0,0.0,0.0,1.0,2.0,0.0,1545.0,1490.0,35.0,0.0,0.0,20.0
2020,12,OO,SkyWest Airlines,ICnMc.H,95.0,0.0,19.0,0.0,0.0,0.0,1.0,1.0,0.0,1007.0,978.0,0.0,0.0,0.0,29.0
2020,12,OO,SkyWest Airlines,ICnMc.X,62.0,2.0,2.0,0.0,0.0,0.0,0.0,3.0,0.0,82.0,82.0,0.0,0.0,0.0,0.0
2020,12,OO,SkyWest Airlines,ICnNc.Y,31.0,2.0,1.0,0.0,0.0,0.0,1.0,1.0,1.0,62.0,26.0,0.0,0.0,0.0,36.0
2020,12,OO,SkyWest Airlines,ICnOc.D,50.0,7.0,5.0,0.0,0.0,0.0,2.0,2.0,1.0,207.0,113.0,0.0,0.0,0.0,94.0
2020,12,OO,SkyWest Airlines,ICnOc.S,442.0,61.0,44.0,3.0,2.0,0.0,12.0,2.0,1.0,4318.0,2587.0,232.0,199.0,0.0,1300.0
2020,12,OO,SkyWest Airlines,ICnPc.R,171.0,3.0,11.0,0.0,0.0,0.0,2.0,0.0,1.0,800.0,718.0,0.0,0.0,0.0,82.0
2020,12,OO,SkyWest Airlines,ICnVc.G,53.0,6.0,5.0,0.0,0.0,0.0,1.0,0.0,0.0,246.0,228.0,0.0,0.0,0.0,18.0
2020,12,OO,SkyWest Airlines,ICnYc.S,31.0,3.0,2.0,0.0,0.0,0.0,1.0,0.0,0.0,611.0,591.0,0.0,0.0,0.0,20.0
2020,12,OO,SkyWest Airlines,IDnAc.L,48.0,1.0,1.0,0.0,0.0,0.0,0.0,0.0,0.0,26.0,26.0,0.0,0.0,0.0,0.0
2020,12,OO,SkyWest Airlines,IDnAc.Y,7.0,1.0,1.0,0.0,0.0,0.0,0.0,0.0,0.0,16.0,16.0,0.0,0.0,0.0,0.0
2020,12,OO,SkyWest Airlines,IDnCc.A,53.0,2.0,0.0,0.0,1.0,0.0,1.0,1.0,0.0,32.0,0.0,0.0,16.0,0.0,16.0
2020,12,OO,SkyWest Airlines,IDnDc.C,53.0,8.0,4.0,1.0,0.0,0.0,3.0,0.0,0.0,315.0,73.0,42.0,0.0,0.0,200.0
2020,12,OO,SkyWest Airlines,IDnEc.C,53.0,5.0,2.0,0.0,0.0,0.0,3.0,1.0,0.0,382.0,72.0,0.0,0.0,0.0,310.0
2020,12,OO,SkyWest Airlines,IDnEc.N,5707.0,1075.0,697.0,63.0,187.0,2.0,126.0,64.0,1.0,85575.0,55215.0,9357.0,12411.0,48.0,8544.0
2020,12,OO,SkyWest Airlines,IDnFc.W,1800.0,1.0,186.0,22.0,12.0,5.0,156.0,20.0,4.0,35555.0,15376.0,1868.0,1809.0,220.0,16282.0
2020,12,OO,SkyWest Airlines,IDnIcK.,30.0,7.0,6.0,0.0,0.0,0.0,1.0,0.0,0.0,322.0,266.0,0.0,0.0,0.0,56.0
2020,12,OO,SkyWest Airlines,IDnRc.O,282.0,27.0,16.0,1.0,1.0,0.0,9.0,1.0,2.0,1416.0,510.0,40.0,162.0,0.0,704.0
2020,12,OO,SkyWest Airlines,IDnSc.M,163.0,24.0,14.0,0.0,1.0,0.0,9.0,6.0,2.0,1509.0,765.0,0.0,88.0,0.0,656.0
2020,12,OO,SkyWest Airlines,IDnTc.W,1709.0,264.0,196.0,59.0,3.0,1.0,5.0,12.0,1.0,28479.0,18785.0,8267.0,1106.0,37.0,284.0
2020,12,OO,SkyWest Airlines,IDnVc.L,53.0,6.0,1.0,2.0,0.0,0.0,3.0,1.0,0.0,391.0,21.0,82.0,0.0,0.0,288.0
2020,12,OO,SkyWest Airlines,IEnAc.R,61.0,9.0,8.0,0.0,0.0,0.0,1.0,3.0,0.0,269.0,229.0,0.0,0.0,0.0,40.0
2020,12,OO,SkyWest Airlines,IEnAc.U,62.0,1.0,1.0,0.0,0.0,0.0,0.0,1.0,0.0,45.0,45.0,0.0,0.0,0.0,0.0
2020,12,OO,SkyWest Airlines,IEnGc.E,149.0,25.0,6.0,3.0,9.0,0.0,7.0,10.0,2.0,1620.0,485.0,182.0,682.0,0.0,271.0
2020,12,OO,SkyWest Airlines,IEnKc.O,56.0,5.0,3.0,1.0,1.0,0.0,0.0,0.0,0.0,780.0,64.0,695.0,21.0,0.0,0.0
2020,12,OO,SkyWest Airlines,IEnLcP.,100.0,20.0,18.0,1.0,0.0,0.0,1.0,0.0,0.0,749.0,658.0,73.0,0.0,0.0,18.0
2020,12,OO,SkyWest Airlines,IEnSc.C,53.0,7.0,6.0,1.0,0.0,0.0,0.0,0.0,1.0,1235.0,1218.0,17.0,0.0,0.0,0.0
2020,12,OO,SkyWest Airlines,IEnUc.G,381.0,35.0,19.0,8.0,1.0,0.0,7.0,0.0,1.0,2149.0,780.0,734.0,34.0,0.0,601.0
2020,12,OO,SkyWest Airlines,IFnAc.I,31.0,4.0,3.0,1.0,0.0,0.0,0.0,0.0,0.0,274.0,109.0,165.0,0.0,0.0,0.0
2020,12,OO,SkyWest Airlines,IFnAc.R,135.0,22.0,18.0,3.0,0.0,0.0,1.0,5.0,1.0,1763.0,1519.0,197.0,0.0,0.0,47.0
2020,12,OO,SkyWest Airlines,IFnAc.T,538.0,60.0,28.0,8.0,1.0,0.0,23.0,9.0,2.0,5613.0,1445.0,2309.0,153.0,0.0,1706.0
2020,12,OO,SkyWest Airlines,IFnCc.A,153.0,26.0,21.0,2.0,2.0,0.0,1.0,1.0,1.0,1146.0,1001.0,49.0,75.0,0.0,21.0
2020,12,OO,SkyWest Airlines,IFnLcG.,150.0,11.0,4.0,0.0,0.0,0.0,7.0,2.0,0.0,345.0,92.0,0.0,0.0,0.0,253.0
2020,12,OO,SkyWest Airlines,IFnLcL.,1.0,0.0,0.0,0.0,0.0,0.0,0.0,0.0,0.0,0.0,0.0,0.0,0.0,0.0,0.0
2020,12,OO,SkyWest Airlines,IFnSc.D,135.0,23.0,16.0,1.0,1.0,0.0,5.0,6.0,0.0,1923.0,761.0,22.0,100.0,0.0,1040.0
2020,12,OO,SkyWest Airlines,IFnSc.M,53.0,5.0,4.0,0.0,0.0,0.0,1.0,0.0,0.0,226.0,194.0,0.0,0.0,0.0,32.0
2020,12,OO,SkyWest Airlines,IFnWc.A,206.0,37.0,30.0,3.0,0.0,0.0,4.0,1.0,1.0,2677.0,2445.0,98.0,0.0,0.0,134.0
2020,12,OO,SkyWest Airlines,IGncC.C,55.0,8.0,7.0,0.0,0.0,0.0,1.0,0.0,0.0,336.0,268.0,0.0,0.0,0.0,68.0
2020,12,OO,SkyWest Airlines,IGncE.G,295.0,47.0,33.0,9.0,1.0,1.0,3.0,0.0,0.0,2433.0,1364.0,840.0,26.0,29.0,174.0
2020,12,OO,SkyWest Airlines,IGncF.K,77.0,13.0,9.0,4.0,0.0,0.0,0.0,1.0,0.0,1401.0,1120.0,281.0,0.0,0.0,0.0
2020,12,OO,SkyWest Airlines,IGncJ.T,301.0,37.0,27.0,0.0,0.0,0.0,10.0,0.0,0.0,1608.0,1061.0,0.0,0.0,0.0,547.0
2020,12,OO,SkyWest Airlines,IGncN.V,31.0,6.0,1.0,0.0,0.0,0.0,5.0,0.0,0.0,492.0,21.0,0.0,0.0,0.0,471.0
2020,12,OO,SkyWest Airlines,IGncR.B,13.0,3.0,1.0,0.0,0.0,0.0,2.0,0.0,0.0,178.0,25.0,0.0,0.0,0.0,153.0
2020,12,OO,SkyWest Airlines,IGncR.R,78.0,15.0,12.0,1.0,0.0,0.0,2.0,1.0,0.0,577.0,313.0,186.0,0.0,0.0,78.0
2020,12,OO,SkyWest Airlines,IGncS.P,4.0,1.0,0.0,0.0,0.0,0.0,1.0,0.0,0.0,38.0,0.0,0.0,0.0,0.0,38.0
2020,12,OO,SkyWest Airlines,IGncT.F,191.0,21.0,15.0,4.0,1.0,0.0,1.0,1.0,1.0,663.0,420.0,201.0,20.0,0.0,22.0
2020,12,OO,SkyWest Airlines,IGncU.C,57.0,13.0,7.0,2.0,0.0,0.0,4.0,1.0,1.0,717.0,282.0,108.0,0.0,0.0,327.0
2020,12,OO,SkyWest Airlines,IHnDc.N,116.0,9.0,7.0,1.0,0.0,0.0,1.0,2.0,0.0,592.0,493.0,63.0,0.0,0.0,36.0
2020,12,OO,SkyWest Airlines,IHnIcB.,53.0,6.0,3.0,2.0,0.0,1.0,0.0,2.0,0.0,1483.0,729.0,736.0,0.0,18.0,0.0
2020,12,OO,SkyWest Airlines,IHnLc.N,105.0,7.0,5.0,2.0,0.0,0.0,0.0,0.0,0.0,654.0,582.0,72.0,0.0,0.0,0.0
2020,12,OO,SkyWest Airlines,IHnOc.B,23.0,0.0,0.0,0.0,0.0,0.0,0.0,0.0,1.0,0.0,0.0,0.0,0.0,0.0,0.0
2020,12,OO,SkyWest Airlines,IHnOc.U,25.0,2.0,1.0,0.0,0.0,0.0,1.0,0.0,0.0,159.0,23.0,0.0,0.0,0.0,136.0
2020,12,OO,SkyWest Airlines,IHnRc.L,114.0,10.0,5.0,2.0,0.0,0.0,3.0,0.0,0.0,406.0,213.0,50.0,0.0,0.0,143.0
2020,12,OO,SkyWest Airlines,IHnSc.V,32.0,3.0,2.0,0.0,1.0,0.0,0.0,0.0,0.0,120.0,85.0,0.0,35.0,0.0,0.0
2020,12,OO,SkyWest Airlines,IHnYc.S,53.0,9.0,8.0,0.0,0.0,0.0,1.0,0.0,0.0,392.0,274.0,0.0,0.0,0.0,118.0
2020,12,OO,SkyWest Airlines,IInAcD.,311.0,35.0,25.0,9.0,0.0,0.0,1.0,9.0,0.0,3724.0,3121.0,565.0,0.0,0.0,38.0
2020,12,OO,SkyWest Airlines,IInAcH.,1773.0,7.0,148.0,20.0,15.0,0.0,44.0,10.0,3.0,13886.0,8402.0,1791.0,1157.0,0.0,2536.0
2020,12,OO,SkyWest Airlines,IInCcT.,164.0,3.0,21.0,0.0,0.0,0.0,2.0,0.0,0.0,942.0,891.0,0.0,0.0,0.0,51.0
2020,12,OO,SkyWest Airlines,IInDcA.,206.0,25.0,19.0,1.0,1.0,0.0,4.0,0.0,0.0,1527.0,1233.0,15.0,45.0,0.0,234.0
2020,12,OO,SkyWest Airlines,IInMcT.,61.0,8.0,7.0,1.0,0.0,0.0,0.0,1.0,0.0,324.0,277.0,47.0,0.0,0.0,0.0
2020,12,OO,SkyWest Airlines,IInNcD.,108.0,8.0,4.0,1.0,0.0,0.0,3.0,0.0,0.0,575.0,117.0,15.0,0.0,0.0,443.0
2020,12,OO,SkyWest Airlines,IInNcL.,53.0,9.0,7.0,2.0,0.0,0.0,0.0,1.0,0.0,502.0,348.0,154.0,0.0,0.0,0.0
2020,12,OO,SkyWest Airlines,IInTcH.,31.0,7.0,5.0,2.0,0.0,0.0,0.0,0.0,0.0,325.0,192.0,133.0,0.0,0.0,0.0
2020,12,OO,SkyWest Airlines,IJnAcC.,141.0,22.0,17.0,2.0,1.0,0.0,2.0,0.0,2.0,752.0,635.0,38.0,41.0,0.0,38.0
2020,12,OO,SkyWest Airlines,IJnAcN.,1.0,0.0,0.0,0.0,0.0,0.0,0.0,0.0,0.0,0.0,0.0,0.0,0.0,0.0,0.0
2020,12,OO,SkyWest Airlines,IJnAcX.,45.0,5.0,5.0,0.0,0.0,0.0,0.0,0.0,0.0,128.0,128.0,0.0,0.0,0.0,0.0
2020,12,OO,SkyWest Airlines,IJnLcN.,45.0,7.0,2.0,0.0,1.0,1.0,3.0,0.0,0.0,600.0,70.0,0.0,310.0,67.0,153.0
2020,12,OO,SkyWest Airlines,IJnMc.S,84.0,12.0,7.0,1.0,0.0,0.0,4.0,2.0,1.0,764.0,607.0,40.0,0.0,0.0,117.0
2020,12,OO,SkyWest Airlines,IJnScT.,51.0,7.0,7.0,0.0,0.0,0.0,0.0,4.0,0.0,404.0,404.0,0.0,0.0,0.0,0.0
2020,12,OO,SkyWest Airlines,ILnAcN.,40.0,9.0,4.0,5.0,0.0,0.0,0.0,0.0,0.0,1122.0,214.0,908.0,0.0,0.0,0.0
2020,12,OO,SkyWest Airlines,ILnAcR.,53.0,10.0,5.0,3.0,0.0,0.0,2.0,4.0,0.0,627.0,196.0,360.0,0.0,0.0,71.0
2020,12,OO,SkyWest Airlines,ILnAcS.,379.0,22.0,16.0,4.0,0.0,0.0,2.0,0.0,0.0,894.0,600.0,161.0,0.0,0.0,133.0
2020,12,OO,SkyWest Airlines,ILnAcX.,2797.0,210.0,130.0,28.0,7.0,0.0,45.0,12.0,1.0,16452.0,9112.0,2790.0,719.0,0.0,3831.0
2020,12,OO,SkyWest Airlines,ILnBcB.,71.0,7.0,7.0,0.0,0.0,0.0,0.0,1.0,0.0,364.0,364.0,0.0,0.0,0.0,0.0
2020,12,OO,SkyWest Airlines,ILnBcF.,53.0,5.0,4.0,0.0,0.0,0.0,1.0,1.0,0.0,114.0,76.0,0.0,0.0,0.0,38.0
2020,12,OO,SkyWest Airlines,ILnBcL.,53.0,3.0,1.0,1.0,0.0,0.0,1.0,0.0,0.0,87.0,16.0,45.0,0.0,0.0,26.0
2020,12,OO,SkyWest Airlines,ILnCc.H,11.0,1.0,1.0,0.0,0.0,0.0,0.0,0.0,0.0,36.0,36.0,0.0,0.0,0.0,0.0
2020,12,OO,SkyWest Airlines,ILnEcX.,15.0,4.0,3.0,0.0,0.0,0.0,1.0,0.0,0.0,298.0,260.0,0.0,0.0,0.0,38.0
2020,12,OO,SkyWest Airlines,ILnFcT.,84.0,2.0,4.0,1.0,0.0,0.0,7.0,1.0,0.0,769.0,99.0,60.0,0.0,0.0,610.0
2020,12,OO,SkyWest Airlines,ILnGc.B,94.0,10.0,9.0,1.0,0.0,0.0,0.0,0.0,0.0,956.0,910.0,46.0,0.0,0.0,0.0
2020,12,OO,SkyWest Airlines,ILnIcT.,97.0,9.0,12.0,2.0,0.0,0.0,5.0,0.0,0.0,1557.0,1293.0,125.0,0.0,0.0,139.0
2020,12,OO,SkyWest Airlines,ILnNc.K,61.0,6.0,5.0,1.0,0.0,0.0,0.0,1.0,0.0,230.0,210.0,20.0,0.0,0.0,0.0
2020,12,OO,SkyWest Airlines,ILnRc.D,23.0,5.0,4.0,0.0,0.0,0.0,1.0,0.0,0.0,230.0,102.0,0.0,0.0,0.0,128.0
2020,12,OO,SkyWest Airlines,ILnScE.,102.0,17.0,13.0,3.0,1.0,0.0,0.0,3.0,0.0,1016.0,750.0,233.0,33.0,0.0,0.0
2020,12,OO,SkyWest Airlines,ILnWc.B,31.0,2.0,1.0,0.0,0.0,0.0,1.0,2.0,0.0,73.0,33.0,0.0,0.0,0.0,40.0
2020,12,OO,SkyWest Airlines,ILnWc.S,73.0,5.0,3.0,2.0,0.0,0.0,0.0,1.0,1.0,1030.0,78.0,952.0,0.0,0.0,0.0
2020,12,OO,SkyWest Airlines,IMncA.F,73.0,0.0,9.0,0.0,0.0,0.0,1.0,0.0,0.0,455.0,413.0,0.0,0.0,0.0,42.0
2020,12,OO,SkyWest Airlines,IMncB.S,1.0,0.0,0.0,0.0,0.0,0.0,0.0,0.0,0.0,0.0,0.0,0.0,0.0,0.0,0.0
2020,12,OO,SkyWest Airlines,IMncC.I,238.0,22.0,19.0,2.0,1.0,0.0,0.0,3.0,0.0,2079.0,1134.0,903.0,42.0,0.0,0.0
2020,12,OO,SkyWest Airlines,IMncE.I,53.0,3.0,3.0,0.0,0.0,0.0,0.0,0.0,1.0,153.0,153.0,0.0,0.0,0.0,0.0
2020,12,OO,SkyWest Airlines,IMncE.M,65.0,15.0,9.0,1.0,0.0,0.0,5.0,0.0,0.0,677.0,533.0,29.0,0.0,0.0,115.0
2020,12,OO,SkyWest Airlines,IMncF.E,4.0,0.0,0.0,0.0,0.0,0.0,0.0,0.0,0.0,0.0,0.0,0.0,0.0,0.0,0.0
2020,12,OO,SkyWest Airlines,IMncF.R,383.0,2.0,28.0,11.0,2.0,0.0,11.0,1.0,4.0,6190.0,1672.0,3164.0,39.0,0.0,1315.0
2020,12,OO,SkyWest Airlines,IMncH.T,52.0,8.0,4.0,0.0,0.0,0.0,4.0,2.0,0.0,688.0,185.0,0.0,0.0,0.0,503.0
2020,12,OO,SkyWest Airlines,IMncK.E,451.0,64.0,36.0,8.0,0.0,0.0,20.0,4.0,0.0,3267.0,1722.0,380.0,0.0,0.0,1165.0
2020,12,OO,SkyWest Airlines,IMncK.G,57.0,5.0,3.0,0.0,0.0,0.0,2.0,1.0,0.0,165.0,100.0,0.0,0.0,0.0,65.0
2020,12,OO,SkyWest Airlines,IMncL.I,6.0,0.0,0.0,0.0,0.0,0.0,0.0,0.0,0.0,0.0,0.0,0.0,0.0,0.0,0.0
2020,12,OO,SkyWest Airlines,IMncL.U,31.0,0.0,0.0,0.0,0.0,0.0,0.0,0.0,0.0,0.0,0.0,0.0,0.0,0.0,0.0
2020,12,OO,SkyWest Airlines,IMncO.T,63.0,7.0,6.0,0.0,0.0,0.0,1.0,0.0,0.0,1652.0,1620.0,0.0,0.0,0.0,32.0
2020,12,OO,SkyWest Airlines,IMncQ.T,73.0,15.0,12.0,3.0,0.0,0.0,0.0,1.0,0.0,1023.0,796.0,227.0,0.0,0.0,0.0
2020,12,OO,SkyWest Airlines,IMncR.Y,155.0,18.0,9.0,0.0,0.0,0.0,9.0,0.0,1.0,1227.0,450.0,0.0,0.0,0.0,777.0
2020,12,OO,SkyWest Airlines,IMncS.N,138.0,18.0,15.0,2.0,0.0,0.0,1.0,1.0,1.0,1014.0,552.0,300.0,0.0,0.0,162.0
2020,12,OO,SkyWest Airlines,IMncS.O,159.0,23.0,21.0,2.0,0.0,0.0,0.0,2.0,1.0,1260.0,1180.0,80.0,0.0,0.0,0.0
2020,12,OO,SkyWest Airlines,IMncS.P,2351.0,9.0,202.0,54.0,0.0,1.0,2.0,65.0,1.0,31111.0,20968.0,10048.0,0.0,22.0,73.0
2020,12,OO,SkyWest Airlines,IMncT.J,95.0,11.0,10.0,1.0,0.0,0.0,0.0,0.0,0.0,536.0,504.0,32.0,0.0,0.0,0.0
2020,12,OO,SkyWest Airlines,IOncA.K,168.0,10.0,6.0,1.0,1.0,0.0,2.0,1.0,0.0,305.0,136.0,104.0,15.0,0.0,50.0
2020,12,OO,SkyWest Airlines,IOncG.S,53.0,9.0,8.0,0.0,0.0,0.0,1.0,0.0,0.0,553.0,518.0,0.0,0.0,0.0,35.0
2020,12,OO,SkyWest Airlines,IOncK.C,388.0,67.0,55.0,2.0,0.0,1.0,9.0,3.0,1.0,3440.0,2813.0,140.0,0.0,20.0,467.0
2020,12,OO,SkyWest Airlines,IOncM.A,348.0,49.0,36.0,4.0,0.0,1.0,8.0,4.0,0.0,2638.0,1526.0,198.0,0.0,18.0,896.0
2020,12,OO,SkyWest Airlines,IOncR.D,2671.0,265.0,154.0,31.0,29.0,0.0,51.0,48.0,2.0,24913.0,12690.0,4579.0,3078.0,0.0,4566.0
2020,12,OO,SkyWest Airlines,IOncR.F,2.0,0.0,0.0,0.0,0.0,0.0,0.0,0.0,0.0,0.0,0.0,0.0,0.0,0.0,0.0
2020,12,OO,SkyWest Airlines,IOncT.H,13.0,2.0,1.0,1.0,0.0,0.0,0.0,0.0,3.0,75.0,38.0,37.0,0.0,0.0,0.0
2020,12,OO,SkyWest Airlines,IPnAc.E,23.0,1.0,1.0,0.0,0.0,0.0,0.0,0.0,0.0,25.0,25.0,0.0,0.0,0.0,0.0
2020,12,OO,SkyWest Airlines,IPnAc.H,62.0,2.0,2.0,0.0,0.0,0.0,0.0,1.0,0.0,80.0,80.0,0.0,0.0,0.0,0.0
2020,12,OO,SkyWest Airlines,IPnBc.G,53.0,7.0,4.0,0.0,0.0,0.0,3.0,1.0,0.0,848.0,506.0,0.0,0.0,0.0,342.0
2020,12,OO,SkyWest Airlines,IPnDc.X,719.0,60.0,35.0,12.0,1.0,0.0,12.0,10.0,1.0,3438.0,1651.0,791.0,16.0,0.0,980.0
2020,12,OO,SkyWest Airlines,IPnHc.X,1747.0,198.0,130.0,9.0,2.0,4.0,53.0,9.0,1.0,21417.0,11872.0,765.0,45.0,254.0,8481.0
2020,12,OO,SkyWest Airlines,IPnIcB.,53.0,2.0,2.0,0.0,0.0,0.0,0.0,0.0,0.0,46.0,46.0,0.0,0.0,0.0,0.0
2020,12,OO,SkyWest Airlines,IPnIcH.,100.0,14.0,12.0,2.0,0.0,0.0,0.0,0.0,0.0,1106.0,857.0,249.0,0.0,0.0,0.0
2020,12,OO,SkyWest Airlines,IPnIcR.,53.0,9.0,6.0,0.0,0.0,0.0,3.0,0.0,0.0,380.0,231.0,0.0,0.0,0.0,149.0
2020,12,OO,SkyWest Airlines,IPnIcT.,90.0,12.0,10.0,2.0,0.0,0.0,0.0,3.0,0.0,750.0,676.0,74.0,0.0,0.0,0.0
2020,12,OO,SkyWest Airlines,IPnLcN.,53.0,10.0,7.0,3.0,0.0,0.0,0.0,0.0,0.0,1014.0,229.0,785.0,0.0,0.0,0.0
2020,12,OO,SkyWest Airlines,IPnNc.S,41.0,6.0,2.0,0.0,0.0,0.0,4.0,1.0,1.0,543.0,273.0,0.0,0.0,0.0,270.0
2020,12,OO,SkyWest Airlines,IPnRc.C,63.0,6.0,6.0,0.0,0.0,0.0,0.0,0.0,0.0,234.0,234.0,0.0,0.0,0.0,0.0
2020,12,OO,SkyWest Airlines,IPnSc.C,272.0,31.0,18.0,10.0,2.0,0.0,1.0,1.0,1.0,1830.0,953.0,618.0,226.0,0.0,33.0
2020,12,OO,SkyWest Airlines,IPnSc.P,542.0,67.0,48.0,4.0,3.0,0.0,12.0,7.0,3.0,5981.0,2418.0,769.0,2065.0,0.0,729.0
2020,12,OO,SkyWest Airlines,IPnUc.B,53.0,7.0,6.0,0.0,0.0,0.0,1.0,1.0,0.0,226.0,181.0,0.0,0.0,0.0,45.0
2020,12,OO,SkyWest Airlines,IPnVc.D,15.0,3.0,2.0,1.0,0.0,0.0,0.0,0.0,0.0,201.0,166.0,35.0,0.0,0.0,0.0
2020,12,OO,SkyWest Airlines,IPnWc.M,,,,,,,,,,,,,,,
2020,12,OO,SkyWest Airlines,IRnAc.P,192.0,26.0,18.0,6.0,0.0,0.0,2.0,3.0,0.0,991.0,512.0,324.0,0.0,0.0,155.0
2020,12,OO,SkyWest Airlines,IRnDc.D,29.0,3.0,3.0,0.0,0.0,0.0,0.0,0.0,0.0,182.0,182.0,0.0,0.0,0.0,0.0
2020,12,OO,SkyWest Airlines,IRnDc.M,372.0,37.0,23.0,9.0,0.0,0.0,5.0,0.0,3.0,3701.0,1235.0,1993.0,0.0,0.0,473.0
2020,12,OO,SkyWest Airlines,IRnHc.I,63.0,11.0,9.0,2.0,0.0,0.0,0.0,2.0,1.0,490.0,340.0,150.0,0.0,0.0,0.0
2020,12,OO,SkyWest Airlines,IRnIcC.,15.0,1.0,1.0,0.0,0.0,0.0,0.0,0.0,1.0,31.0,31.0,0.0,0.0,0.0,0.0
2020,12,OO,SkyWest Airlines,IRnIcW.,45.0,1.0,0.0,0.0,1.0,0.0,0.0,2.0,2.0,699.0,0.0,0.0,699.0,0.0,0.0
2020,12,OO,SkyWest Airlines,IRnKc.S,45.0,5.0,5.0,0.0,0.0,0.0,0.0,0.0,1.0,145.0,145.0,0.0,0.0,0.0,0.0
2020,12,OO,SkyWest Airlines,IRnNc.O,370.0,25.0,19.0,2.0,0.0,0.0,4.0,0.0,0.0,978.0,729.0,40.0,0.0,0.0,209.0
2020,12,OO,SkyWest Airlines,IRnOc.A,17.0,0.0,0.0,0.0,0.0,0.0,0.0,0.0,0.0,0.0,0.0,0.0,0.0,0.0,0.0
2020,12,OO,SkyWest Airlines,IRnOc.C,1.0,0.0,0.0,0.0,0.0,0.0,0.0,0.0,0.0,0.0,0.0,0.0,0.0,0.0,0.0
2020,12,OO,SkyWest Airlines,IRnOc.W,57.0,6.0,1.0,0.0,0.0,0.0,5.0,0.0,0.0,198.0,24.0,0.0,0.0,0.0,174.0
2020,12,OO,SkyWest Airlines,IRnSc.T,92.0,9.0,7.0,1.0,0.0,0.0,1.0,1.0,1.0,1112.0,395.0,687.0,0.0,0.0,30.0
2020,12,OO,SkyWest Airlines,ISnAc.F,96.0,18.0,7.0,0.0,0.0,0.0,11.0,0.0,0.0,2088.0,1201.0,0.0,0.0,0.0,887.0
2020,12,OO,SkyWest Airlines,ISnAc.N,512.0,39.0,24.0,1.0,1.0,0.0,13.0,2.0,2.0,1896.0,1049.0,15.0,16.0,0.0,816.0
2020,12,OO,SkyWest Airlines,ISnAc.T,324.0,63.0,50.0,10.0,1.0,0.0,2.0,2.0,0.0,2564.0,1839.0,472.0,88.0,0.0,165.0
2020,12,OO,SkyWest Airlines,ISnAc.V,8.0,1.0,1.0,0.0,0.0,0.0,0.0,0.0,0.0,17.0,17.0,0.0,0.0,0.0,0.0
2020,12,OO,SkyWest Airlines,ISnBc.A,176.0,11.0,9.0,0.0,0.0,0.0,2.0,0.0,0.0,484.0,301.0,0.0,0.0,0.0,183.0
2020,12,OO,SkyWest Airlines,ISnBc.N,240.0,32.0,25.0,2.0,1.0,0.0,4.0,2.0,0.0,1729.0,1494.0,60.0,46.0,0.0,129.0
2020,12,OO,SkyWest Airlines,ISnBc.P,266.0,24.0,16.0,0.0,0.0,0.0,8.0,0.0,1.0,1159.0,741.0,0.0,0.0,0.0,418.0
2020,12,OO,SkyWest Airlines,ISnCc.E,32.0,10.0,7.0,3.0,0.0,0.0,0.0,1.0,1.0,600.0,472.0,128.0,0.0,0.0,0.0
2020,12,OO,SkyWest Airlines,ISnDc.F,30.0,7.0,6.0,0.0,0.0,0.0,1.0,0.0,0.0,402.0,335.0,0.0,0.0,0.0,67.0
2020,12,OO,SkyWest Airlines,ISnEc.A,1883.0,160.0,109.0,35.0,3.0,0.0,13.0,16.0,10.0,10028.0,4687.0,4435.0,258.0,0.0,648.0
2020,12,OO,SkyWest Airlines,ISnFc.O,2667.0,195.0,125.0,26.0,8.0,0.0,36.0,14.0,5.0,15447.0,9334.0,2294.0,1355.0,0.0,2464.0
2020,12,OO,SkyWest Airlines,ISnGc.F,114.0,16.0,11.0,2.0,0.0,0.0,3.0,1.0,0.0,822.0,484.0,129.0,0.0,0.0,209.0
2020,12,OO,SkyWest Airlines,ISnGc.U,283.0,22.0,17.0,3.0,0.0,0.0,2.0,1.0,0.0,1384.0,1099.0,226.0,0.0,0.0,59.0
2020,12,OO,SkyWest Airlines,ISnHc.D,53.0,11.0,9.0,0.0,0.0,0.0,2.0,1.0,0.0,525.0,441.0,0.0,0.0,0.0,84.0
2020,12,OO,SkyWest Airlines,ISnHc.R,53.0,5.0,3.0,0.0,0.0,0.0,2.0,0.0,1.0,273.0,171.0,0.0,0.0,0.0,102.0
2020,12,OO,SkyWest Airlines,ISnHc.V,133.0,14.0,11.0,1.0,0.0,0.0,2.0,1.0,1.0,452.0,298.0,21.0,0.0,0.0,133.0
2020,12,OO,SkyWest Airlines,ISnJcC.,607.0,3.0,32.0,7.0,0.0,0.0,14.0,4.0,1.0,3006.0,1458.0,771.0,0.0,0.0,777.0
2020,12,OO,SkyWest Airlines,ISnLcC.,4062.0,411.0,316.0,77.0,2.0,0.0,16.0,10.0,0.0,36490.0,26348.0,8651.0,331.0,0.0,1160.0
2020,12,OO,SkyWest Airlines,ISnLcN.,53.0,6.0,4.0,0.0,0.0,0.0,2.0,0.0,0.0,220.0,127.0,0.0,0.0,0.0,93.0
2020,12,OO,SkyWest Airlines,ISnMc.F,398.0,25.0,12.0,7.0,0.0,1.0,5.0,0.0,3.0,1606.0,684.0,470.0,0.0,153.0,299.0
2020,12,OO,SkyWest Airlines,ISnNc.A,229.0,5.0,13.0,0.0,0.0,0.0,2.0,1.0,0.0,765.0,665.0,0.0,0.0,0.0,100.0
2020,12,OO,SkyWest Airlines,ISnRc.Q,8.0,2.0,2.0,0.0,0.0,0.0,0.0,0.0,0.0,59.0,59.0,0.0,0.0,0.0,0.0
2020,12,OO,SkyWest Airlines,ISnTc.L,214.0,24.0,22.0,0.0,0.0,0.0,2.0,0.0,0.0,843.0,778.0,0.0,0.0,0.0,65.0
2020,12,OO,SkyWest Airlines,ISnTc.S,76.0,3.0,2.0,0.0,0.0,0.0,1.0,0.0,0.0,155.0,38.0,0.0,0.0,0.0,117.0
2020,12,OO,SkyWest Airlines,ISnUc.N,170.0,4.0,31.0,2.0,1.0,0.0,0.0,0.0,4.0,1102.0,886.0,195.0,21.0,0.0,0.0
2020,12,OO,SkyWest Airlines,ISnUc.X,29.0,3.0,2.0,0.0,0.0,0.0,1.0,1.0,0.0,165.0,87.0,0.0,0.0,0.0,78.0
2020,12,OO,SkyWest Airlines,ISnYc.R,1.0,0.0,0.0,0.0,0.0,0.0,0.0,0.0,0.0,0.0,0.0,0.0,0.0,0.0,0.0
2020,12,OO,SkyWest Airlines,ITnLcH.,42.0,7.0,5.0,0.0,0.0,0.0,2.0,1.0,0.0,586.0,232.0,0.0,0.0,0.0,354.0
2020,12,OO,SkyWest Airlines,ITnPc.A,9.0,4.0,3.0,0.0,1.0,0.0,0.0,0.0,0.0,152.0,130.0,0.0,22.0,0.0,0.0
2020,12,OO,SkyWest Airlines,ITnRc.I,31.0,5.0,1.0,0.0,1.0,0.0,3.0,0.0,1.0,352.0,103.0,0.0,49.0,0.0,200.0
2020,12,OO,SkyWest Airlines,ITnUc.L,141.0,28.0,21.0,0.0,1.0,0.0,6.0,1.0,1.0,1477.0,1075.0,0.0,142.0,0.0,260.0
2020,12,OO,SkyWest Airlines,ITnUc.S,462.0,59.0,38.0,9.0,1.0,0.0,11.0,0.0,0.0,3411.0,1995.0,813.0,39.0,0.0,564.0
2020,12,OO,SkyWest Airlines,ITnVc.C,90.0,16.0,12.0,4.0,0.0,0.0,0.0,2.0,0.0,2326.0,1535.0,791.0,0.0,0.0,0.0
2020,12,OO,SkyWest Airlines,ITnWc.F,100.0,0.0,10.0,0.0,0.0,0.0,0.0,0.0,0.0,326.0,326.0,0.0,0.0,0.0,0.0
2020,12,OO,SkyWest Airlines,ITnYc.S,47.0,6.0,5.0,0.0,0.0,0.0,1.0,0.0,0.0,200.0,143.0,0.0,0.0,0.0,57.0
2020,12,OO,SkyWest Airlines,IVnCc.T,53.0,6.0,4.0,1.0,0.0,0.0,1.0,2.0,0.0,1760.0,1614.0,58.0,0.0,0.0,88.0
2020,12,OO,SkyWest Airlines,IVnEc.L,53.0,6.0,2.0,3.0,0.0,0.0,1.0,3.0,4.0,346.0,61.0,224.0,0.0,0.0,61.0
2020,12,OO,SkyWest Airlines,IVnPc.S,1.0,0.0,0.0,0.0,0.0,0.0,0.0,0.0,0.0,0.0,0.0,0.0,0.0,0.0,0.0
2020,12,OO,SkyWest Airlines,IXnNc.A,31.0,3.0,2.0,1.0,0.0,0.0,0.0,0.0,3.0,99.0,64.0,35.0,0.0,0.0,0.0
2020,12,OO,SkyWest Airlines,IXnWc.A,57.0,7.0,5.0,0.0,0.0,0.0,2.0,0.0,0.0,316.0,237.0,0.0,0.0,0.0,79.0
2020,12,OO,SkyWest Airlines,IYnUc.M,125.0,13.0,7.0,0.0,0.0,0.0,6.0,1.0,0.0,1095.0,410.0,0.0,0.0,0.0,685.0
2020,12,UA,United Air Lines I,nAcN.C,35.0,7.0,3.6,0.0,2.73,0.0,0.67,0.0,0.0,349.0,231.0,0.0,90.0,0.0,28.0
2020,12,UA,United Air Lines I,nAcT.L,164.0,4.0,10.31,0.0,9.07,0.0,4.62,1.0,0.0,1097.0,537.0,0.0,302.0,0.0,258.0
2020,12,UA,United Air Lines I,nAcU.S,294.0,32.0,15.73,1.0,8.27,0.0,7.0,1.0,1.0,1720.0,706.0,26.0,323.0,0.0,665.0
2020,12,UA,United Air Lines I,nBcD.L,33.0,10.0,4.65,0.0,2.72,0.0,2.63,1.0,0.0,549.0,300.0,0.0,73.0,0.0,176.0
2020,12,UA,United Air Lines I,nBcI.L,55.0,9.0,3.06,0.0,1.41,0.0,4.53,0.0,0.0,535.0,172.0,0.0,51.0,0.0,312.0
2020,12,UA,United Air Lines I,nBcN.A,67.0,7.0,3.16,0.0,1.27,0.0,2.57,0.0,0.0,250.0,103.0,0.0,46.0,0.0,101.0
2020,12,UA,United Air Lines I,nBcO.I,57.0,7.0,2.81,0.0,1.22,0.0,2.97,0.0,0.0,458.0,134.0,0.0,41.0,0.0,283.0
2020,12,UA,United Air Lines I,nBcO.S,538.0,52.0,18.53,3.78,19.79,0.0,9.89,30.0,0.0,2983.0,812.0,672.0,632.0,0.0,867.0
2020,12,UA,United Air Lines I,nBcW.I,96.0,4.0,4.0,,3.63,0.0,2.84,0.0,0.0,753.0,360.0,117.0,84.0,0.0,192.0
2020,12,UA,United Air Lines I,nBcZ.N,111.0,6.0,5.85,0.0,5.94,0.0,4.21,2.0,0.0,621.0,290.0,0.0,156.0,0.0,175.0
2020,12,UA,United Air Lines I,nCcH.S,29.0,5.0,2.18,1.0,0.0,0.0,1.82,0.0,0.0,382.0,98.0,76.0,0.0,0.0,208.0
2020,12,UA,United Air Lines I,nCcL.E,309.0,38.0,15.18,0.0,12.92,0.0,9.9,1.0,1.0,1946.0,866.0,0.0,331.0,0.0,749.0
2020,12,UA,United Air Lines I,nCcL.T,47.0,8.0,3.71,1.0,0.34,0.0,2.94,1.0,0.0,397.0,136.0,72.0,20.0,0.0,169.0
2020,12,UA,United Air Lines I,nCcM.H,2.0,1.0,0.0,0.0,0.0,0.0,1.0,0.0,0.0,58.0,0.0,0.0,0.0,0.0,58.0
2020,12,UA,United Air Lines I,nCcO.S,13.0,4.0,0.68,0.0,0.36,0.0,2.96,0.0,0.0,295.0,21.0,0.0,9.0,0.0,265.0
2020,12,UA,United Air Lines I,nCcV.G,31.0,8.0,1.3,0.0,3.0,0.0,3.7,0.0,0.0,338.0,73.0,0.0,59.0,0.0,206.0
2020,12,UA,United Air Lines I,nDcC.A,53.0,4.0,0.69,0.0,3.31,0.0,0.0,0.0,0.0,93.0,11.0,0.0,82.0,0.0,0.0
2020,12,UA,United Air Lines I,nDcE.N,4195.0,531.0,127.9,8.12,305.32,0.96,88.7,45.0,2.0,31066.0,11998.0,364.0,11346.0,118.0,7240.0
2020,12,UA,United Air Lines I,nDcF.W,151.0,8.0,8.75,2.2,11.26,0.0,5.79,0.0,0.0,1594.0,620.0,91.0,457.0,0.0,426.0
2020,12,UA,United Air Lines I,nDcS.M,30.0,10.0,3.36,0.64,4.63,0.0,1.38,0.0,0.0,1130.0,153.0,448.0,195.0,0.0,334.0
2020,12,UA,United Air Lines I,nDcT.W,12.0,1.0,1.0,0.0,0.0,0.0,0.0,0.0,0.0,51.0,51.0,0.0,0.0,0.0,0.0
2020,12,UA,United Air Lines I,nEcG.E,53.0,9.0,0.49,1.65,6.86,0.0,0.0,1.0,4.0,502.0,26.0,139.0,337.0,0.0,0.0
2020,12,UA,United Air Lines I,nEcU.G,31.0,6.0,0.67,0.0,2.33,0.0,3.0,0.0,0.0,394.0,33.0,0.0,79.0,0.0,282.0
2020,12,UA,United Air Lines I,nEcW.R,2108.0,231.0,83.55,9.36,95.02,0.0,43.07,54.0,1.0,11994.0,5048.0,802.0,3086.0,0.0,3058.0
2020,12,UA,United Air Lines I,nFcC.A,31.0,6.0,3.18,0.0,0.94,0.0,1.87,0.0,1.0,175.0,72.0,0.0,28.0,0.0,75.0
2020,12,UA,United Air Lines I,nFcL.L,598.0,6.0,25.12,4.0,27.78,0.0,9.1,8.0,0.0,3361.0,1305.0,136.0,865.0,0.0,1055.0
2020,12,UA,United Air Lines I,nFcS.D,31.0,5.0,2.77,0.0,1.02,0.0,1.22,0.0,0.0,208.0,109.0,0.0,23.0,0.0,76.0
2020,12,UA,United Air Lines I,nGcE.G,62.0,9.0,6.57,0.0,1.54,0.0,0.89,0.0,0.0,535.0,375.0,0.0,60.0,0.0,100.0
2020,12,UA,United Air Lines I,nGcU.M,44.0,2.0,1.52,0.0,0.0,0.0,0.48,0.0,0.0,150.0,87.0,0.0,0.0,0.0,63.0
2020,12,UA,United Air Lines I,nHcD.N,23.0,3.0,1.58,0.0,1.42,0.0,0.0,0.0,0.0,88.0,47.0,0.0,41.0,0.0,0.0
2020,12,UA,United Air Lines I,nHcN.L,294.0,24.0,12.13,0.0,6.91,0.0,4.97,1.0,1.0,1658.0,711.0,0.0,200.0,0.0,747.0
2020,12,UA,United Air Lines I,nIAc.D,1301.0,25.0,50.86,4.35,43.92,0.0,25.87,32.0,1.0,7273.0,2836.0,1386.0,1275.0,0.0,1776.0
2020,12,UA,United Air Lines I,nIAc.H,2561.0,9.0,69.87,5.98,130.92,0.0,52.23,6.0,2.0,10369.0,2815.0,237.0,3826.0,0.0,3491.0
2020,12,UA,United Air Lines I,nINc.D,62.0,11.0,3.48,0.0,3.41,0.0,4.11,0.0,0.0,614.0,137.0,0.0,216.0,0.0,261.0
2020,12,UA,United Air Lines I,nJcA.C,137.0,21.0,10.46,0.81,4.35,0.0,5.38,0.0,0.0,1541.0,1161.0,38.0,102.0,0.0,240.0
2020,12,UA,United Air Lines I,nJcA.X,30.0,2.0,1.0,0.0,1.0,0.0,0.0,0.0,0.0,63.0,19.0,0.0,44.0,0.0,0.0
2020,12,UA,United Air Lines I,nKcO.A,109.0,7.0,1.96,0.0,4.04,0.0,1.0,0.0,0.0,244.0,104.0,0.0,124.0,0.0,16.0
2020,12,UA,United Air Lines I,nLcA.S,538.0,43.0,19.44,1.24,10.02,0.0,12.3,5.0,0.0,3353.0,1455.0,105.0,321.0,0.0,1472.0
2020,12,UA,United Air Lines I,nLcA.X,981.0,95.0,49.17,3.8,24.17,0.0,17.86,3.0,2.0,6091.0,3290.0,401.0,876.0,0.0,1524.0
2020,12,UA,United Air Lines I,nLcG.A,313.0,25.0,5.42,0.68,7.67,0.0,11.22,12.0,1.0,1853.0,266.0,26.0,283.0,0.0,1278.0
2020,12,UA,United Air Lines I,nLcIH.,30.0,0.0,0.0,0.0,0.0,0.0,0.0,2.0,0.0,0.0,0.0,0.0,0.0,0.0,0.0
2020,12,UA,United Air Lines I,nMcA.F,19.0,2.0,1.0,0.45,0.4,0.0,0.15,0.0,0.0,41.0,21.0,9.0,8.0,0.0,3.0
2020,12,UA,United Air Lines I,nMcC.I,98.0,21.0,6.18,0.38,7.13,0.0,7.31,0.0,0.0,1104.0,478.0,33.0,250.0,0.0,343.0
2020,12,UA,United Air Lines I,nMcC.O,751.0,92.0,36.56,4.03,37.09,0.0,14.32,5.0,0.0,6262.0,3390.0,258.0,1072.0,0.0,1542.0
2020,12,UA,United Air Lines I,nMcE.M,1.0,0.0,0.0,0.0,0.0,0.0,0.0,0.0,0.0,0.0,0.0,0.0,0.0,0.0,0.0
2020,12,UA,United Air Lines I,nMcF.E,15.0,1.0,0.98,0.0,0.02,0.0,0.0,0.0,0.0,49.0,48.0,0.0,1.0,0.0,0.0
2020,12,UA,United Air Lines I,nMcF.R,16.0,5.0,1.54,0.0,2.46,0.0,1.0,0.0,1.0,176.0,52.0,0.0,82.0,0.0,42.0
2020,12,UA,United Air Lines I,nMcI.A,356.0,49.0,18.34,2.68,20.28,0.0,7.7,3.0,1.0,2266.0,890.0,114.0,650.0,0.0,612.0
2020,12,UA,United Air Lines I,nMcK.E,13.0,2.0,0.0,0.0,1.01,0.0,0.99,0.0,0.0,361.0,0.0,0.0,53.0,0.0,308.0
2020,12,UA,United Air Lines I,nMcS.O,31.0,3.0,0.14,0.0,0.15,0.0,2.71,0.0,0.0,175.0,10.0,0.0,4.0,0.0,161.0
2020,12,UA,United Air Lines I,nMcS.P,129.0,6.0,6.64,1.24,1.76,0.0,6.37,5.0,0.0,978.0,433.0,124.0,49.0,0.0,372.0
2020,12,UA,United Air Lines I,nMcS.Y,188.0,3.0,7.03,0.0,10.68,0.0,5.28,0.0,0.0,1167.0,469.0,0.0,334.0,0.0,364.0
2020,12,UA,United Air Lines I,nMcT.J,41.0,12.0,1.07,0.0,4.79,0.0,6.15,4.0,0.0,665.0,31.0,0.0,112.0,0.0,522.0
2020,12,UA,United Air Lines I,nOcG.G,191.0,18.0,11.97,0.0,6.03,0.0,0.0,2.0,0.0,1095.0,904.0,0.0,191.0,0.0,0.0
2020,12,UA,United Air Lines I,nOcM.A,58.0,16.0,4.89,0.0,6.27,0.0,4.83,0.0,0.0,823.0,239.0,0.0,176.0,0.0,408.0
2020,12,UA,United Air Lines I,nOcN.T,31.0,4.0,1.26,0.0,1.71,0.0,1.03,0.0,0.0,88.0,26.0,0.0,30.0,0.0,32.0
2020,12,UA,United Air Lines I,nOcR.D,2611.0,229.0,73.42,7.01,113.3,0.0,35.27,26.0,2.0,13224.0,4748.0,550.0,3789.0,0.0,4137.0
2020,12,UA,United Air Lines I,nOcR.F,56.0,4.0,2.96,0.0,0.17,0.0,0.87,1.0,0.0,131.0,85.0,0.0,7.0,0.0,39.0
2020,12,UA,United Air Lines I,nPcB.I,148.0,4.0,7.49,1.22,10.46,0.0,4.83,3.0,0.0,925.0,200.0,44.0,371.0,0.0,310.0
2020,12,UA,United Air Lines I,nPcD.X,262.0,32.0,18.63,1.46,6.4,0.0,5.51,0.0,0.0,1166.0,684.0,94.0,138.0,0.0,250.0
2020,12,UA,United Air Lines I,nPcH.L,97.0,17.0,6.21,1.15,4.92,0.0,4.73,2.0,0.0,1185.0,376.0,100.0,215.0,0.0,494.0
2020,12,UA,United Air Lines I,nPcH.X,433.0,34.0,12.14,2.96,11.97,0.0,6.93,1.0,0.0,2004.0,721.0,53.0,372.0,0.0,858.0
2020,12,UA,United Air Lines I,nPcI.T,66.0,13.0,2.66,0.0,5.37,0.0,4.97,1.0,0.0,695.0,291.0,0.0,118.0,0.0,286.0
2020,12,UA,United Air Lines I,nPcN.S,,,,,,,,,,,,,,,
2020,12,UA,United Air Lines I,nPcS.P,46.0,9.0,2.09,0.0,2.59,0.0,4.33,0.0,0.0,511.0,66.0,0.0,128.0,0.0,317.0
2020,12,UA,United Air Lines I,nPcW.M,4.0,0.0,0.0,0.0,0.0,0.0,0.0,1.0,0.0,0.0,0.0,0.0,0.0,0.0,0.0
2020,12,UA,United Air Lines I,nRcA.P,30.0,6.0,2.61,0.0,1.73,0.0,1.66,1.0,0.0,258.0,134.0,0.0,67.0,0.0,57.0
2020,12,UA,United Air Lines I,nRcI.C,26.0,3.0,0.39,0.0,1.61,0.0,1.0,0.0,0.0,59.0,7.0,0.0,36.0,0.0,16.0
2020,12,UA,United Air Lines I,nRcN.O,60.0,11.0,6.48,0.0,3.52,0.0,1.0,0.0,0.0,454.0,274.0,0.0,89.0,0.0,91.0
2020,12,UA,United Air Lines I,nRcO.C,5.0,0.0,0.0,0.0,0.0,0.0,0.0,0.0,0.0,0.0,0.0,0.0,0.0,0.0,0.0
2020,12,UA,United Air Lines I,nRcS.W,469.0,53.0,19.68,1.52,25.41,0.0,6.39,6.0,1.0,2414.0,1200.0,70.0,748.0,0.0,396.0
2020,12,UA,United Air Lines I,nScA.N,477.0,45.0,14.75,1.0,18.89,0.0,10.36,7.0,1.0,1935.0,787.0,15.0,577.0,0.0,556.0
2020,12,UA,United Air Lines I,nScA.T,48.0,7.0,3.77,0.0,0.75,0.0,2.49,0.0,0.0,615.0,307.0,0.0,43.0,0.0,265.0
2020,12,UA,United Air Lines I,nScE.A,363.0,26.0,13.36,1.02,5.2,0.0,6.41,2.0,1.0,1161.0,456.0,75.0,159.0,0.0,471.0
2020,12,UA,United Air Lines I,nScF.O,1676.0,97.0,40.08,3.75,27.38,0.0,25.8,28.0,2.0,6454.0,3142.0,262.0,996.0,0.0,2054.0
2020,12,UA,United Air Lines I,nScJ.C,31.0,7.0,2.75,0.0,2.82,0.0,1.43,0.0,0.0,503.0,146.0,0.0,83.0,0.0,274.0
2020,12,UA,United Air Lines I,nScJ.U,182.0,20.0,12.76,1.0,2.94,0.0,3.29,2.0,0.0,843.0,502.0,149.0,99.0,0.0,93.0
2020,12,UA,United Air Lines I,nScL.C,118.0,14.0,4.32,2.0,5.68,0.0,2.0,0.0,0.0,870.0,100.0,170.0,103.0,0.0,497.0
2020,12,UA,United Air Lines I,nScM.F,160.0,24.0,9.56,1.0,9.28,0.0,4.16,0.0,0.0,919.0,431.0,32.0,212.0,0.0,244.0
2020,12,UA,United Air Lines I,nScN.A,193.0,1.0,9.12,1.0,7.26,0.0,3.63,0.0,0.0,944.0,414.0,32.0,322.0,0.0,176.0
2020,12,UA,United Air Lines I,nScP.N,13.0,1.0,0.0,1.0,0.0,0.0,0.0,0.0,0.0,24.0,0.0,24.0,0.0,0.0,0.0
2020,12,UA,United Air Lines I,nScR.Q,18.0,2.0,1.0,0.0,1.0,0.0,0.0,2.0,0.0,69.0,25.0,0.0,44.0,0.0,0.0
2020,12,UA,United Air Lines I,nScT.L,,,,,,,,,,,,,,,
2020,12,UA,United Air Lines I,nScT.T,55.0,3.0,1.0,0.0,2.0,0.0,0.0,1.0,0.0,50.0,16.0,0.0,34.0,0.0,0.0
2020,12,UA,United Air Lines I,nTcP.A,507.0,63.0,15.91,3.37,30.38,0.0,13.34,7.0,0.0,2759.0,705.0,229.0,886.0,0.0,939.0
2020,12,UA,United Air Lines I,nTcU.S,12.0,0.0,0.0,0.0,0.0,0.0,0.0,0.0,0.0,0.0,0.0,0.0,0.0,0.0,0.0
2020,12,WN,Southwest Airline,sA BCQo.,371.0,2.0,18.81,1.0,6.96,0.0,15.23,10.0,0.0,1707.0,668.0,113.0,229.0,0.0,697.0
2020,12,WN,Southwest Airline,sA LCBo.,168.0,17.0,10.64,0.0,2.8,0.0,3.56,9.0,0.0,643.0,394.0,0.0,120.0,0.0,129.0
2020,12,WN,Southwest Airline,sA MCoA.,81.0,7.0,3.28,0.0,2.08,0.0,1.64,1.0,0.0,546.0,299.0,0.0,115.0,0.0,132.0
2020,12,WN,Southwest Airline,sA TCLo.,2072.0,2.0,95.74,1.88,41.93,1.52,70.94,12.0,0.0,8506.0,4142.0,100.0,1302.0,55.0,2907.0
2020,12,WN,Southwest Airline,sA UCSo.,914.0,134.0,69.78,0.96,24.03,0.85,38.38,4.0,5.0,4885.0,2581.0,25.0,737.0,28.0,1514.0
2020,12,WN,Southwest Airline,sB DCLo.,169.0,30.0,20.45,0.0,3.65,0.0,5.91,4.0,0.0,1118.0,697.0,0.0,98.0,0.0,323.0
2020,12,WN,Southwest Airline,sB HCMo.,194.0,1.0,14.72,0.0,3.68,0.0,12.6,0.0,0.0,1200.0,598.0,0.0,74.0,0.0,528.0
2020,12,WN,Southwest Airline,sB NCAo.,2467.0,252.0,89.89,0.3,79.93,0.0,81.88,14.0,1.0,9124.0,3426.0,9.0,2432.0,0.0,3257.0
2020,12,WN,Southwest Airline,sB OCoI.,228.0,34.0,13.99,0.0,4.6,1.0,14.41,0.0,0.0,1387.0,419.0,0.0,181.0,95.0,692.0
2020,12,WN,Southwest Airline,sB OCoS.,269.0,32.0,18.23,0.0,5.48,0.0,8.29,10.0,0.0,1328.0,619.0,0.0,186.0,0.0,523.0
2020,12,WN,Southwest Airline,sB UCFo.,296.0,27.0,13.83,0.0,4.57,0.0,8.6,8.0,0.0,1314.0,670.0,0.0,271.0,0.0,373.0
2020,12,WN,Southwest Airline,sB UCRo.,536.0,41.0,18.39,0.0,6.34,0.0,16.28,1.0,1.0,1513.0,630.0,0.0,218.0,0.0,665.0
2020,12,WN,Southwest Airline,sB WCoI.,3890.0,0.0,2.0,,104.09,0.54,107.78,83.0,11.0,11161.0,3724.0,222.0,3092.0,14.0,4109.0
2020,12,WN,Southwest Airline,sC CHoS.,186.0,25.0,13.01,0.0,5.02,0.0,6.97,1.0,0.0,758.0,365.0,0.0,163.0,0.0,230.0
2020,12,WN,Southwest Airline,sC CLEo.,284.0,45.0,25.35,0.0,7.87,0.0,11.78,4.0,1.0,1499.0,878.0,0.0,200.0,0.0,421.0
2020,12,WN,Southwest Airline,sC CLTo.,172.0,22.0,12.65,0.78,5.12,0.0,3.45,0.0,0.0,957.0,577.0,18.0,126.0,0.0,236.0
2020,12,WN,Southwest Airline,sC CMoH.,498.0,1.0,23.07,0.78,18.41,0.0,28.74,3.0,1.0,2681.0,746.0,51.0,535.0,0.0,1349.0
2020,12,WN,Southwest Airline,sC CRoP.,64.0,10.0,6.09,0.0,0.4,0.0,3.5,0.0,0.0,286.0,177.0,0.0,9.0,0.0,100.0
2020,12,WN,Southwest Airline,sC CVGo.,145.0,0.0,12.66,1.0,7.07,0.0,9.27,3.0,0.0,810.0,324.0,15.0,161.0,0.0,310.0
2020,12,WN,Southwest Airline,sD CALo.,3325.0,326.0,113.87,3.67,119.73,1.82,86.92,14.0,10.0,14395.0,4775.0,295.0,5476.0,147.0,3702.0
2020,12,WN,Southwest Airline,sD CCoA.,290.0,5.0,9.68,0.0,8.33,0.0,6.99,9.0,1.0,1136.0,411.0,0.0,289.0,0.0,436.0
2020,12,WN,Southwest Airline,sD CENo.,5056.0,746.0,201.78,9.54,367.74,5.46,161.48,41.0,2.0,27897.0,7565.0,456.0,13277.0,144.0,6455.0
2020,12,WN,Southwest Airline,sD CSMo.,91.0,12.0,6.05,0.0,2.29,0.0,3.66,4.0,0.0,388.0,220.0,0.0,38.0,0.0,130.0
2020,12,WN,Southwest Airline,sD CTWo.,272.0,30.0,17.64,0.0,3.05,0.0,9.31,5.0,0.0,954.0,498.0,0.0,84.0,0.0,372.0
2020,12,WN,Southwest Airline,sE CCPo.,139.0,5.0,12.21,0.0,4.64,0.0,8.15,0.0,0.0,852.0,408.0,0.0,135.0,0.0,309.0
2020,12,WN,Southwest Airline,sE LCPo.,249.0,30.0,14.99,0.0,4.69,0.0,10.32,0.0,0.0,1190.0,465.0,0.0,227.0,0.0,498.0
2020,12,WN,Southwest Airline,sF LCLo.,1013.0,0.0,46.51,0.0,21.27,0.83,31.39,6.0,1.0,4253.0,1550.0,0.0,813.0,25.0,1865.0
2020,12,WN,Southwest Airline,sG CEoG.,237.0,25.0,9.19,0.74,3.23,0.45,11.39,0.0,0.0,1149.0,369.0,139.0,91.0,22.0,528.0
2020,12,WN,Southwest Airline,sG CRoR.,145.0,17.0,8.44,0.0,2.98,0.0,5.58,2.0,0.0,617.0,379.0,0.0,63.0,0.0,175.0
2020,12,WN,Southwest Airline,sG CSoP.,86.0,9.0,5.85,0.0,0.32,0.0,2.83,0.0,0.0,486.0,288.0,0.0,19.0,0.0,179.0
2020,12,WN,Southwest Airline,sH CDoN.,44.0,7.0,4.08,0.0,1.25,0.0,1.68,1.0,0.0,280.0,210.0,0.0,38.0,0.0,32.0
2020,12,WN,Southwest Airline,sH CNoL.,551.0,20.0,8.65,0.0,10.12,0.0,1.23,23.0,1.0,960.0,542.0,0.0,269.0,0.0,149.0
2020,12,WN,Southwest Airline,sH COoU.,2961.0,322.0,116.46,0.43,91.87,1.0,112.24,9.0,3.0,11679.0,4125.0,16.0,2503.0,40.0,4995.0
2020,12,WN,Southwest Airline,sH CRoL.,66.0,15.0,7.62,0.27,0.89,0.0,6.21,0.0,0.0,455.0,218.0,9.0,21.0,0.0,207.0
2020,12,WN,Southwest Airline,sIA CDo.,88.0,15.0,4.95,0.0,1.15,0.0,8.91,2.0,0.0,566.0,211.0,0.0,29.0,0.0,326.0
2020,12,WN,Southwest Airline,sIC CTo.,89.0,6.0,3.31,0.0,0.4,0.0,2.29,2.0,0.0,98.0,55.0,0.0,6.0,0.0,37.0
2020,12,WN,Southwest Airline,sIN CDo.,501.0,76.0,32.87,0.44,8.35,0.0,34.34,4.0,0.0,3355.0,1214.0,15.0,403.0,0.0,1723.0
2020,12,WN,Southwest Airline,sIS CPo.,148.0,24.0,8.99,0.0,4.91,0.0,10.11,5.0,0.0,766.0,266.0,0.0,118.0,0.0,382.0
2020,12,WN,Southwest Airline,sIT COo.,93.0,6.0,3.0,0.0,0.0,0.0,3.0,1.0,0.0,392.0,305.0,0.0,0.0,0.0,87.0
2020,12,WN,Southwest Airline,sJ ACXo.,247.0,48.0,31.97,0.44,5.87,0.0,9.73,0.0,1.0,1934.0,1360.0,18.0,236.0,0.0,320.0
2020,12,WN,Southwest Airline,sK OCoA.,176.0,1.0,3.36,0.0,4.24,0.0,3.4,0.0,0.0,506.0,225.0,0.0,170.0,0.0,111.0
2020,12,WN,Southwest Airline,sL ACSo.,3252.0,240.0,99.51,2.84,48.87,0.0,88.77,13.0,0.0,8832.0,4070.0,153.0,1322.0,0.0,3287.0
2020,12,WN,Southwest Airline,sL ACXo.,1207.0,89.0,42.45,1.39,15.57,0.0,29.6,2.0,1.0,3743.0,1908.0,70.0,455.0,0.0,1310.0
2020,12,WN,Southwest Airline,sL BCBo.,93.0,1.0,4.32,0.0,1.02,0.0,5.66,0.0,0.0,485.0,104.0,0.0,23.0,0.0,358.0
2020,12,WN,Southwest Airline,sL GCAo.,329.0,18.0,9.23,0.0,3.77,0.0,4.99,6.0,3.0,825.0,483.0,0.0,115.0,0.0,227.0
2020,12,WN,Southwest Airline,sL GCBo.,498.0,16.0,6.9,0.0,3.31,0.0,5.79,2.0,0.0,544.0,201.0,0.0,95.0,0.0,248.0
2020,12,WN,Southwest Airline,sL ICHo.,79.0,1.0,1.0,0.0,0.0,0.0,0.0,44.0,0.0,25.0,25.0,0.0,0.0,0.0,0.0
2020,12,WN,Southwest Airline,sL ICTo.,139.0,6.0,4.6,0.83,1.06,0.0,9.5,0.0,1.0,813.0,193.0,15.0,119.0,0.0,486.0
2020,12,WN,Southwest Airline,sM CAoF.,164.0,0.0,14.51,0.0,2.31,0.0,3.18,1.0,1.0,757.0,415.0,0.0,219.0,0.0,123.0
2020,12,WN,Southwest Airline,sM CCoI.,815.0,95.0,45.36,0.0,16.69,0.0,32.95,9.0,1.0,3560.0,1612.0,0.0,533.0,0.0,1415.0
2020,12,WN,Southwest Airline,sM CCoO.,2399.0,260.0,112.73,0.96,57.75,1.72,86.83,20.0,0.0,11085.0,4894.0,32.0,2395.0,39.0,3725.0
2020,12,WN,Southwest Airline,sM CDoW.,4072.0,310.0,120.39,3.68,88.53,0.78,96.63,76.0,3.0,12363.0,5141.0,197.0,3054.0,14.0,3957.0
2020,12,WN,Southwest Airline,sM CEoM.,244.0,37.0,17.87,1.0,7.41,0.0,10.71,0.0,1.0,1458.0,529.0,102.0,368.0,0.0,459.0
2020,12,WN,Southwest Airline,sM CHoT.,171.0,16.0,7.78,0.0,2.19,1.0,5.04,9.0,1.0,506.0,211.0,0.0,62.0,21.0,212.0
2020,12,WN,Southwest Airline,sM CIAo.,310.0,25.0,13.11,0.0,8.66,0.0,3.24,0.0,0.0,1071.0,607.0,0.0,288.0,0.0,176.0
2020,12,WN,Southwest Airline,sM CKoE.,460.0,69.0,31.18,0.0,7.97,0.0,29.85,1.0,0.0,3007.0,1295.0,0.0,310.0,0.0,1402.0
2020,12,WN,Southwest Airline,sM CSoP.,242.0,2.0,11.51,0.29,2.62,0.0,7.59,11.0,0.0,1052.0,541.0,8.0,91.0,0.0,412.0
2020,12,WN,Southwest Airline,sM CSoY.,663.0,2.0,51.63,1.0,9.93,0.0,29.44,1.0,0.0,3188.0,1722.0,20.0,440.0,0.0,1006.0
2020,12,WN,Southwest Airline,sM CToJ.,40.0,3.0,2.0,0.47,0.53,0.0,0.0,0.0,0.0,71.0,54.0,8.0,9.0,0.0,0.0
2020,12,WN,Southwest Airline,sO CAoK.,1822.0,98.0,40.92,1.14,17.62,1.0,37.32,17.0,1.0,3858.0,1738.0,30.0,498.0,17.0,1575.0
2020,12,WN,Southwest Airline,sO CGoG.,310.0,17.0,7.3,0.0,7.77,1.0,0.93,1.0,0.0,741.0,418.0,0.0,247.0,36.0,40.0
2020,12,WN,Southwest Airline,sO CKoC.,343.0,43.0,19.61,0.0,5.98,0.0,17.42,9.0,0.0,2105.0,1097.0,0.0,148.0,0.0,860.0
2020,12,WN,Southwest Airline,sO CMoA.,368.0,52.0,25.69,1.0,6.92,0.0,18.39,7.0,0.0,1530.0,730.0,58.0,195.0,0.0,547.0
2020,12,WN,Southwest Airline,sO CNoT.,546.0,48.0,20.57,0.76,7.63,0.0,19.04,2.0,0.0,1806.0,560.0,22.0,311.0,0.0,913.0
2020,12,WN,Southwest Airline,sO CRoF.,160.0,22.0,16.11,0.0,2.32,0.0,3.57,1.0,0.0,860.0,539.0,0.0,81.0,0.0,240.0
2020,12,WN,Southwest Airline,sP BCIo.,122.0,4.0,10.59,0.52,8.49,0.0,4.4,2.0,0.0,1025.0,428.0,26.0,296.0,0.0,275.0
2020,12,WN,Southwest Airline,sP DCXo.,426.0,52.0,20.61,0.0,10.84,0.0,20.55,0.0,0.0,1667.0,794.0,0.0,257.0,0.0,616.0
2020,12,WN,Southwest Airline,sP HCLo.,277.0,47.0,22.69,1.0,7.59,0.41,15.31,6.0,0.0,1474.0,636.0,15.0,171.0,24.0,628.0
2020,12,WN,Southwest Airline,sP HCXo.,3384.0,281.0,104.49,3.6,77.06,2.0,93.85,13.0,1.0,9624.0,3566.0,433.0,1987.0,59.0,3579.0
2020,12,WN,Southwest Airline,sP ICTo.,421.0,53.0,15.45,0.0,11.78,0.0,25.76,7.0,0.0,2066.0,516.0,0.0,529.0,0.0,1021.0
2020,12,WN,Southwest Airline,sP NCSo.,106.0,17.0,8.94,0.47,1.74,0.0,5.85,0.0,0.0,703.0,330.0,42.0,70.0,0.0,261.0
2020,12,WN,Southwest Airline,sP SCPo.,168.0,8.0,4.44,0.0,2.96,0.0,0.6,1.0,2.0,204.0,115.0,0.0,74.0,0.0,15.0
2020,12,WN,Southwest Airline,sP VCDo.,207.0,30.0,15.56,0.0,5.24,0.0,9.2,10.0,2.0,988.0,429.0,0.0,177.0,0.0,382.0
2020,12,WN,Southwest Airline,sP WCoM.,75.0,18.0,9.45,0.0,6.1,0.0,2.45,3.0,0.0,642.0,253.0,0.0,292.0,0.0,97.0
2020,12,WN,Southwest Airline,sR CDoU.,387.0,2.0,37.99,0.0,11.22,0.0,22.79,3.0,0.0,2599.0,1546.0,0.0,366.0,0.0,687.0
2020,12,WN,Southwest Airline,sR CICo.,64.0,11.0,6.75,0.0,0.86,0.0,3.39,0.0,0.0,294.0,153.0,0.0,24.0,0.0,117.0
2020,12,WN,Southwest Airline,sR CNoO.,296.0,39.0,19.85,0.0,4.28,0.0,14.87,0.0,0.0,1363.0,717.0,0.0,121.0,0.0,525.0
2020,12,WN,Southwest Airline,sR COoC.,76.0,8.0,6.15,0.0,0.33,0.0,1.51,1.0,0.0,294.0,223.0,0.0,16.0,0.0,55.0
2020,12,WN,Southwest Airline,sR CSWo.,687.0,95.0,37.96,1.26,32.63,0.94,22.21,4.0,0.0,4632.0,1971.0,245.0,1100.0,16.0,1300.0
2020,12,WN,Southwest Airline,sS ACNo.,1140.0,89.0,40.99,1.66,19.82,0.0,26.53,2.0,0.0,3251.0,1606.0,50.0,561.0,0.0,1034.0
2020,12,WN,Southwest Airline,sS ACTo.,598.0,88.0,46.39,1.0,8.06,0.0,32.54,1.0,0.0,3278.0,1494.0,23.0,304.0,0.0,1457.0
2020,12,WN,Southwest Airline,sS DCFo.,213.0,9.0,12.37,0.79,2.13,0.0,3.71,0.0,0.0,716.0,402.0,38.0,137.0,0.0,139.0
2020,12,WN,Southwest Airline,sS ECAo.,402.0,52.0,29.02,0.0,7.5,0.0,15.48,0.0,1.0,1747.0,1006.0,0.0,209.0,0.0,532.0
2020,12,WN,Southwest Airline,sS FCOo.,382.0,22.0,6.77,0.0,2.52,0.0,12.71,1.0,0.0,904.0,205.0,0.0,60.0,0.0,639.0
2020,12,WN,Southwest Airline,sS JCCo.,1104.0,1.0,27.41,0.0,17.22,0.0,26.37,22.0,4.0,2825.0,1213.0,0.0,533.0,0.0,1079.0
2020,12,WN,Southwest Airline,sS JCUo.,251.0,18.0,10.99,0.0,2.7,0.0,4.31,0.0,1.0,710.0,369.0,0.0,136.0,0.0,205.0
2020,12,WN,Southwest Airline,sS LCCo.,466.0,83.0,35.52,1.95,20.71,0.0,24.81,2.0,0.0,2656.0,957.0,74.0,595.0,0.0,1030.0
2020,12,WN,Southwest Airline,sS MCoF.,1303.0,90.0,40.07,0.0,12.55,0.95,36.43,4.0,1.0,3813.0,2009.0,0.0,294.0,83.0,1427.0
2020,12,WN,Southwest Airline,sS NCAo.,713.0,5.0,17.15,0.16,8.37,1.0,18.31,2.0,0.0,1288.0,542.0,12.0,184.0,16.0,534.0
2020,12,WN,Southwest Airline,sS TCLo.,1719.0,137.0,58.23,0.5,30.45,0.0,47.82,10.0,0.0,5358.0,2524.0,12.0,1008.0,0.0,1814.0
2020,12,WN,Southwest Airline,sT PCAo.,1347.0,167.0,66.9,0.0,36.31,2.36,61.43,10.0,2.0,5986.0,2609.0,0.0,1030.0,57.0,2290.0
2020,12,WN,Southwest Airline,sT UCLo.,218.0,25.0,12.45,0.67,1.88,0.0,10.0,2.0,1.0,1450.0,752.0,16.0,76.0,0.0,606.0
2020,12,WN,Southwest Airline,sT UCSo.,193.0,27.0,10.45,0.0,6.23,0.0,10.31,2.0,0.0,1130.0,473.0,0.0,225.0,0.0,432.0
2020,12,YV,Mesa Airlines Inc,.ABQ,46.0,4.0,1.0,0.0,1.0,0.0,2.0,1.0,0.0,435.0,171.0,0.0,111.0,0.0,153.0
2020,12,YV,Mesa Airlines Inc,.ALB,2.0,1.0,0.0,0.0,1.0,0.0,0.0,0.0,0.0,20.0,0.0,0.0,20.0,0.0,0.0
2020,12,YV,Mesa Airlines Inc,.AMA,106.0,16.0,3.8,0.93,7.98,0.0,3.29,3.0,1.0,659.0,158.0,50.0,247.0,0.0,204.0
2020,12,YV,Mesa Airlines Inc,.ATL,43.0,9.0,2.0,1.0,6.0,0.0,0.0,1.0,0.0,362.0,35.0,20.0,307.0,0.0,0.0
2020,12,YV,Mesa Airlines Inc,.AUS,53.0,8.0,3.0,1.0,4.0,0.0,0.0,1.0,0.0,324.0,216.0,30.0,78.0,0.0,0.0
2020,12,YV,Mesa Airlines Inc,.AVL,29.0,6.0,2.42,0.19,0.49,0.0,2.9,0.0,0.0,258.0,124.0,8.0,21.0,0.0,105.0
2020,12,YV,Mesa Airlines Inc,.BDL,56.0,9.0,5.0,2.0,2.0,0.0,0.0,1.0,0.0,689.0,398.0,107.0,184.0,0.0,0.0
2020,12,YV,Mesa Airlines Inc,.BFL,91.0,18.0,2.82,3.1,6.46,0.0,5.62,1.0,0.0,715.0,75.0,156.0,151.0,0.0,333.0
2020,12,YV,Mesa Airlines Inc,.BHM,108.0,9.0,6.24,1.41,4.05,0.0,7.31,4.0,0.0,924.0,255.0,60.0,304.0,0.0,305.0
2020,12,YV,Mesa Airlines Inc,.BMI,16.0,2.0,1.0,0.0,0.0,0.0,1.0,0.0,0.0,97.0,65.0,0.0,0.0,0.0,32.0
2020,12,YV,Mesa Airlines Inc,.BNA,67.0,8.0,3.0,2.0,3.0,0.0,0.0,0.0,0.0,476.0,211.0,67.0,198.0,0.0,0.0
2020,12,YV,Mesa Airlines Inc,.BOI,58.0,15.0,3.88,0.99,4.31,0.0,5.83,1.0,0.0,2074.0,201.0,751.0,107.0,0.0,1015.0
2020,12,YV,Mesa Airlines Inc,.BOS,8.0,3.0,0.0,0.0,2.0,1.0,0.0,1.0,0.0,128.0,0.0,0.0,104.0,24.0,0.0
2020,12,YV,Mesa Airlines Inc,.BTR,25.0,5.0,5.0,0.0,0.0,0.0,0.0,0.0,0.0,248.0,248.0,0.0,0.0,0.0,0.0
2020,12,YV,Mesa Airlines Inc,.BTV,12.0,5.0,1.0,1.0,3.0,0.0,0.0,0.0,0.0,759.0,225.0,26.0,508.0,0.0,0.0
2020,12,YV,Mesa Airlines Inc,.BUF,12.0,3.0,1.0,1.0,1.0,0.0,0.0,1.0,0.0,114.0,44.0,21.0,49.0,0.0,0.0
2020,12,YV,Mesa Airlines Inc,.BUR,17.0,1.0,1.0,0.0,0.0,0.0,0.0,0.0,0.0,49.0,49.0,0.0,0.0,0.0,0.0
2020,12,YV,Mesa Airlines Inc,.BWI,31.0,3.0,1.0,,1.0,0.0,0.0,1.0,0.0,168.0,112.0,32.0,24.0,0.0,0.0
2020,12,YV,Mesa Airlines Inc,.BZN,15.0,2.0,1.0,0.0,1.0,0.0,0.0,0.0,0.0,63.0,41.0,0.0,22.0,0.0,0.0
2020,12,YV,Mesa Airlines Inc,.CHS,73.0,8.0,5.0,1.0,2.0,0.0,0.0,1.0,0.0,390.0,213.0,26.0,151.0,0.0,0.0
2020,12,YV,Mesa Airlines Inc,.CID,2.0,0.0,0.0,0.0,0.0,0.0,0.0,0.0,0.0,0.0,0.0,0.0,0.0,0.0,0.0
2020,12,YV,Mesa Airlines Inc,.CLE,72.0,7.0,6.0,1.0,0.0,0.0,0.0,0.0,0.0,278.0,247.0,31.0,0.0,0.0,0.0
2020,12,YV,Mesa Airlines Inc,.CLT,86.0,8.0,5.0,0.0,3.0,0.0,0.0,1.0,0.0,408.0,193.0,0.0,215.0,0.0,0.0
2020,12,YV,Mesa Airlines Inc,.CMH,113.0,6.0,3.0,0.0,3.0,0.0,0.0,2.0,0.0,338.0,194.0,0.0,144.0,0.0,0.0
2020,12,YV,Mesa Airlines Inc,.CRP,1.0,0.0,0.0,0.0,0.0,0.0,0.0,0.0,0.0,0.0,0.0,0.0,0.0,0.0,0.0
2020,12,YV,Mesa Airlines Inc,.CVG,72.0,6.0,3.0,0.0,3.0,0.0,0.0,0.0,0.0,406.0,252.0,0.0,154.0,0.0,0.0
2020,12,YV,Mesa Airlines Inc,.DCA,46.0,4.0,4.0,0.0,0.0,0.0,0.0,2.0,0.0,169.0,169.0,0.0,0.0,0.0,0.0
2020,12,YV,Mesa Airlines Inc,.DFW,2153.0,3.0,80.21,8.81,234.36,1.29,178.32,50.0,8.0,32219.0,5892.0,886.0,10274.0,63.0,15104.0
2020,12,YV,Mesa Airlines Inc,.DTW,85.0,3.0,1.0,0.0,2.0,0.0,0.0,1.0,0.0,78.0,34.0,0.0,44.0,0.0,0.0
2020,12,YV,Mesa Airlines Inc,.ECP,71.0,8.0,4.71,0.5,6.5,0.0,6.28,0.0,0.0,1617.0,292.0,26.0,204.0,0.0,1095.0
2020,12,YV,Mesa Airlines Inc,.ELP,258.0,55.0,24.87,0.16,13.36,0.0,16.61,0.0,0.0,4746.0,1776.0,13.0,1223.0,0.0,1734.0
2020,12,YV,Mesa Airlines Inc,.EYW,15.0,2.0,0.0,0.0,2.0,0.0,0.0,0.0,0.0,65.0,0.0,0.0,65.0,0.0,0.0
2020,12,YV,Mesa Airlines Inc,.FAR,26.0,3.0,1.56,0.0,1.28,0.0,0.16,1.0,0.0,64.0,34.0,0.0,25.0,0.0,5.0
2020,12,YV,Mesa Airlines Inc,.FAT,28.0,3.0,0.04,0.52,1.48,0.0,0.96,0.0,0.0,352.0,10.0,31.0,60.0,0.0,251.0
2020,12,YV,Mesa Airlines Inc,.FLG,15.0,3.0,0.31,0.9,0.1,0.0,1.69,0.0,0.0,313.0,23.0,136.0,15.0,0.0,139.0
2020,12,YV,Mesa Airlines Inc,.FSD,59.0,10.0,4.77,0.0,1.21,0.0,4.02,2.0,0.0,691.0,271.0,0.0,52.0,0.0,368.0
2020,12,YV,Mesa Airlines Inc,.GJT,2.0,0.0,0.0,0.0,0.0,0.0,0.0,0.0,0.0,0.0,0.0,0.0,0.0,0.0,0.0
2020,12,YV,Mesa Airlines Inc,.GPT,2.0,1.0,0.0,0.0,1.0,0.0,0.0,0.0,0.0,18.0,0.0,0.0,18.0,0.0,0.0
2020,12,YV,Mesa Airlines Inc,.GSO,28.0,9.0,4.65,0.0,1.15,0.0,3.2,1.0,0.0,628.0,249.0,0.0,102.0,0.0,277.0
2020,12,YV,Mesa Airlines Inc,.GSP,46.0,2.0,0.0,0.0,2.0,0.0,0.0,1.0,0.0,51.0,0.0,0.0,51.0,0.0,0.0
2020,12,YV,Mesa Airlines Inc,.GUC,15.0,2.0,1.0,0.0,1.0,0.0,0.0,1.0,0.0,96.0,80.0,0.0,16.0,0.0,0.0
2020,12,YV,Mesa Airlines Inc,.HOU,118.0,34.0,9.55,0.87,8.56,0.0,15.02,2.0,0.0,2372.0,351.0,55.0,520.0,0.0,1446.0
2020,12,YV,Mesa Airlines Inc,.HRL,10.0,2.0,1.0,0.0,1.0,0.0,0.0,0.0,0.0,70.0,51.0,0.0,19.0,0.0,0.0
2020,12,YV,Mesa Airlines Inc,.HSV,1.0,1.0,1.0,0.0,0.0,0.0,0.0,0.0,0.0,21.0,21.0,0.0,0.0,0.0,0.0
2020,12,YV,Mesa Airlines Inc,.IAD,871.0,2.0,21.0,13.0,67.0,0.0,1.0,23.0,2.0,7875.0,1968.0,1915.0,3956.0,0.0,36.0
2020,12,YV,Mesa Airlines Inc,.IAH,2101.0,5.0,66.07,9.08,135.25,0.0,14.6,14.0,8.0,13536.0,6084.0,962.0,5543.0,0.0,947.0
2020,12,YV,Mesa Airlines Inc,.ICT,83.0,9.0,5.98,0.0,7.08,0.0,5.94,2.0,0.0,1085.0,374.0,0.0,254.0,0.0,457.0
2020,12,YV,Mesa Airlines Inc,.IND,47.0,3.0,1.0,0.0,2.0,0.0,0.0,1.0,0.0,73.0,30.0,0.0,43.0,0.0,0.0
2020,12,YV,Mesa Airlines Inc,.JAX,14.0,3.0,2.0,0.0,1.0,0.0,0.0,0.0,0.0,288.0,251.0,0.0,37.0,0.0,0.0
2020,12,YV,Mesa Airlines Inc,.LBB,202.0,3.0,13.2,1.76,7.28,0.0,20.76,0.0,0.0,3834.0,1693.0,176.0,632.0,0.0,1333.0
2020,12,YV,Mesa Airlines Inc,.LGA,111.0,9.0,3.0,0.0,6.0,0.0,0.0,4.0,1.0,410.0,244.0,0.0,166.0,0.0,0.0
2020,12,YV,Mesa Airlines Inc,.LGB,57.0,7.0,0.81,0.0,2.71,0.0,3.48,0.0,0.0,590.0,50.0,0.0,71.0,0.0,469.0
2020,12,YV,Mesa Airlines Inc,.LIT,36.0,1.0,1.0,0.0,0.0,0.0,0.0,0.0,0.0,138.0,138.0,0.0,0.0,0.0,0.0
2020,12,YV,Mesa Airlines Inc,.MAF,297.0,1.0,22.96,0.84,11.71,0.0,25.49,4.0,0.0,4862.0,1590.0,25.0,680.0,0.0,2567.0
2020,12,YV,Mesa Airlines Inc,.MCI,115.0,18.0,6.81,0.0,6.14,0.2,4.84,1.0,0.0,1253.0,354.0,0.0,434.0,35.0,430.0
2020,12,YV,Mesa Airlines Inc,.MEM,163.0,28.0,11.97,0.05,6.38,1.0,8.59,5.0,1.0,2611.0,1131.0,12.0,355.0,27.0,1086.0
2020,12,YV,Mesa Airlines Inc,.MFE,118.0,6.0,11.43,0.08,8.85,0.0,5.63,0.0,0.0,1020.0,479.0,2.0,260.0,0.0,279.0
2020,12,YV,Mesa Airlines Inc,.MLI,60.0,9.0,2.91,0.81,2.29,0.0,2.99,2.0,1.0,908.0,98.0,17.0,710.0,0.0,83.0
2020,12,YV,Mesa Airlines Inc,.MOB,1.0,1.0,1.0,0.0,0.0,0.0,0.0,0.0,0.0,47.0,47.0,0.0,0.0,0.0,0.0
2020,12,YV,Mesa Airlines Inc,.MRY,4.0,1.0,0.0,0.0,0.08,0.0,0.92,0.0,0.0,74.0,0.0,0.0,6.0,0.0,68.0
2020,12,YV,Mesa Airlines Inc,.MSN,123.0,26.0,8.09,0.15,5.86,0.0,11.9,4.0,0.0,1506.0,420.0,25.0,244.0,0.0,817.0
2020,12,YV,Mesa Airlines Inc,.MSP,62.0,6.0,3.0,1.0,2.0,0.0,0.0,3.0,0.0,245.0,128.0,38.0,79.0,0.0,0.0
2020,12,YV,Mesa Airlines Inc,.MSY,91.0,2.0,9.0,0.0,3.0,0.0,0.0,1.0,0.0,1526.0,388.0,0.0,1138.0,0.0,0.0
2020,12,YV,Mesa Airlines Inc,.MTJ,38.0,2.0,0.73,0.0,0.0,0.0,1.27,0.0,0.0,232.0,107.0,0.0,0.0,0.0,125.0
2020,12,YV,Mesa Airlines Inc,.OKC,144.0,18.0,2.31,2.08,9.4,0.0,4.21,2.0,0.0,2043.0,210.0,1275.0,405.0,0.0,153.0
2020,12,YV,Mesa Airlines Inc,.OMA,51.0,4.0,1.0,0.0,2.0,0.0,1.0,1.0,0.0,155.0,38.0,0.0,34.0,0.0,83.0
2020,12,YV,Mesa Airlines Inc,.ONT,87.0,18.0,6.71,0.0,6.13,1.53,3.63,0.0,0.0,1721.0,1014.0,0.0,209.0,26.0,472.0
2020,12,YV,Mesa Airlines Inc,.ORF,23.0,4.0,2.0,0.0,2.0,0.0,0.0,0.0,0.0,428.0,213.0,0.0,215.0,0.0,0.0
2020,12,YV,Mesa Airlines Inc,.PBI,24.0,7.0,2.0,1.0,4.0,0.0,0.0,0.0,0.0,218.0,46.0,22.0,150.0,0.0,0.0
2020,12,YV,Mesa Airlines Inc,.PHL,61.0,4.0,2.0,0.0,2.0,0.0,0.0,2.0,0.0,117.0,73.0,0.0,44.0,0.0,0.0
2020,12,YV,Mesa Airlines Inc,.PHX,923.0,123.0,33.01,1.83,52.22,1.0,34.94,12.0,1.0,10311.0,3684.0,213.0,2476.0,15.0,3923.0
2020,12,YV,Mesa Airlines Inc,.PIA,57.0,3.0,4.09,1.36,1.39,1.0,5.16,1.0,1.0,736.0,155.0,112.0,41.0,58.0,370.0
2020,12,YV,Mesa Airlines Inc,.PIT,49.0,4.0,2.0,0.0,2.0,0.0,0.0,0.0,0.0,119.0,74.0,0.0,45.0,0.0,0.0
2020,12,YV,Mesa Airlines Inc,.PNS,90.0,14.0,4.89,0.0,6.93,0.0,2.18,3.0,0.0,575.0,252.0,0.0,231.0,0.0,92.0
2020,12,YV,Mesa Airlines Inc,.PSP,28.0,1.0,0.0,0.0,0.0,0.0,1.0,1.0,0.0,536.0,0.0,0.0,0.0,0.0,536.0
2020,12,YV,Mesa Airlines Inc,.PWM,41.0,2.0,1.0,0.0,1.0,0.0,0.0,2.0,0.0,45.0,25.0,0.0,20.0,0.0,0.0
2020,12,YV,Mesa Airlines Inc,.RAP,79.0,14.0,4.19,0.42,4.07,0.0,5.32,3.0,1.0,696.0,301.0,16.0,125.0,0.0,254.0
2020,12,YV,Mesa Airlines Inc,.RDU,77.0,3.0,2.0,0.0,1.0,0.0,0.0,1.0,0.0,127.0,111.0,0.0,16.0,0.0,0.0
2020,12,YV,Mesa Airlines Inc,.RIC,9.0,0.0,0.0,0.0,0.0,0.0,0.0,0.0,0.0,0.0,0.0,0.0,0.0,0.0,0.0
2020,12,YV,Mesa Airlines Inc,.RNO,57.0,6.0,3.76,0.0,0.27,0.0,1.96,0.0,0.0,723.0,381.0,0.0,16.0,0.0,326.0
2020,12,YV,Mesa Airlines Inc,.SAN,13.0,1.0,0.0,0.0,1.0,0.0,0.0,0.0,0.0,51.0,0.0,0.0,51.0,0.0,0.0
2020,12,YV,Mesa Airlines Inc,.SAT,46.0,8.0,3.0,1.0,4.0,0.0,0.0,0.0,0.0,464.0,162.0,54.0,248.0,0.0,0.0
2020,12,YV,Mesa Airlines Inc,.SAV,51.0,2.0,2.0,0.0,0.0,0.0,0.0,1.0,0.0,185.0,185.0,0.0,0.0,0.0,0.0
2020,12,YV,Mesa Airlines Inc,.SBA,15.0,2.0,1.0,0.0,0.0,0.0,1.0,1.0,0.0,51.0,22.0,0.0,0.0,0.0,29.0
2020,12,YV,Mesa Airlines Inc,.SDF,195.0,9.0,11.29,1.16,7.45,0.0,9.11,2.0,0.0,1717.0,647.0,29.0,366.0,0.0,675.0
2020,12,YV,Mesa Airlines Inc,.SJC,15.0,0.0,0.0,0.0,0.0,0.0,0.0,0.0,0.0,0.0,0.0,0.0,0.0,0.0,0.0
2020,12,YV,Mesa Airlines Inc,.SLC,4.0,0.0,0.0,0.0,0.0,0.0,0.0,0.0,0.0,0.0,0.0,0.0,0.0,0.0,0.0
2020,12,YV,Mesa Airlines Inc,.SMF,2.0,0.0,0.0,0.0,0.0,0.0,0.0,0.0,0.0,0.0,0.0,0.0,0.0,0.0,0.0
2020,12,YV,Mesa Airlines Inc,.SRQ,39.0,1.0,5.0,0.0,6.0,0.0,0.0,0.0,0.0,526.0,144.0,0.0,382.0,0.0,0.0
2020,12,YV,Mesa Airlines Inc,.STL,14.0,1.0,0.0,0.0,1.0,0.0,0.0,0.0,0.0,50.0,0.0,0.0,50.0,0.0,0.0
2020,12,YV,Mesa Airlines Inc,.STS,60.0,0.0,1.42,0.0,3.37,0.0,5.21,1.0,2.0,445.0,154.0,0.0,69.0,0.0,222.0
2020,12,YV,Mesa Airlines Inc,.TLH,59.0,12.0,4.57,0.0,3.54,0.0,3.89,0.0,0.0,646.0,167.0,0.0,101.0,0.0,378.0
2020,12,YV,Mesa Airlines Inc,.TUL,137.0,21.0,7.68,0.0,6.82,0.0,6.49,2.0,0.0,1084.0,337.0,0.0,193.0,0.0,554.0
2020,12,YV,Mesa Airlines Inc,.TUS,79.0,9.0,4.09,0.0,0.17,0.0,4.74,0.0,0.0,1550.0,821.0,0.0,10.0,0.0,719.0
2020,12,YV,Mesa Airlines Inc,.TYS,85.0,19.0,7.82,1.38,3.73,0.0,6.07,1.0,0.0,1901.0,1282.0,47.0,188.0,0.0,384.0
2020,12,YV,Mesa Airlines Inc,.VPS,73.0,5.0,5.8,1.21,3.66,0.0,4.32,4.0,0.0,2405.0,1361.0,176.0,324.0,0.0,544.0
2020,12,YV,Mesa Airlines Inc,.XNA,58.0,8.0,5.0,1.0,2.0,0.0,0.0,0.0,0.0,463.0,279.0,29.0,155.0,0.0,0.0
2020,12,YV,Mesa Airlines Inc,.YUM,30.0,4.0,3.09,0.0,0.0,0.0,0.91,0.0,0.0,815.0,795.0,0.0,0.0,0.0,20.0
2020,12,YX,Republic Airline,ALB,113.0,15.0,3.94,1.76,4.11,0.0,5.19,6.0,0.0,1511.0,181.0,854.0,164.0,0.0,312.0
2020,12,YX,Republic Airline,ATL,931.0,7.0,33.37,2.64,29.7,0.0,11.29,3.0,0.0,4352.0,2841.0,137.0,856.0,0.0,518.0
2020,12,YX,Republic Airline,ATW,31.0,1.0,0.0,0.0,1.0,0.0,0.0,1.0,0.0,15.0,0.0,0.0,15.0,0.0,0.0
2020,12,YX,Republic Airline,AUS,122.0,13.0,1.66,1.0,10.03,0.0,0.31,0.0,0.0,460.0,55.0,119.0,278.0,0.0,8.0
2020,12,YX,Republic Airline,AVL,32.0,3.0,1.19,0.0,0.0,0.0,1.81,0.0,0.0,129.0,31.0,0.0,0.0,0.0,98.0
2020,12,YX,Republic Airline,BDL,120.0,16.0,4.49,0.0,10.52,0.0,0.99,3.0,0.0,749.0,232.0,0.0,374.0,0.0,143.0
2020,12,YX,Republic Airline,BGR,30.0,4.0,0.04,1.0,1.0,0.09,1.88,0.0,0.0,126.0,2.0,23.0,24.0,2.0,75.0
2020,12,YX,Republic Airline,BHM,53.0,5.0,3.0,0.0,1.0,0.0,1.0,1.0,0.0,240.0,183.0,0.0,35.0,0.0,22.0
2020,12,YX,Republic Airline,BNA,300.0,22.0,9.84,2.38,4.42,0.0,5.36,8.0,1.0,1175.0,570.0,105.0,79.0,0.0,421.0
2020,12,YX,Republic Airline,BOS,494.0,49.0,17.72,5.04,18.68,0.0,7.57,17.0,0.0,2674.0,1040.0,290.0,800.0,0.0,544.0
2020,12,YX,Republic Airline,BTV,4.0,0.0,0.0,0.0,0.0,0.0,0.0,1.0,0.0,0.0,0.0,0.0,0.0,0.0,0.0
2020,12,YX,Republic Airline,BUF,299.0,27.0,10.8,3.39,9.85,0.0,2.95,10.0,0.0,1927.0,859.0,310.0,378.0,0.0,380.0
2020,12,YX,Republic Airline,BWI,34.0,1.0,0.0,,0.0,0.0,1.0,2.0,0.0,16.0,0.0,0.0,0.0,0.0,16.0
2020,12,YX,Republic Airline,BZN,16.0,0.0,0.0,0.0,0.0,0.0,0.0,0.0,0.0,0.0,0.0,0.0,0.0,0.0,0.0
2020,12,YX,Republic Airline,CAE,96.0,6.0,5.63,0.0,0.37,0.0,0.0,0.0,0.0,278.0,269.0,0.0,9.0,0.0,0.0
2020,12,YX,Republic Airline,CHA,15.0,3.0,0.0,0.0,1.0,0.0,2.0,1.0,0.0,207.0,0.0,0.0,43.0,0.0,164.0
2020,12,YX,Republic Airline,CHS,161.0,13.0,7.34,0.16,4.41,0.0,1.08,2.0,0.0,437.0,275.0,5.0,115.0,0.0,42.0
2020,12,YX,Republic Airline,CID,6.0,2.0,1.0,0.0,1.0,0.0,0.0,0.0,0.0,31.0,15.0,0.0,16.0,0.0,0.0
2020,12,YX,Republic Airline,CLE,328.0,32.0,15.85,1.0,10.15,2.63,2.37,2.0,0.0,1626.0,1026.0,43.0,354.0,111.0,92.0
2020,12,YX,Republic Airline,CLT,1859.0,177.0,43.06,6.61,80.43,0.95,45.96,14.0,2.0,9761.0,2914.0,379.0,2320.0,18.0,4130.0
2020,12,YX,Republic Airline,CMH,469.0,6.0,14.86,1.0,16.56,1.0,12.58,3.0,0.0,3178.0,1453.0,50.0,611.0,39.0,1025.0
2020,12,YX,Republic Airline,CVG,123.0,0.0,1.0,0.0,3.92,0.32,4.77,2.0,0.0,1142.0,39.0,0.0,102.0,7.0,994.0
2020,12,YX,Republic Airline,DCA,493.0,1.0,13.7,1.21,8.79,0.0,7.3,6.0,0.0,2062.0,1024.0,254.0,360.0,0.0,424.0
2020,12,YX,Republic Airline,DFW,101.0,6.0,8.69,1.0,14.04,0.0,2.27,2.0,1.0,927.0,372.0,17.0,422.0,0.0,116.0
2020,12,YX,Republic Airline,DSM,79.0,10.0,2.99,0.0,4.17,0.0,2.84,3.0,0.0,593.0,151.0,0.0,105.0,0.0,337.0
2020,12,YX,Republic Airline,DTW,1060.0,118.0,52.85,3.13,49.96,0.0,12.07,4.0,0.0,7482.0,5023.0,239.0,1587.0,0.0,633.0
2020,12,YX,Republic Airline,ECP,15.0,0.0,0.0,0.0,0.0,0.0,0.0,0.0,0.0,0.0,0.0,0.0,0.0,0.0,0.0
2020,12,YX,Republic Airline,ELP,13.0,0.0,0.0,0.0,0.0,0.0,0.0,0.0,0.0,0.0,0.0,0.0,0.0,0.0,0.0
2020,12,YX,Republic Airline,EWR,928.0,84.0,26.64,2.17,28.68,0.0,26.51,34.0,0.0,5970.0,2800.0,66.0,1037.0,0.0,2067.0
2020,12,YX,Republic Airline,EYW,442.0,44.0,12.09,1.0,20.88,1.0,9.02,3.0,1.0,2396.0,1302.0,24.0,548.0,46.0,476.0
2020,12,YX,Republic Airline,FAR,21.0,1.0,0.0,0.0,1.0,0.0,0.0,1.0,0.0,18.0,0.0,0.0,18.0,0.0,0.0
2020,12,YX,Republic Airline,FLL,2.0,1.0,0.0,0.0,1.0,0.0,0.0,0.0,0.0,35.0,0.0,0.0,35.0,0.0,0.0
2020,12,YX,Republic Airline,FSD,2.0,0.0,0.0,0.0,0.0,0.0,0.0,0.0,0.0,0.0,0.0,0.0,0.0,0.0,0.0
2020,12,YX,Republic Airline,GRB,10.0,0.0,0.0,0.0,0.0,0.0,0.0,1.0,0.0,0.0,0.0,0.0,0.0,0.0,0.0
2020,12,YX,Republic Airline,GRR,55.0,5.0,1.94,0.0,2.65,0.0,0.41,1.0,0.0,233.0,154.0,0.0,70.0,0.0,9.0
2020,12,YX,Republic Airline,GSO,1.0,1.0,0.0,0.0,1.0,0.0,0.0,0.0,0.0,48.0,0.0,0.0,48.0,0.0,0.0
2020,12,YX,Republic Airline,GSP,190.0,15.0,6.85,0.0,5.38,0.59,2.17,0.0,0.0,630.0,370.0,0.0,167.0,38.0,55.0
2020,12,YX,Republic Airline,HDN,13.0,1.0,0.0,0.0,1.0,0.0,0.0,0.0,0.0,19.0,0.0,0.0,19.0,0.0,0.0
2020,12,YX,Republic Airline,HHH,169.0,12.0,4.01,1.58,4.41,0.0,2.0,1.0,1.0,1087.0,230.0,673.0,127.0,0.0,57.0
2020,12,YX,Republic Airline,IAD,473.0,37.0,8.78,1.0,20.33,0.0,6.89,13.0,0.0,2092.0,376.0,121.0,720.0,0.0,875.0
2020,12,YX,Republic Airline,IAH,107.0,3.0,3.48,0.0,9.14,0.0,0.38,0.0,0.0,393.0,149.0,0.0,212.0,0.0,32.0
2020,12,YX,Republic Airline,ICT,27.0,0.0,0.0,0.0,0.0,0.0,0.0,1.0,0.0,0.0,0.0,0.0,0.0,0.0,0.0
2020,12,YX,Republic Airline,IND,612.0,53.0,24.77,0.31,12.15,0.0,15.77,6.0,0.0,4079.0,2582.0,16.0,331.0,0.0,1150.0
2020,12,YX,Republic Airline,JAX,277.0,20.0,8.63,0.0,5.79,0.0,5.58,5.0,0.0,919.0,456.0,0.0,139.0,0.0,324.0
2020,12,YX,Republic Airline,JFK,367.0,38.0,25.06,0.47,9.53,0.0,2.94,14.0,0.0,2513.0,1483.0,48.0,425.0,0.0,557.0
2020,12,YX,Republic Airline,LAN,1.0,0.0,0.0,0.0,0.0,0.0,0.0,0.0,0.0,0.0,0.0,0.0,0.0,0.0,0.0
2020,12,YX,Republic Airline,LEX,62.0,8.0,6.39,0.0,1.48,0.0,0.13,0.0,0.0,406.0,348.0,0.0,50.0,0.0,8.0
2020,12,YX,Republic Airline,LGA,1001.0,83.0,36.61,2.85,31.11,1.0,11.43,27.0,3.0,7268.0,4164.0,190.0,2172.0,18.0,724.0
2020,12,YX,Republic Airline,LIT,9.0,0.0,0.0,0.0,0.0,0.0,0.0,0.0,0.0,0.0,0.0,0.0,0.0,0.0,0.0
2020,12,YX,Republic Airline,LNK,12.0,1.0,1.0,0.0,0.0,0.0,0.0,1.0,0.0,22.0,22.0,0.0,0.0,0.0,0.0
2020,12,YX,Republic Airline,MCI,358.0,34.0,13.0,0.0,15.84,0.0,5.16,4.0,0.0,1255.0,668.0,0.0,386.0,0.0,201.0
2020,12,YX,Republic Airline,MCO,12.0,1.0,0.0,0.0,0.0,0.0,1.0,0.0,0.0,39.0,0.0,0.0,0.0,0.0,39.0
2020,12,YX,Republic Airline,MDW,90.0,8.0,5.23,0.0,0.8,0.0,1.97,0.0,0.0,364.0,254.0,0.0,27.0,0.0,83.0
2020,12,YX,Republic Airline,MEM,86.0,7.0,2.0,0.07,2.85,0.0,2.08,0.0,0.0,375.0,54.0,2.0,147.0,0.0,172.0
2020,12,YX,Republic Airline,MIA,1085.0,95.0,31.63,3.65,42.56,1.0,16.16,2.0,0.0,4734.0,1815.0,286.0,1431.0,21.0,1181.0
2020,12,YX,Republic Airline,MKE,51.0,5.0,3.77,0.0,1.0,0.0,0.23,0.0,0.0,138.0,108.0,0.0,18.0,0.0,12.0
2020,12,YX,Republic Airline,MLB,34.0,2.0,1.22,0.0,0.73,0.0,0.05,0.0,0.0,43.0,27.0,0.0,15.0,0.0,1.0
2020,12,YX,Republic Airline,MLI,19.0,1.0,1.0,0.0,0.0,0.0,0.0,1.0,0.0,114.0,114.0,0.0,0.0,0.0,0.0
2020,12,YX,Republic Airline,MSN,36.0,3.0,0.0,0.0,2.0,0.0,1.0,1.0,0.0,147.0,0.0,0.0,92.0,0.0,55.0
2019,12,EV,ExpressJet Airlin,eBsD LLLC,14.0,4.0,2.0,0.0,0.0,0.0,2.0,0.0,0.0,114.0,61.0,0.0,0.0,0.0,53.0
2019,12,EV,ExpressJet Airlin,eBsG LRLC,34.0,16.0,4.12,0.0,3.9,0.0,7.98,2.0,0.0,1450.0,682.0,0.0,231.0,0.0,537.0
2019,12,EV,ExpressJet Airlin,eBsH LMLC,65.0,3.0,4.52,0.04,5.96,0.0,2.48,0.0,0.0,572.0,233.0,2.0,206.0,0.0,131.0
2019,12,EV,ExpressJet Airlin,eBsN LALC,120.0,41.0,11.01,0.74,13.99,0.0,15.25,6.0,0.0,2638.0,670.0,164.0,685.0,0.0,1119.0
2019,12,EV,ExpressJet Airlin,eBsR LOLC,96.0,7.0,8.01,0.0,4.66,0.0,4.33,1.0,0.0,1037.0,578.0,0.0,139.0,0.0,320.0
2019,12,EV,ExpressJet Airlin,eBsT LRLC,123.0,6.0,5.41,1.46,5.55,0.0,3.58,0.0,1.0,1393.0,416.0,387.0,210.0,0.0,380.0
2019,12,EV,ExpressJet Airlin,eBsT LVLC,73.0,32.0,8.01,1.0,7.18,0.0,15.81,1.0,0.0,4119.0,1162.0,69.0,1350.0,0.0,1538.0
2019,12,EV,ExpressJet Airlin,eBsU LFLC,87.0,33.0,9.38,2.0,7.17,0.0,14.45,12.0,0.0,2377.0,826.0,60.0,275.0,0.0,1216.0
2019,12,EV,ExpressJet Airlin,eCs ALKLC,30.0,6.0,0.92,0.0,3.78,0.0,1.3,1.0,0.0,255.0,44.0,0.0,176.0,0.0,35.0
2019,12,EV,ExpressJet Airlin,eCs HLSLC,26.0,6.0,2.45,0.0,2.72,0.0,0.83,0.0,0.0,1072.0,845.0,0.0,150.0,0.0,77.0
2019,12,EV,ExpressJet Airlin,eCs ILDLC,2.0,0.0,0.0,0.0,0.0,0.0,0.0,0.0,0.0,0.0,0.0,0.0,0.0,0.0,0.0
2019,12,EV,ExpressJet Airlin,eCs LLLLC,62.0,14.0,6.49,1.0,2.42,0.0,4.09,1.0,0.0,1290.0,723.0,104.0,74.0,0.0,389.0
2019,12,EV,ExpressJet Airlin,eCs LLTLC,93.0,31.0,9.16,0.0,13.12,0.0,8.72,1.0,0.0,1708.0,786.0,0.0,324.0,0.0,598.0
2019,12,EV,ExpressJet Airlin,eCs MLLHC,81.0,7.0,6.02,0.0,6.2,0.0,4.78,1.0,1.0,1064.0,399.0,0.0,306.0,0.0,359.0
2019,12,EV,ExpressJet Airlin,eCs OLSLC,5.0,3.0,1.72,0.0,1.0,0.0,0.28,0.0,0.0,213.0,184.0,0.0,20.0,0.0,9.0
2019,12,EV,ExpressJet Airlin,eCs RLPLC,119.0,12.0,3.3,1.94,1.46,0.0,5.3,1.0,1.0,924.0,210.0,179.0,46.0,0.0,489.0
2019,12,EV,ExpressJet Airlin,eCs RLWLC,1.0,0.0,0.0,0.0,0.0,0.0,0.0,0.0,0.0,0.0,0.0,0.0,0.0,0.0,0.0
2019,12,EV,ExpressJet Airlin,eCs VLGLC,168.0,0.0,16.01,1.0,10.13,0.0,12.86,4.0,0.0,3978.0,2174.0,41.0,506.0,0.0,1257.0
2019,12,EV,ExpressJet Airlin,eDs ALYLC,7.0,4.0,2.0,0.0,0.4,0.0,1.6,0.0,0.0,485.0,241.0,0.0,18.0,0.0,226.0
2019,12,EV,ExpressJet Airlin,eDs CLALC,289.0,8.0,20.95,1.04,28.29,0.0,27.72,9.0,3.0,8368.0,2311.0,20.0,3099.0,0.0,2938.0
2019,12,EV,ExpressJet Airlin,eDs FLWLC,6.0,1.0,0.82,0.0,0.18,0.0,0.0,0.0,0.0,142.0,116.0,0.0,26.0,0.0,0.0
2019,12,EV,ExpressJet Airlin,eDs SLMLC,1.0,0.0,0.0,0.0,0.0,0.0,0.0,0.0,0.0,0.0,0.0,0.0,0.0,0.0,0.0
2019,12,EV,ExpressJet Airlin,eDs TLWLC,77.0,18.0,5.05,1.83,6.58,0.0,4.55,0.0,1.0,955.0,249.0,159.0,260.0,0.0,287.0
2019,12,EV,ExpressJet Airlin,eEsC LPLC,44.0,6.0,4.13,0.0,1.87,0.0,0.0,1.0,0.0,735.0,651.0,0.0,84.0,0.0,0.0
2019,12,EV,ExpressJet Airlin,eEsL LPLC,43.0,8.0,0.0,0.84,3.57,0.0,3.59,0.0,0.0,271.0,0.0,26.0,87.0,0.0,158.0
2019,12,EV,ExpressJet Airlin,eEsR LILC,16.0,1.0,0.0,0.0,0.0,0.0,1.0,1.0,0.0,45.0,0.0,0.0,0.0,0.0,45.0
2019,12,EV,ExpressJet Airlin,eEsV LVLC,1.0,0.0,0.0,0.0,0.0,0.0,0.0,0.0,0.0,0.0,0.0,0.0,0.0,0.0,0.0
2019,12,EV,ExpressJet Airlin,eEsW LLRC,1424.0,624.0,76.69,3.23,373.52,0.0,170.56,84.0,4.0,71703.0,12093.0,465.0,42011.0,0.0,17134.0
2019,12,EV,ExpressJet Airlin,eEsY LWLC,17.0,5.0,0.91,0.53,2.34,0.0,1.21,0.0,0.0,357.0,69.0,18.0,99.0,0.0,171.0
2019,12,EV,ExpressJet Airlin,eFsN LTLC,9.0,4.0,0.75,0.0,2.87,0.0,0.38,0.0,0.0,175.0,47.0,0.0,96.0,0.0,32.0
2019,12,EV,ExpressJet Airlin,eFsS LDLC,15.0,0.0,0.0,0.0,0.0,0.0,0.0,1.0,0.0,0.0,0.0,0.0,0.0,0.0,0.0
2019,12,EV,ExpressJet Airlin,eGs PLTLC,89.0,8.0,3.58,0.98,2.49,0.0,0.95,2.0,1.0,925.0,216.0,228.0,163.0,0.0,318.0
2019,12,EV,ExpressJet Airlin,eGs RLBLC,52.0,0.0,2.21,0.8,2.21,0.0,4.78,1.0,0.0,1630.0,1111.0,36.0,95.0,0.0,388.0
2019,12,EV,ExpressJet Airlin,eGs RLKLC,53.0,9.0,2.67,0.0,3.12,0.0,3.21,0.0,0.0,590.0,77.0,0.0,101.0,0.0,412.0
2019,12,EV,ExpressJet Airlin,eGs RLRLC,62.0,24.0,11.65,0.0,7.26,0.0,5.09,4.0,0.0,1494.0,827.0,0.0,320.0,0.0,347.0
2019,12,EV,ExpressJet Airlin,eGs SLOLC,35.0,7.0,1.26,0.0,3.53,0.0,2.21,1.0,0.0,447.0,141.0,0.0,202.0,0.0,104.0
2019,12,EV,ExpressJet Airlin,eGs SLPLC,102.0,39.0,11.76,0.0,7.83,0.0,19.41,8.0,2.0,3779.0,1644.0,0.0,412.0,0.0,1723.0
2019,12,EV,ExpressJet Airlin,eHs DLNLC,4.0,0.0,0.0,0.0,0.0,0.0,0.0,0.0,0.0,0.0,0.0,0.0,0.0,0.0,0.0
2019,12,EV,ExpressJet Airlin,eHs OLBLC,3.0,1.0,0.63,0.0,0.38,0.0,0.0,0.0,0.0,16.0,10.0,0.0,6.0,0.0,0.0
2019,12,EV,ExpressJet Airlin,eHs RLLLC,65.0,13.0,4.66,0.0,4.55,0.0,3.79,0.0,0.0,914.0,296.0,0.0,98.0,0.0,520.0
2019,12,EV,ExpressJet Airlin,eHs SLVLC,24.0,2.0,1.03,0.0,0.97,0.0,0.0,0.0,0.0,104.0,70.0,0.0,34.0,0.0,0.0
2019,12,EV,ExpressJet Airlin,eIsA HLLC,2638.0,0.0,68.58,6.5,163.34,0.0,161.58,12.0,10.0,37886.0,11707.0,908.0,11553.0,0.0,13718.0
2019,12,EV,ExpressJet Airlin,eIsC LTLC,65.0,8.0,3.64,1.0,2.0,0.0,1.36,0.0,1.0,673.0,331.0,151.0,35.0,0.0,156.0
2019,12,EV,ExpressJet Airlin,eIsN LDLC,146.0,46.0,16.72,1.0,13.52,0.0,14.76,1.0,0.0,3761.0,1773.0,105.0,458.0,0.0,1425.0
2019,12,EV,ExpressJet Airlin,eJsA LNLC,71.0,0.0,98.0,0.27,4.99,0.0,1.77,0.0,2.0,452.0,185.0,7.0,129.0,0.0,131.0
2019,12,EV,ExpressJet Airlin,eJsA LXLC,66.0,12.0,3.21,0.0,5.07,0.0,3.72,1.0,0.0,665.0,255.0,0.0,230.0,0.0,180.0
2019,12,EV,ExpressJet Airlin,eLsA LNLC,2.0,1.0,0.0,0.0,1.0,0.0,0.0,0.0,0.0,23.0,0.0,0.0,23.0,0.0,0.0
2019,12,EV,ExpressJet Airlin,eLsB LBLC,60.0,0.0,3.01,0.13,3.3,0.0,3.56,2.0,1.0,434.0,97.0,15.0,92.0,0.0,230.0
2019,12,EV,ExpressJet Airlin,eLsC LHLC,79.0,12.0,3.47,0.67,3.7,0.0,4.16,0.0,1.0,1540.0,219.0,109.0,1044.0,0.0,168.0
2019,12,EV,ExpressJet Airlin,eLsE LXLC,39.0,5.0,1.0,0.14,2.0,0.0,1.86,0.0,0.0,407.0,20.0,11.0,246.0,0.0,130.0
2019,12,EV,ExpressJet Airlin,eLsF LTLC,130.0,9.0,8.0,2.83,6.19,0.0,1.98,0.0,0.0,1387.0,471.0,318.0,356.0,0.0,242.0
2019,12,EV,ExpressJet Airlin,eLsG LALC,160.0,39.0,5.56,0.0,20.74,0.0,12.71,7.0,1.0,3461.0,606.0,0.0,1954.0,0.0,901.0
2019,12,EV,ExpressJet Airlin,eLsI TLLC,108.0,4.0,4.28,0.0,2.92,0.0,6.8,2.0,0.0,1197.0,495.0,0.0,76.0,0.0,626.0
2019,12,EV,ExpressJet Airlin,eLsN LKLC,3.0,2.0,0.56,0.0,0.13,0.0,1.31,0.0,0.0,189.0,9.0,0.0,2.0,0.0,178.0
2019,12,EV,ExpressJet Airlin,eLsR LDLC,76.0,9.0,4.1,0.0,3.77,0.0,1.13,0.0,0.0,623.0,473.0,0.0,101.0,0.0,49.0
2019,12,EV,ExpressJet Airlin,eMs ALFLC,19.0,3.0,2.0,0.54,0.46,0.0,0.0,0.0,0.0,198.0,120.0,42.0,36.0,0.0,0.0
2019,12,EV,ExpressJet Airlin,eMs CLLIC,57.0,10.0,5.39,1.0,1.93,0.0,1.69,0.0,0.0,781.0,532.0,61.0,74.0,0.0,114.0
2019,12,EV,ExpressJet Airlin,eMs DLLTC,9.0,3.0,1.0,0.0,1.0,0.0,1.0,0.0,0.0,323.0,257.0,0.0,22.0,0.0,44.0
2019,12,EV,ExpressJet Airlin,eMs ELMLC,98.0,25.0,8.39,0.0,5.78,0.0,10.83,1.0,0.0,1505.0,504.0,0.0,294.0,0.0,707.0
2019,12,EV,ExpressJet Airlin,eMs FLELC,95.0,8.0,6.81,1.68,7.57,0.0,1.94,0.0,0.0,1039.0,361.0,79.0,384.0,0.0,215.0
2019,12,EV,ExpressJet Airlin,eMs KLELC,22.0,13.0,2.56,0.0,9.46,0.0,0.98,0.0,0.0,728.0,179.0,0.0,403.0,0.0,146.0
2019,12,EV,ExpressJet Airlin,eMs LLULC,61.0,7.0,2.44,0.0,1.52,0.0,3.04,0.0,0.0,719.0,309.0,0.0,119.0,0.0,291.0
2019,12,EV,ExpressJet Airlin,eMs OLLBC,72.0,9.0,3.84,0.37,2.37,0.0,2.42,0.0,0.0,1310.0,922.0,10.0,49.0,0.0,329.0
2019,12,EV,ExpressJet Airlin,eMs SLNLC,61.0,22.0,8.74,0.0,8.52,0.0,4.74,3.0,1.0,2548.0,720.0,0.0,1260.0,0.0,568.0
2019,12,EV,ExpressJet Airlin,eMs SLPLC,48.0,9.0,4.23,0.0,3.69,0.0,1.09,0.0,0.0,678.0,440.0,0.0,167.0,0.0,71.0
2019,12,EV,ExpressJet Airlin,eMs SLYLC,10.0,1.0,0.32,0.0,0.45,0.0,0.24,0.0,0.0,38.0,12.0,0.0,17.0,0.0,9.0
2019,12,EV,ExpressJet Airlin,eMs TLJLC,7.0,1.0,0.0,1.0,0.0,0.0,0.0,0.0,0.0,142.0,0.0,142.0,0.0,0.0,0.0
2019,12,EV,ExpressJet Airlin,eOs KLCLC,17.0,3.0,1.0,0.88,0.79,0.0,0.32,0.0,0.0,184.0,33.0,91.0,38.0,0.0,22.0
2019,12,EV,ExpressJet Airlin,eOs MLLAC,36.0,9.0,3.74,0.0,2.39,0.0,2.87,0.0,0.0,533.0,215.0,0.0,101.0,0.0,217.0
2019,12,EV,ExpressJet Airlin,eOs RLDLC,1336.0,297.0,58.77,6.97,102.91,0.0,128.35,14.0,3.0,32446.0,12113.0,2303.0,7653.0,0.0,10377.0
2019,12,EV,ExpressJet Airlin,eOs RLFLC,66.0,23.0,4.72,1.0,9.96,0.0,7.32,4.0,0.0,1677.0,429.0,210.0,583.0,0.0,455.0
2019,12,EV,ExpressJet Airlin,ePsH LLLC,3.0,1.0,0.06,0.0,0.77,0.0,0.16,0.0,0.0,97.0,6.0,0.0,75.0,0.0,16.0
2019,12,EV,ExpressJet Airlin,ePsI ALLC,39.0,3.0,3.81,2.69,2.27,0.0,4.23,1.0,0.0,845.0,205.0,192.0,88.0,0.0,360.0
2019,12,EV,ExpressJet Airlin,ePsI TLLC,34.0,11.0,1.0,1.92,6.01,0.0,2.08,0.0,1.0,628.0,60.0,153.0,279.0,0.0,136.0
2019,12,EV,ExpressJet Airlin,ePsN LSLC,50.0,9.0,2.62,0.0,2.36,0.0,4.02,0.0,0.0,742.0,473.0,0.0,70.0,0.0,199.0
2019,12,EV,ExpressJet Airlin,ePsS LPLC,15.0,5.0,1.36,0.0,2.74,0.0,0.91,0.0,0.0,195.0,91.0,0.0,79.0,0.0,25.0
2019,12,EV,ExpressJet Airlin,ePsV LDLC,53.0,11.0,1.9,0.0,3.84,0.0,5.26,1.0,0.0,860.0,57.0,0.0,487.0,0.0,316.0
2019,12,EV,ExpressJet Airlin,ePsW LLMC,50.0,22.0,6.76,0.0,5.44,0.0,9.79,1.0,0.0,1506.0,543.0,0.0,195.0,0.0,768.0
2019,12,EV,ExpressJet Airlin,eRs DLULC,30.0,4.0,1.0,0.04,0.16,0.0,2.81,0.0,0.0,185.0,40.0,4.0,3.0,0.0,138.0
2019,12,EV,ExpressJet Airlin,eRs ILCLC,132.0,47.0,15.13,0.21,12.66,0.0,18.99,3.0,0.0,3343.0,993.0,23.0,726.0,0.0,1601.0
2019,12,EV,ExpressJet Airlin,eRs OLALC,1.0,1.0,1.0,0.0,0.0,0.0,0.0,0.0,0.0,92.0,92.0,0.0,0.0,0.0,0.0
2019,12,EV,ExpressJet Airlin,eRs OLCLC,86.0,24.0,6.87,0.0,11.31,0.0,5.82,3.0,0.0,2369.0,992.0,0.0,681.0,0.0,696.0
2019,12,EV,ExpressJet Airlin,eSsA LTLC,30.0,6.0,0.54,0.66,1.15,0.0,3.65,0.0,0.0,336.0,45.0,50.0,56.0,0.0,185.0
2019,12,EV,ExpressJet Airlin,eSsA LVLC,90.0,3.0,8.73,2.32,15.47,0.0,6.48,4.0,0.0,1957.0,620.0,139.0,639.0,0.0,559.0
2019,12,EV,ExpressJet Airlin,eSsB LNLC,10.0,2.0,1.89,0.0,0.0,0.0,0.11,0.0,0.0,194.0,191.0,0.0,0.0,0.0,3.0
2019,12,EV,ExpressJet Airlin,eSsD LFLC,25.0,7.0,1.27,0.0,5.73,0.0,0.0,0.0,0.0,199.0,28.0,0.0,171.0,0.0,0.0
2019,12,EV,ExpressJet Airlin,eSsG LFLC,2.0,0.0,0.0,0.0,0.0,0.0,0.0,0.0,0.0,0.0,0.0,0.0,0.0,0.0,0.0
2019,12,EV,ExpressJet Airlin,eSsH LVLC,85.0,9.0,2.43,0.0,3.72,0.0,2.84,0.0,0.0,309.0,62.0,0.0,82.0,0.0,165.0
2019,12,EV,ExpressJet Airlin,eSsL LCLC,4.0,0.0,0.0,0.0,0.0,0.0,0.0,0.0,0.0,0.0,0.0,0.0,0.0,0.0,0.0
2019,12,EV,ExpressJet Airlin,eSsT LLLC,178.0,55.0,20.6,0.26,20.11,0.0,14.03,5.0,0.0,5056.0,2294.0,10.0,1254.0,0.0,1498.0
2019,12,EV,ExpressJet Airlin,eSsY LRLC,31.0,13.0,4.09,0.0,4.66,0.0,4.25,6.0,1.0,828.0,195.0,0.0,171.0,0.0,462.0
2019,12,EV,ExpressJet Airlin,eTsU LLLC,109.0,22.0,8.05,0.59,6.54,0.0,6.82,0.0,0.0,1219.0,354.0,13.0,181.0,0.0,671.0
2019,12,EV,ExpressJet Airlin,eTsU LSLC,18.0,5.0,1.59,0.25,3.17,0.0,0.0,0.0,0.0,264.0,89.0,16.0,159.0,0.0,0.0
2019,12,EV,ExpressJet Airlin,eTsV LCLC,2.0,0.0,0.0,0.0,0.0,0.0,0.0,0.0,0.0,0.0,0.0,0.0,0.0,0.0,0.0
2019,12,EV,ExpressJet Airlin,eTsY LSLC,127.0,25.0,9.18,0.0,7.62,0.0,8.2,2.0,0.0,2493.0,1173.0,0.0,416.0,0.0,904.0
2019,12,EV,ExpressJet Airlin,eVsP LSLC,55.0,4.0,0.45,0.0,1.63,0.0,1.91,0.0,0.0,229.0,39.0,0.0,99.0,0.0,91.0
2019,12,EV,ExpressJet Airlin,eXsN LALC,30.0,4.0,2.0,0.0,0.26,0.0,1.74,0.0,1.0,247.0,70.0,0.0,15.0,0.0,162.0
2019,12,F9,Frontier Airlines I,nAcB.Q,13.0,1.0,0.08,0.0,0.09,0.0,0.83,0.0,0.0,87.0,7.0,0.0,8.0,0.0,72.0
2019,12,F9,Frontier Airlines I,nAcL.B,21.0,2.0,0.25,0.0,1.16,0.0,0.6,1.0,0.0,73.0,14.0,0.0,25.0,0.0,34.0
2019,12,F9,Frontier Airlines I,nAcT.L,372.0,6.0,35.58,0.16,26.05,0.0,34.21,4.0,0.0,6410.0,2337.0,17.0,1078.0,0.0,2978.0
2019,12,F9,Frontier Airlines I,nAcU.S,157.0,27.0,6.05,0.2,5.44,0.0,15.32,2.0,0.0,1601.0,255.0,5.0,184.0,0.0,1157.0
2019,12,F9,Frontier Airlines I,nBcD.L,34.0,10.0,3.79,1.0,1.17,0.0,4.04,0.0,0.0,1000.0,527.0,19.0,64.0,0.0,390.0
2019,12,F9,Frontier Airlines I,nBcF.M,12.0,0.0,0.0,0.0,0.0,0.0,0.0,0.0,0.0,0.0,0.0,0.0,0.0,0.0,0.0
2019,12,F9,Frontier Airlines I,nBcI.L,13.0,2.0,1.03,0.0,0.0,0.0,0.97,1.0,0.0,114.0,43.0,0.0,0.0,0.0,71.0
2019,12,F9,Frontier Airlines I,nBcM.I,12.0,3.0,89.0,0.0,2.11,0.0,0.0,0.0,0.0,96.0,34.0,0.0,62.0,0.0,0.0
2019,12,F9,Frontier Airlines I,nBcN.A,74.0,14.0,3.36,0.0,2.21,0.0,8.43,1.0,0.0,931.0,151.0,0.0,139.0,0.0,641.0
2019,12,F9,Frontier Airlines I,nBcO.S,59.0,15.0,3.6,0.0,7.31,0.0,4.09,0.0,0.0,1390.0,217.0,0.0,382.0,0.0,791.0
2019,12,F9,Frontier Airlines I,nBcT.V,13.0,7.0,1.6,0.0,0.58,0.0,4.82,0.0,0.0,219.0,44.0,0.0,23.0,0.0,152.0
2019,12,F9,Frontier Airlines I,nBcU.F,69.0,14.0,2.85,0.0,3.01,0.0,8.14,1.0,0.0,758.0,83.0,0.0,52.0,0.0,623.0
2019,12,F9,Frontier Airlines I,nBcW.I,34.0,9.0,2.0,,2.5,0.0,2.98,0.0,0.0,414.0,168.0,0.0,77.0,0.0,169.0
2019,12,F9,Frontier Airlines I,nBcZ.N,18.0,3.0,1.67,0.0,1.0,0.0,0.33,0.0,0.0,298.0,253.0,0.0,39.0,0.0,6.0
2019,12,F9,Frontier Airlines I,nCcI.D,17.0,3.0,0.74,0.0,2.13,0.0,0.13,0.0,0.0,146.0,47.0,0.0,88.0,0.0,11.0
2019,12,F9,Frontier Airlines I,nCcL.E,315.0,63.0,22.2,0.25,12.18,0.0,28.37,1.0,0.0,4351.0,1543.0,18.0,632.0,0.0,2158.0
2019,12,F9,Frontier Airlines I,nCcL.T,127.0,45.0,19.16,0.0,5.82,0.0,20.02,0.0,0.0,3762.0,1510.0,0.0,301.0,0.0,1951.0
2019,12,F9,Frontier Airlines I,nCcM.H,26.0,1.0,4.1,0.0,1.62,0.0,5.27,0.0,0.0,698.0,257.0,0.0,63.0,0.0,378.0
2019,12,F9,Frontier Airlines I,nCcO.S,104.0,8.0,1.14,0.0,2.19,0.0,4.68,0.0,0.0,446.0,84.0,0.0,84.0,0.0,278.0
2019,12,F9,Frontier Airlines I,nCcV.G,202.0,0.0,13.63,0.63,11.38,0.0,14.36,2.0,0.0,2271.0,637.0,28.0,587.0,0.0,1019.0
2019,12,F9,Frontier Airlines I,nDcC.A,92.0,0.0,2.73,0.17,1.37,0.0,5.73,0.0,0.0,989.0,280.0,23.0,75.0,0.0,611.0
2019,12,F9,Frontier Airlines I,nDcE.N,1666.0,271.0,86.37,3.94,63.86,0.0,116.83,17.0,0.0,19434.0,5719.0,391.0,3103.0,0.0,10221.0
2019,12,F9,Frontier Airlines I,nDcF.W,88.0,5.0,6.28,0.0,5.35,0.0,3.37,1.0,0.0,1169.0,357.0,0.0,346.0,0.0,466.0
2019,12,F9,Frontier Airlines I,nDcS.M,46.0,6.0,2.02,0.1,2.58,0.0,1.3,1.0,0.0,434.0,176.0,9.0,87.0,0.0,162.0
2019,12,F9,Frontier Airlines I,nDcT.W,105.0,23.0,5.8,0.42,3.77,0.0,13.01,1.0,0.0,1766.0,284.0,41.0,202.0,0.0,1239.0
2019,12,F9,Frontier Airlines I,nEcL.P,11.0,1.0,0.41,0.0,0.0,0.0,0.59,0.0,0.0,39.0,16.0,0.0,0.0,0.0,23.0
2019,12,F9,Frontier Airlines I,nEcW.R,243.0,89.0,19.25,0.35,50.11,0.0,19.3,1.0,0.0,5789.0,1200.0,9.0,2758.0,0.0,1822.0
2019,12,F9,Frontier Airlines I,nFcA.R,26.0,2.0,1.0,0.22,0.16,0.0,0.62,2.0,0.0,187.0,21.0,36.0,27.0,0.0,103.0
2019,12,F9,Frontier Airlines I,nFcA.T,10.0,2.0,0.19,0.0,0.14,0.0,1.67,0.0,0.0,112.0,18.0,0.0,13.0,0.0,81.0
2019,12,F9,Frontier Airlines I,nFcL.L,100.0,0.0,6.96,1.42,8.54,0.0,13.08,2.0,2.0,2497.0,472.0,59.0,515.0,0.0,1451.0
2019,12,F9,Frontier Airlines I,nFcS.D,14.0,2.0,0.93,0.0,1.07,0.0,0.0,0.0,0.0,35.0,14.0,0.0,21.0,0.0,0.0
2019,12,F9,Frontier Airlines I,nGcE.G,23.0,7.0,3.51,0.0,1.73,0.0,1.76,0.0,0.0,591.0,374.0,0.0,140.0,0.0,77.0
2019,12,F9,Frontier Airlines I,nGcR.B,14.0,4.0,0.0,1.0,3.0,0.0,0.0,0.0,0.0,153.0,0.0,58.0,95.0,0.0,0.0
2019,12,F9,Frontier Airlines I,nGcR.R,60.0,12.0,0.38,0.0,5.89,0.0,5.73,0.0,0.0,1013.0,21.0,0.0,309.0,0.0,683.0
2019,12,F9,Frontier Airlines I,nGcS.P,26.0,1.0,0.0,0.33,0.67,0.0,0.0,2.0,0.0,105.0,0.0,35.0,70.0,0.0,0.0
2019,12,F9,Frontier Airlines I,nHcR.L,11.0,3.0,1.09,0.0,0.36,0.0,1.55,0.0,0.0,331.0,83.0,0.0,49.0,0.0,199.0
2019,12,F9,Frontier Airlines I,nHcS.V,9.0,2.0,0.12,0.0,0.14,0.0,1.74,0.0,0.0,92.0,8.0,0.0,9.0,0.0,75.0
2019,12,F9,Frontier Airlines I,nIAc.D,24.0,9.0,3.38,0.0,1.53,0.0,4.09,0.0,0.0,795.0,598.0,0.0,50.0,0.0,147.0
2019,12,F9,Frontier Airlines I,nIAc.H,66.0,2.0,4.8,0.01,2.43,0.0,4.76,3.0,0.0,886.0,216.0,1.0,148.0,0.0,521.0
2019,12,F9,Frontier Airlines I,nICc.T,17.0,3.0,1.05,0.0,0.0,0.0,1.95,0.0,0.0,239.0,101.0,0.0,0.0,0.0,138.0
2019,12,F9,Frontier Airlines I,nINc.D,67.0,10.0,4.54,0.0,1.65,0.0,3.81,0.0,0.0,524.0,229.0,0.0,70.0,0.0,225.0
2019,12,F9,Frontier Airlines I,nISc.P,200.0,65.0,24.0,0.8,16.47,0.0,23.73,2.0,0.0,4242.0,1232.0,114.0,711.0,0.0,2185.0
2019,12,F9,Frontier Airlines I,nJcA.X,14.0,4.0,1.93,0.0,0.07,0.0,2.0,0.0,0.0,601.0,339.0,0.0,10.0,0.0,252.0
2019,12,F9,Frontier Airlines I,nLcA.S,1044.0,303.0,79.63,1.31,113.18,0.0,108.88,13.0,2.0,19602.0,5141.0,152.0,5984.0,0.0,8325.0
2019,12,F9,Frontier Airlines I,nLcA.X,102.0,24.0,4.66,0.48,12.49,0.0,6.38,0.0,0.0,1284.0,343.0,55.0,560.0,0.0,326.0
2019,12,F9,Frontier Airlines I,nLcG.A,93.0,34.0,10.12,0.0,18.19,0.0,5.69,2.0,0.0,2677.0,577.0,0.0,1528.0,0.0,572.0
2019,12,F9,Frontier Airlines I,nLcI.T,10.0,1.0,1.0,0.0,0.0,0.0,0.0,0.0,0.0,36.0,36.0,0.0,0.0,0.0,0.0
2019,12,F9,Frontier Airlines I,nMc.CI,27.0,5.0,1.14,0.0,1.22,0.0,2.64,0.0,0.0,318.0,79.0,0.0,28.0,0.0,211.0
2019,12,F9,Frontier Airlines I,nMc.CO,1411.0,435.0,109.47,4.11,152.81,0.0,168.62,21.0,1.0,29541.0,8255.0,265.0,6565.0,0.0,14456.0
2019,12,F9,Frontier Airlines I,nMc.DT,17.0,4.0,1.46,0.0,1.58,0.0,0.97,0.0,0.0,114.0,62.0,0.0,31.0,0.0,21.0
2019,12,F9,Frontier Airlines I,nMc.EM,24.0,10.0,5.69,0.0,1.03,0.0,3.28,0.0,0.0,568.0,279.0,0.0,37.0,0.0,252.0
2019,12,F9,Frontier Airlines I,nMc.IA,357.0,100.0,31.77,0.48,23.12,0.0,44.62,4.0,3.0,6592.0,1807.0,30.0,1348.0,0.0,3407.0
2019,12,F9,Frontier Airlines I,nMc.KE,141.0,26.0,5.68,0.0,8.8,0.0,11.52,2.0,0.0,1817.0,282.0,0.0,383.0,0.0,1152.0
2019,12,F9,Frontier Airlines I,nMc.SN,42.0,10.0,4.47,0.0,3.61,0.0,1.92,0.0,0.0,684.0,292.0,0.0,103.0,0.0,289.0
2019,12,F9,Frontier Airlines I,nMc.SY,75.0,7.0,7.1,0.09,4.09,0.0,5.72,2.0,0.0,959.0,436.0,3.0,110.0,0.0,410.0
2019,12,F9,Frontier Airlines I,nOcK.C,19.0,3.0,1.18,0.0,0.59,0.0,1.23,0.0,0.0,316.0,34.0,0.0,56.0,0.0,226.0
2019,12,F9,Frontier Airlines I,nOcM.A,73.0,7.0,4.51,0.0,1.49,0.0,1.0,0.0,0.0,258.0,184.0,0.0,50.0,0.0,24.0
2019,12,F9,Frontier Airlines I,nOcN.T,56.0,14.0,4.79,0.17,3.3,0.0,5.74,0.0,0.0,838.0,191.0,23.0,135.0,0.0,489.0
2019,12,F9,Frontier Airlines I,nOcR.D,214.0,43.0,16.24,0.0,8.46,0.0,18.3,1.0,0.0,2077.0,555.0,0.0,332.0,0.0,1190.0
2019,12,F9,Frontier Airlines I,nOcR.F,35.0,7.0,3.46,0.0,2.57,0.0,0.97,0.0,0.0,292.0,185.0,0.0,49.0,0.0,58.0
2019,12,F9,Frontier Airlines I,nPcB.I,141.0,0.0,18.44,0.25,12.64,0.0,8.67,3.0,0.0,2927.0,1148.0,9.0,564.0,0.0,1206.0
2019,12,F9,Frontier Airlines I,nPcD.X,45.0,11.0,3.02,0.0,2.62,0.0,5.36,0.0,0.0,630.0,142.0,0.0,78.0,0.0,410.0
2019,12,F9,Frontier Airlines I,nPcH.L,529.0,136.0,31.35,1.0,40.88,0.0,62.77,9.0,0.0,11854.0,2696.0,22.0,2583.0,0.0,6553.0
2019,12,F9,Frontier Airlines I,nPcH.X,420.0,72.0,24.92,0.52,25.15,0.0,21.41,2.0,1.0,4331.0,1881.0,22.0,850.0,0.0,1578.0
2019,12,F9,Frontier Airlines I,nPcI.T,14.0,2.0,1.0,0.0,0.0,0.0,1.0,0.0,0.0,220.0,125.0,0.0,0.0,0.0,95.0
2019,12,F9,Frontier Airlines I,nPcN.S,12.0,1.0,0.0,0.0,1.0,0.0,0.0,0.0,0.0,29.0,0.0,0.0,29.0,0.0,0.0
2019,12,F9,Frontier Airlines I,nPcS.P,12.0,2.0,0.1,0.0,0.14,0.0,1.76,0.0,0.0,116.0,5.0,0.0,6.0,0.0,105.0
2019,12,F9,Frontier Airlines I,nPcV.D,62.0,14.0,5.97,0.0,3.56,0.0,4.47,0.0,0.0,756.0,220.0,0.0,82.0,0.0,454.0
2019,12,F9,Frontier Airlines I,nPcW.M,47.0,5.0,4.23,0.0,0.37,0.0,0.4,0.0,0.0,331.0,260.0,0.0,18.0,0.0,53.0
2019,12,F9,Frontier Airlines I,nRcD.U,199.0,2.0,14.08,0.72,8.4,0.0,8.79,1.0,0.0,1806.0,736.0,37.0,349.0,0.0,684.0
2019,12,F9,Frontier Airlines I,nRcN.O,18.0,3.0,1.15,0.0,1.32,0.0,0.52,2.0,0.0,166.0,20.0,0.0,81.0,0.0,65.0
2019,12,F9,Frontier Airlines I,nRcS.W,471.0,71.0,23.73,0.43,30.3,0.0,16.55,9.0,0.0,4428.0,1493.0,11.0,1109.0,0.0,1815.0
2019,12,F9,Frontier Airlines I,nScA.N,147.0,34.0,8.58,0.52,13.16,0.0,11.74,2.0,0.0,1599.0,288.0,11.0,479.0,0.0,821.0
2019,12,F9,Frontier Airlines I,nScA.T,42.0,9.0,3.23,0.0,1.95,0.0,3.83,0.0,0.0,741.0,138.0,0.0,117.0,0.0,486.0
2019,12,F9,Frontier Airlines I,nScD.F,14.0,1.0,1.0,0.0,0.0,0.0,0.0,0.0,0.0,15.0,15.0,0.0,0.0,0.0,0.0
2019,12,F9,Frontier Airlines I,nScE.A,33.0,6.0,0.78,0.08,3.38,0.0,1.76,0.0,0.0,401.0,35.0,19.0,114.0,0.0,233.0
2019,12,F9,Frontier Airlines I,nScF.O,124.0,59.0,7.4,0.0,42.85,0.0,8.74,4.0,1.0,4436.0,377.0,0.0,3176.0,0.0,883.0
2019,12,F9,Frontier Airlines I,nScJ.C,35.0,7.0,2.44,0.0,1.46,0.0,3.1,1.0,0.0,390.0,137.0,0.0,64.0,0.0,189.0
2019,12,F9,Frontier Airlines I,nScJ.U,218.0,73.0,38.25,0.13,22.67,0.0,11.95,2.0,1.0,4066.0,2291.0,30.0,882.0,0.0,863.0
2019,12,F9,Frontier Airlines I,nScL.C,138.0,26.0,9.07,0.0,7.29,0.0,9.64,0.0,0.0,1543.0,523.0,0.0,348.0,0.0,672.0
2019,12,F9,Frontier Airlines I,nScM.F,39.0,9.0,3.18,0.0,0.25,0.0,5.57,0.0,0.0,534.0,85.0,0.0,16.0,0.0,433.0
2019,12,F9,Frontier Airlines I,nScN.A,55.0,7.0,7.02,0.0,3.12,0.0,6.86,0.0,0.0,722.0,192.0,0.0,131.0,0.0,399.0
2019,12,F9,Frontier Airlines I,nScR.Q,59.0,5.0,2.51,0.0,7.57,0.0,4.92,0.0,0.0,831.0,113.0,0.0,256.0,0.0,462.0
2019,12,F9,Frontier Airlines I,nScT.L,79.0,25.0,16.27,0.0,5.65,0.0,3.08,1.0,0.0,1187.0,811.0,0.0,163.0,0.0,213.0
2019,12,F9,Frontier Airlines I,nScY.R,48.0,10.0,2.17,0.0,2.44,0.0,5.39,0.0,1.0,663.0,98.0,0.0,85.0,0.0,480.0
2019,12,F9,Frontier Airlines I,nTcP.A,453.0,97.0,40.22,1.5,28.89,0.0,26.39,7.0,0.0,6751.0,2789.0,58.0,1378.0,0.0,2526.0
2019,12,F9,Frontier Airlines I,nTcT.N,282.0,83.0,26.12,1.09,22.43,0.0,33.36,5.0,1.0,5638.0,1675.0,23.0,1165.0,0.0,2775.0
2019,12,F9,Frontier Airlines I,nTcU.S,14.0,3.0,0.2,0.0,0.92,0.0,1.89,0.0,0.0,153.0,13.0,0.0,56.0,0.0,84.0
2019,12,F9,Frontier Airlines I,nTcY.R,9.0,1.0,1.0,0.0,0.0,0.0,0.0,0.0,0.0,30.0,30.0,0.0,0.0,0.0,0.0
2019,12,F9,Frontier Airlines I,nTcY.S,21.0,0.0,0.0,0.0,0.0,0.0,0.0,1.0,0.0,0.0,0.0,0.0,0.0,0.0,0.0
2019,12,F9,Frontier Airlines I,nXcN.A,14.0,1.0,0.0,0.0,0.0,0.0,1.0,0.0,0.0,24.0,0.0,0.0,0.0,0.0,24.0
2019,12,G4,Allegiant Air,ABE,90.0,5.0,6.23,1.06,1.75,0.0,5.96,1.0,0.0,899.0,534.0,22.0,57.0,0.0,286.0
2019,12,G4,Allegiant Air,ABQ,20.0,6.0,2.89,0.0,1.55,0.0,1.56,0.0,0.0,368.0,280.0,0.0,55.0,0.0,33.0
2019,12,G4,Allegiant Air,ALB,30.0,6.0,2.78,1.0,2.19,0.0,0.03,0.0,0.0,338.0,136.0,78.0,121.0,0.0,3.0
2019,12,G4,Allegiant Air,ATW,48.0,6.0,1.94,2.57,1.49,0.0,0.0,1.0,0.0,1029.0,317.0,685.0,27.0,0.0,0.0
2019,12,G4,Allegiant Air,AUS,56.0,15.0,4.75,0.93,3.24,0.0,6.08,0.0,0.0,743.0,238.0,14.0,115.0,0.0,376.0
2019,12,G4,Allegiant Air,AVL,223.0,68.0,7.6,1.82,19.15,1.0,38.43,0.0,1.0,4179.0,816.0,112.0,788.0,17.0,2446.0
2019,12,G4,Allegiant Air,AZA,543.0,196.0,33.1,4.82,63.13,1.66,93.29,5.0,0.0,10420.0,3606.0,197.0,2241.0,36.0,4340.0
2019,12,G4,Allegiant Air,BGR,29.0,9.0,2.28,0.55,3.74,0.0,2.43,0.0,0.0,484.0,182.0,16.0,91.0,0.0,195.0
2019,12,G4,Allegiant Air,BIL,39.0,5.0,1.53,0.0,3.33,0.0,0.13,1.0,0.0,133.0,33.0,0.0,98.0,0.0,2.0
2019,12,G4,Allegiant Air,BIS,48.0,7.0,1.44,0.58,3.46,0.39,1.13,0.0,0.0,217.0,41.0,22.0,121.0,7.0,26.0
2019,12,G4,Allegiant Air,BLI,129.0,17.0,3.59,0.67,5.43,0.0,7.31,0.0,1.0,598.0,92.0,13.0,142.0,0.0,351.0
2019,12,G4,Allegiant Air,BLV,77.0,9.0,1.23,1.96,2.06,0.0,3.74,3.0,1.0,555.0,53.0,137.0,58.0,0.0,307.0
2019,12,G4,Allegiant Air,BMI,22.0,4.0,13.0,0.0,0.22,0.0,0.65,0.0,0.0,134.0,116.0,0.0,5.0,0.0,13.0
2019,12,G4,Allegiant Air,BNA,85.0,20.0,5.47,1.0,8.41,0.0,5.11,1.0,0.0,1405.0,899.0,62.0,262.0,0.0,182.0
2019,12,G4,Allegiant Air,BOI,31.0,13.0,2.75,1.0,4.54,0.0,4.7,0.0,0.0,384.0,53.0,50.0,132.0,0.0,149.0
2019,12,G4,Allegiant Air,BWI,31.0,5.0,3.0,,2.3,0.0,0.17,0.0,0.0,328.0,227.0,0.0,63.0,0.0,38.0
2019,12,G4,Allegiant Air,BZN,28.0,5.0,1.47,0.63,1.13,0.0,1.76,0.0,1.0,167.0,57.0,24.0,28.0,0.0,58.0
2019,12,G4,Allegiant Air,CHA,19.0,5.0,2.26,0.0,0.0,0.0,2.74,0.0,0.0,357.0,182.0,0.0,0.0,0.0,175.0
2019,12,G4,Allegiant Air,CHS,27.0,7.0,1.13,0.0,0.23,1.0,4.64,0.0,0.0,231.0,19.0,0.0,6.0,21.0,185.0
2019,12,G4,Allegiant Air,CID,68.0,10.0,2.07,0.88,5.48,0.0,1.57,0.0,0.0,860.0,331.0,223.0,183.0,0.0,123.0
2019,12,G4,Allegiant Air,CKB,12.0,4.0,1.32,0.0,0.35,0.0,2.33,0.0,0.0,267.0,122.0,0.0,25.0,0.0,120.0
2019,12,G4,Allegiant Air,CLE,36.0,6.0,1.56,0.0,2.22,0.0,2.22,0.0,0.0,400.0,184.0,0.0,108.0,0.0,108.0
2019,12,G4,Allegiant Air,CVG,262.0,9.0,20.58,1.82,31.41,1.38,43.81,0.0,0.0,6015.0,1810.0,42.0,1263.0,102.0,2798.0
2019,12,G4,Allegiant Air,DAY,8.0,1.0,1.0,0.0,0.0,0.0,0.0,0.0,0.0,66.0,66.0,0.0,0.0,0.0,0.0
2019,12,G4,Allegiant Air,DEN,8.0,6.0,0.84,0.0,4.29,0.0,0.88,0.0,0.0,224.0,51.0,0.0,94.0,0.0,79.0
2019,12,G4,Allegiant Air,DSM,78.0,12.0,5.38,0.0,1.66,0.91,4.04,1.0,0.0,589.0,253.0,0.0,80.0,41.0,215.0
2019,12,G4,Allegiant Air,ELM,37.0,1.0,0.0,1.0,0.0,0.0,0.0,3.0,0.0,62.0,0.0,62.0,0.0,0.0,0.0
2019,12,G4,Allegiant Air,ELP,11.0,1.0,0.33,0.0,0.0,0.0,0.67,0.0,1.0,30.0,10.0,0.0,0.0,0.0,20.0
2019,12,G4,Allegiant Air,EUG,51.0,23.0,5.76,1.0,4.4,0.0,11.84,0.0,0.0,1071.0,304.0,140.0,100.0,0.0,527.0
2019,12,G4,Allegiant Air,EVV,11.0,2.0,0.38,0.0,0.25,0.0,1.37,0.0,0.0,154.0,11.0,0.0,16.0,0.0,127.0
2019,12,G4,Allegiant Air,EWR,58.0,6.0,2.97,0.32,2.71,0.0,0.0,0.0,0.0,219.0,95.0,19.0,105.0,0.0,0.0
2019,12,G4,Allegiant Air,FAR,57.0,13.0,4.81,0.18,4.32,0.0,3.68,2.0,0.0,517.0,156.0,8.0,115.0,0.0,238.0
2019,12,G4,Allegiant Air,FAT,54.0,12.0,1.4,3.01,3.26,0.0,4.33,0.0,0.0,569.0,59.0,122.0,123.0,0.0,265.0
2019,12,G4,Allegiant Air,FCA,21.0,5.0,1.5,0.0,2.54,0.96,0.0,0.0,1.0,205.0,32.0,0.0,148.0,25.0,0.0
2019,12,G4,Allegiant Air,FLL,292.0,7.0,19.68,4.48,56.05,0.96,55.83,2.0,0.0,9542.0,2939.0,701.0,2152.0,21.0,3729.0
2019,12,G4,Allegiant Air,FNT,72.0,17.0,6.49,1.76,7.43,0.0,1.33,3.0,0.0,1051.0,525.0,103.0,313.0,0.0,110.0
2019,12,G4,Allegiant Air,FSD,73.0,8.0,1.28,0.17,2.98,0.0,3.57,1.0,0.0,351.0,86.0,8.0,102.0,0.0,155.0
2019,12,G4,Allegiant Air,FWA,65.0,9.0,4.03,0.0,3.1,0.0,1.87,2.0,1.0,613.0,426.0,0.0,93.0,0.0,94.0
2019,12,G4,Allegiant Air,GFK,19.0,4.0,0.18,0.0,1.73,1.0,1.09,1.0,0.0,121.0,4.0,0.0,48.0,46.0,23.0
2019,12,G4,Allegiant Air,GJT,19.0,2.0,0.0,0.0,0.2,0.0,1.8,0.0,0.0,144.0,0.0,0.0,9.0,0.0,135.0
2019,12,G4,Allegiant Air,GPT,8.0,1.0,1.0,0.0,0.0,0.0,0.0,0.0,0.0,51.0,51.0,0.0,0.0,0.0,0.0
2019,12,G4,Allegiant Air,GRI,30.0,9.0,3.22,1.0,2.19,0.77,1.82,0.0,0.0,508.0,77.0,24.0,313.0,47.0,47.0
2019,12,G4,Allegiant Air,GRR,201.0,74.0,12.0,5.67,10.71,0.41,45.21,2.0,0.0,5203.0,1317.0,506.0,434.0,15.0,2931.0
2019,12,G4,Allegiant Air,GSO,21.0,4.0,3.0,0.0,1.0,0.0,0.0,1.0,0.0,108.0,93.0,0.0,15.0,0.0,0.0
2019,12,G4,Allegiant Air,GSP,37.0,15.0,3.75,1.0,1.78,0.0,8.46,0.0,0.0,1485.0,277.0,33.0,80.0,0.0,1095.0
2019,12,G4,Allegiant Air,GTF,23.0,4.0,0.18,0.0,1.65,0.0,2.18,1.0,0.0,140.0,9.0,0.0,63.0,0.0,68.0
2019,12,G4,Allegiant Air,HGR,16.0,3.0,0.75,0.89,0.43,0.0,0.93,0.0,0.0,168.0,35.0,39.0,27.0,0.0,67.0
2019,12,G4,Allegiant Air,HTS,41.0,4.0,1.0,0.65,1.3,0.0,1.05,0.0,1.0,89.0,15.0,13.0,37.0,0.0,24.0
2019,12,G4,Allegiant Air,IAG,43.0,4.0,2.15,0.0,1.02,0.0,0.82,0.0,0.0,427.0,395.0,0.0,18.0,0.0,14.0
2019,12,G4,Allegiant Air,ICT,17.0,3.0,0.95,0.78,1.01,0.0,0.26,0.0,0.0,69.0,23.0,14.0,26.0,0.0,6.0
2019,12,G4,Allegiant Air,IDA,20.0,8.0,1.34,0.84,2.54,1.0,2.28,0.0,0.0,208.0,36.0,36.0,48.0,16.0,72.0
2019,12,G4,Allegiant Air,IND,166.0,55.0,11.36,1.8,16.1,0.0,25.74,0.0,0.0,3881.0,1130.0,37.0,638.0,0.0,2076.0
2019,12,G4,Allegiant Air,JAX,53.0,10.0,0.96,0.0,1.89,0.0,7.15,0.0,0.0,499.0,49.0,0.0,62.0,0.0,388.0
2019,12,G4,Allegiant Air,LAS,830.0,233.0,49.34,23.63,69.12,1.42,89.49,3.0,0.0,14063.0,3436.0,2376.0,3359.0,36.0,4856.0
2019,12,G4,Allegiant Air,LAX,107.0,33.0,2.33,2.1,15.71,0.0,12.86,0.0,0.0,1640.0,128.0,159.0,628.0,0.0,725.0
2019,12,G4,Allegiant Air,LCK,70.0,12.0,4.48,0.0,3.21,0.0,4.32,0.0,0.0,1946.0,1550.0,0.0,130.0,0.0,266.0
2019,12,G4,Allegiant Air,LEX,70.0,16.0,3.39,0.64,2.55,0.0,9.42,0.0,0.0,869.0,198.0,47.0,160.0,0.0,464.0
2019,12,G4,Allegiant Air,LIT,11.0,1.0,0.0,0.0,1.0,0.0,0.0,0.0,0.0,17.0,0.0,0.0,17.0,0.0,0.0
2019,12,G4,Allegiant Air,LRD,9.0,0.0,0.0,0.0,0.0,0.0,0.0,0.0,0.0,0.0,0.0,0.0,0.0,0.0,0.0
2019,12,G4,Allegiant Air,MCI,9.0,1.0,0.0,0.0,0.88,0.0,0.12,0.0,0.0,26.0,0.0,0.0,23.0,0.0,3.0
2019,12,G4,Allegiant Air,MDT,70.0,4.0,1.72,0.0,0.44,0.0,1.84,0.0,0.0,155.0,88.0,0.0,12.0,0.0,55.0
2019,12,G4,Allegiant Air,MEM,64.0,17.0,4.17,0.17,4.13,0.0,8.53,0.0,0.0,971.0,156.0,33.0,165.0,0.0,617.0
2019,12,G4,Allegiant Air,MFE,55.0,7.0,2.77,1.55,1.41,0.0,1.27,0.0,1.0,182.0,71.0,34.0,37.0,0.0,40.0
2019,12,G4,Allegiant Air,MFR,26.0,3.0,0.79,0.0,0.21,0.0,2.0,0.0,0.0,272.0,23.0,0.0,6.0,0.0,243.0
2019,12,G4,Allegiant Air,MLI,47.0,5.0,3.09,0.0,0.91,0.0,1.0,0.0,0.0,168.0,128.0,0.0,25.0,0.0,15.0
2019,12,G4,Allegiant Air,MOT,31.0,7.0,2.25,0.0,2.56,1.0,1.18,0.0,0.0,284.0,106.0,0.0,75.0,45.0,58.0
2019,12,G4,Allegiant Air,MRY,9.0,4.0,0.0,0.0,2.06,0.0,1.94,0.0,0.0,284.0,0.0,0.0,218.0,0.0,66.0
2019,12,G4,Allegiant Air,MSO,22.0,3.0,0.98,0.67,0.9,0.0,0.45,0.0,0.0,61.0,21.0,12.0,18.0,0.0,10.0
2019,12,G4,Allegiant Air,MSY,39.0,3.0,2.25,3.0,6.89,0.0,0.86,0.0,0.0,789.0,211.0,296.0,252.0,0.0,30.0
2019,12,G4,Allegiant Air,MTJ,4.0,0.0,0.0,0.0,0.0,0.0,0.0,0.0,0.0,0.0,0.0,0.0,0.0,0.0,0.0
2019,12,G4,Allegiant Air,OAK,73.0,22.0,5.04,1.15,3.95,0.0,11.87,0.0,0.0,1660.0,641.0,45.0,135.0,0.0,839.0
2019,12,G4,Allegiant Air,OGD,9.0,1.0,1.0,0.0,0.0,0.0,0.0,0.0,0.0,20.0,20.0,0.0,0.0,0.0,0.0
2019,12,G4,Allegiant Air,OGS,11.0,3.0,0.72,0.93,1.14,0.0,0.21,0.0,0.0,209.0,34.0,133.0,38.0,0.0,4.0
2019,12,G4,Allegiant Air,OKC,19.0,4.0,1.0,0.0,0.59,0.0,2.41,0.0,0.0,319.0,35.0,0.0,82.0,0.0,202.0
2019,12,G4,Allegiant Air,OMA,43.0,4.0,1.94,0.94,0.12,0.0,1.0,1.0,0.0,193.0,33.0,16.0,2.0,0.0,142.0
2019,12,G4,Allegiant Air,ORF,53.0,11.0,2.08,1.0,2.28,0.0,5.64,1.0,0.0,687.0,196.0,48.0,105.0,0.0,338.0
2019,12,G4,Allegiant Air,OWB,9.0,3.0,0.93,0.68,1.07,0.0,0.32,0.0,0.0,139.0,14.0,28.0,84.0,0.0,13.0
2019,12,G4,Allegiant Air,PBG,46.0,8.0,3.84,0.47,1.26,0.0,2.43,0.0,0.0,437.0,218.0,7.0,53.0,0.0,159.0
2019,12,G4,Allegiant Air,PBI,53.0,0.0,4.6,1.0,8.56,0.0,5.85,0.0,0.0,1290.0,620.0,45.0,246.0,0.0,379.0
2019,12,G4,Allegiant Air,PGD,568.0,127.0,26.29,7.11,38.74,1.97,52.89,5.0,4.0,9948.0,2843.0,683.0,1303.0,57.0,5062.0
2019,12,G4,Allegiant Air,PIA,61.0,4.0,6.12,3.56,1.68,0.0,2.64,0.0,0.0,703.0,427.0,77.0,48.0,0.0,151.0
2019,12,G4,Allegiant Air,PIE,663.0,8.0,35.44,8.51,40.15,0.0,63.91,8.0,0.0,11912.0,4151.0,517.0,1811.0,0.0,5433.0
2019,12,G4,Allegiant Air,PIT,88.0,20.0,2.07,1.37,2.41,0.0,14.15,2.0,0.0,1837.0,275.0,109.0,350.0,0.0,1103.0
2019,12,G4,Allegiant Air,PSC,29.0,10.0,0.0,0.0,5.68,0.47,3.85,0.0,0.0,268.0,0.0,0.0,143.0,17.0,108.0
2019,12,G4,Allegiant Air,PSM,25.0,6.0,1.53,1.13,3.34,0.0,0.0,0.0,0.0,316.0,164.0,60.0,92.0,0.0,0.0
2019,12,G4,Allegiant Air,PSP,15.0,2.0,1.0,0.0,1.0,0.0,0.0,0.0,0.0,72.0,56.0,0.0,16.0,0.0,0.0
2019,12,G4,Allegiant Air,PVD,12.0,2.0,0.63,0.0,0.42,0.0,0.96,0.0,0.0,86.0,10.0,0.0,9.0,0.0,67.0
2019,12,G4,Allegiant Air,PVU,63.0,15.0,5.1,0.0,1.85,0.0,8.06,0.0,0.0,441.0,151.0,0.0,51.0,0.0,239.0
2019,12,G4,Allegiant Air,RAP,35.0,4.0,0.9,0.0,0.39,0.0,2.72,0.0,1.0,153.0,60.0,0.0,11.0,0.0,82.0
2019,12,G4,Allegiant Air,RDM,18.0,9.0,2.94,0.95,4.73,0.0,0.38,0.0,0.0,894.0,469.0,201.0,211.0,0.0,13.0
2019,12,G4,Allegiant Air,RDU,22.0,4.0,1.68,1.0,0.05,0.0,1.27,0.0,0.0,190.0,106.0,44.0,3.0,0.0,37.0
2019,12,G4,Allegiant Air,RFD,64.0,16.0,5.01,0.17,4.48,0.0,6.34,0.0,0.0,995.0,563.0,6.0,158.0,0.0,268.0
2019,12,G4,Allegiant Air,RIC,39.0,10.0,3.75,0.0,2.08,0.0,4.18,0.0,0.0,560.0,390.0,0.0,56.0,0.0,114.0
2019,12,G4,Allegiant Air,RNO,32.0,7.0,3.16,0.68,1.63,0.0,1.54,0.0,0.0,220.0,78.0,32.0,41.0,0.0,69.0
2019,12,G4,Allegiant Air,ROA,24.0,3.0,0.13,0.0,1.67,0.0,1.2,1.0,0.0,143.0,12.0,0.0,42.0,0.0,89.0
2019,12,G4,Allegiant Air,ROC,16.0,2.0,0.88,0.37,0.02,0.0,0.73,1.0,0.0,204.0,132.0,20.0,1.0,0.0,51.0
2019,12,G4,Allegiant Air,SAT,9.0,2.0,1.0,0.0,1.0,0.0,0.0,0.0,0.0,55.0,22.0,0.0,33.0,0.0,0.0
2019,12,G4,Allegiant Air,SAV,75.0,0.0,0.97,1.48,6.17,1.38,10.0,0.0,0.0,1771.0,60.0,48.0,252.0,28.0,1383.0
2019,12,G4,Allegiant Air,SBN,71.0,10.0,5.6,0.0,1.09,0.0,3.31,0.0,0.0,1892.0,1647.0,0.0,51.0,0.0,194.0
2019,12,G4,Allegiant Air,SCE,18.0,4.0,1.62,0.0,1.69,0.0,0.69,0.0,0.0,285.0,151.0,0.0,88.0,0.0,46.0
2019,12,G4,Allegiant Air,SCK,66.0,11.0,1.26,0.86,3.64,0.0,5.24,0.0,0.0,471.0,25.0,24.0,108.0,0.0,314.0
2019,12,G4,Allegiant Air,SDF,69.0,4.0,3.99,1.0,4.86,0.0,4.14,1.0,0.0,934.0,415.0,64.0,188.0,0.0,267.0
2019,12,G4,Allegiant Air,SFB,966.0,254.0,64.32,15.82,45.76,2.94,125.17,10.0,0.0,21600.0,8285.0,2194.0,1840.0,103.0,9178.0
2019,12,G4,Allegiant Air,SHV,9.0,4.0,3.23,0.0,0.06,0.0,0.71,0.0,0.0,311.0,290.0,0.0,6.0,0.0,15.0
2019,12,G4,Allegiant Air,SJU,18.0,2.0,1.41,0.0,0.26,0.0,0.33,0.0,0.0,62.0,39.0,0.0,10.0,0.0,13.0
2019,12,G4,Allegiant Air,SMX,16.0,2.0,0.0,0.0,1.91,0.0,0.09,0.0,0.0,53.0,0.0,0.0,51.0,0.0,2.0
2019,12,G4,Allegiant Air,SPI,11.0,3.0,1.28,0.0,1.31,0.0,0.41,0.0,0.0,146.0,83.0,0.0,52.0,0.0,11.0
2019,12,G4,Allegiant Air,SRQ,203.0,6.0,6.71,2.23,20.27,0.0,26.8,0.0,0.0,5247.0,481.0,519.0,755.0,0.0,3492.0
2019,12,G4,Allegiant Air,STC,10.0,2.0,0.78,0.0,0.67,0.0,0.54,0.0,0.0,58.0,18.0,0.0,21.0,0.0,19.0
2019,12,G4,Allegiant Air,SWF,29.0,7.0,0.66,0.0,1.76,0.0,4.59,2.0,0.0,355.0,25.0,0.0,106.0,0.0,224.0
2019,12,G4,Allegiant Air,SYR,67.0,13.0,2.03,0.0,9.24,0.0,1.73,2.0,0.0,814.0,209.0,0.0,425.0,0.0,180.0
2019,12,G4,Allegiant Air,TOL,40.0,9.0,1.0,0.0,0.32,0.0,7.68,0.0,0.0,487.0,19.0,0.0,17.0,0.0,451.0
2019,12,G4,Allegiant Air,TRI,11.0,2.0,0.0,0.83,0.53,0.0,0.64,0.0,0.0,141.0,0.0,55.0,38.0,0.0,48.0
2019,12,G4,Allegiant Air,TUL,30.0,5.0,2.05,0.0,0.28,0.0,2.67,0.0,0.0,233.0,45.0,0.0,17.0,0.0,171.0
2019,12,G4,Allegiant Air,TUS,26.0,3.0,0.76,1.0,1.23,0.0,0.01,0.0,0.0,623.0,22.0,32.0,561.0,0.0,8.0
2019,12,G4,Allegiant Air,TVC,36.0,2.0,1.0,0.0,0.0,0.0,1.0,1.0,1.0,128.0,15.0,0.0,0.0,0.0,113.0
2019,12,G4,Allegiant Air,TYS,145.0,52.0,7.8,1.69,12.45,0.34,29.71,0.0,0.0,2949.0,886.0,45.0,453.0,11.0,1554.0
2019,12,G4,Allegiant Air,USA,129.0,54.0,10.24,0.04,13.36,0.37,29.99,0.0,0.0,4537.0,2041.0,6.0,654.0,31.0,1805.0
2019,12,G4,Allegiant Air,VPS,87.0,3.0,2.1,1.0,6.05,0.84,13.01,1.0,0.0,1450.0,111.0,16.0,200.0,82.0,1041.0
2019,12,G4,Allegiant Air,XNA,42.0,5.0,0.0,2.0,1.95,0.0,1.05,0.0,0.0,771.0,0.0,675.0,64.0,0.0,32.0
2019,12,HA,Hawaiian Airlines,BInOcS.,22.0,7.0,6.0,1.0,0.0,0.0,0.0,0.0,0.0,267.0,245.0,22.0,0.0,0.0,0.0
2019,12,HA,Hawaiian Airlines,HInNcL.,2996.0,297.0,160.67,10.15,9.57,1.04,115.56,4.0,0.0,10560.0,6699.0,247.0,209.0,53.0,3352.0
2019,12,HA,Hawaiian Airlines,IITnOc.,497.0,31.0,22.35,0.05,0.0,0.0,8.6,0.0,0.0,749.0,560.0,1.0,0.0,0.0,188.0
2019,12,HA,Hawaiian Airlines,JInFcK.,31.0,12.0,10.8,0.2,0.0,1.0,0.0,0.0,0.0,516.0,449.0,18.0,0.0,49.0,0.0
2019,12,HA,Hawaiian Airlines,KInOcA.,763.0,7.0,43.16,0.52,2.36,0.0,20.96,0.0,0.0,1784.0,1175.0,12.0,74.0,0.0,523.0
2019,12,HA,Hawaiian Airlines,LInAcS.,92.0,20.0,16.49,0.0,0.0,0.0,3.51,0.0,0.0,696.0,585.0,0.0,0.0,0.0,111.0
2019,12,HA,Hawaiian Airlines,LInAcX.,194.0,37.0,31.16,1.0,0.0,0.0,4.84,1.0,1.0,2156.0,1895.0,31.0,0.0,0.0,230.0
2019,12,HA,Hawaiian Airlines,LInGcB.,31.0,8.0,8.0,0.0,0.0,0.0,0.0,0.0,0.0,547.0,547.0,0.0,0.0,0.0,0.0
2019,12,HA,Hawaiian Airlines,LInIHc.,758.0,54.0,34.88,1.08,1.17,0.0,16.87,1.0,0.0,1703.0,1061.0,37.0,42.0,0.0,563.0
2019,12,HA,Hawaiian Airlines,OInAcK.,88.0,17.0,14.2,0.0,0.0,0.0,2.8,0.0,0.0,491.0,350.0,0.0,0.0,0.0,141.0
2019,12,HA,Hawaiian Airlines,OInGc.G,1343.0,131.0,94.94,0.69,2.14,0.24,33.0,2.0,0.0,4498.0,3400.0,49.0,44.0,4.0,1001.0
2019,12,HA,Hawaiian Airlines,PInDcX.,62.0,25.0,24.23,0.0,0.0,0.0,0.77,0.0,0.0,713.0,685.0,0.0,0.0,0.0,28.0
2019,12,HA,Hawaiian Airlines,PInHcX.,31.0,6.0,6.0,0.0,0.0,0.0,0.0,0.0,0.0,178.0,178.0,0.0,0.0,0.0,0.0
2019,12,HA,Hawaiian Airlines,PInPcG.,11.0,1.0,0.0,0.0,0.0,1.0,0.0,0.0,0.0,22.0,0.0,0.0,0.0,22.0,0.0
2019,12,HA,Hawaiian Airlines,SInAcN.,62.0,11.0,11.0,0.0,0.0,0.0,0.0,0.0,0.0,293.0,293.0,0.0,0.0,0.0,0.0
2019,12,HA,Hawaiian Airlines,SInEcA.,79.0,27.0,20.67,0.0,0.0,1.33,5.0,0.0,0.0,1035.0,713.0,0.0,0.0,31.0,291.0
2019,12,HA,Hawaiian Airlines,SInFcO.,92.0,25.0,22.14,0.0,0.0,0.0,2.86,0.0,0.0,820.0,761.0,0.0,0.0,0.0,59.0
2019,12,HA,Hawaiian Airlines,SInJcC.,62.0,5.0,12.97,0.0,0.0,0.0,2.03,0.0,0.0,428.0,371.0,0.0,0.0,0.0,57.0
2019,12,HA,Hawaiian Airlines,SInMc.F,62.0,22.0,17.5,0.74,0.0,0.0,3.76,0.0,0.0,923.0,754.0,35.0,0.0,0.0,134.0
2019,12,MQ,Envoy Air,ABE,47.0,1.0,0.77,1.54,5.51,0.0,3.18,0.0,0.0,409.0,20.0,51.0,176.0,0.0,162.0
2019,12,MQ,Envoy Air,ABI,195.0,32.0,11.58,0.6,8.79,0.0,11.02,1.0,0.0,1563.0,459.0,21.0,257.0,0.0,826.0
2019,12,MQ,Envoy Air,ABQ,1.0,0.0,0.0,0.0,0.0,0.0,0.0,0.0,0.0,0.0,0.0,0.0,0.0,0.0,0.0
2019,12,MQ,Envoy Air,ACT,127.0,20.0,6.89,0.68,0.25,0.0,12.19,1.0,0.0,960.0,375.0,34.0,24.0,0.0,527.0
2019,12,MQ,Envoy Air,AEX,92.0,12.0,4.63,0.61,1.93,0.0,4.83,1.0,0.0,531.0,219.0,30.0,71.0,0.0,211.0
2019,12,MQ,Envoy Air,AGS,31.0,3.0,0.87,0.0,1.27,0.0,0.86,0.0,0.0,141.0,13.0,0.0,56.0,0.0,72.0
2019,12,MQ,Envoy Air,ALB,21.0,4.0,0.08,0.31,2.71,0.0,0.9,3.0,0.0,227.0,5.0,22.0,103.0,0.0,97.0
2019,12,MQ,Envoy Air,ALO,59.0,12.0,3.09,1.15,2.32,0.0,5.44,1.0,0.0,1031.0,272.0,74.0,188.0,0.0,497.0
2019,12,MQ,Envoy Air,AMA,14.0,3.0,0.94,0.0,0.51,0.0,1.55,1.0,0.0,187.0,74.0,0.0,19.0,0.0,94.0
2019,12,MQ,Envoy Air,ATL,20.0,3.0,0.0,0.03,0.12,0.0,2.86,0.0,0.0,168.0,0.0,2.0,8.0,0.0,158.0
2019,12,MQ,Envoy Air,ATW,55.0,12.0,3.49,0.69,1.23,0.0,6.58,3.0,0.0,642.0,175.0,57.0,110.0,0.0,300.0
2019,12,MQ,Envoy Air,AUS,2.0,0.0,0.0,0.0,0.0,0.0,0.0,0.0,0.0,0.0,0.0,0.0,0.0,0.0,0.0
2019,12,MQ,Envoy Air,AVP,60.0,9.0,0.65,1.02,4.06,0.0,3.26,0.0,0.0,402.0,23.0,53.0,139.0,0.0,187.0
2019,12,MQ,Envoy Air,AZO,84.0,3.0,7.71,0.12,5.8,0.0,9.37,4.0,0.0,1286.0,402.0,8.0,266.0,0.0,610.0
2019,12,MQ,Envoy Air,BGR,16.0,5.0,0.92,0.0,1.61,0.0,2.47,1.0,0.0,251.0,81.0,0.0,44.0,0.0,126.0
2019,12,MQ,Envoy Air,BHM,132.0,0.0,10.75,2.76,8.2,0.98,7.31,0.0,0.0,1945.0,911.0,97.0,311.0,57.0,569.0
2019,12,MQ,Envoy Air,BIL,30.0,3.0,0.25,0.1,1.0,0.0,1.65,0.0,1.0,286.0,26.0,16.0,16.0,0.0,228.0
2019,12,MQ,Envoy Air,BMI,90.0,2.0,24.0,2.46,8.54,0.0,8.75,2.0,0.0,831.0,70.0,140.0,281.0,0.0,340.0
2019,12,MQ,Envoy Air,BNA,146.0,44.0,8.7,1.49,13.3,0.0,20.51,0.0,0.0,2451.0,419.0,53.0,483.0,0.0,1496.0
2019,12,MQ,Envoy Air,BOI,87.0,21.0,4.2,2.48,8.99,0.0,5.33,0.0,2.0,1347.0,282.0,166.0,275.0,0.0,624.0
2019,12,MQ,Envoy Air,BPT,79.0,7.0,2.03,1.0,0.0,0.0,3.97,3.0,0.0,1051.0,49.0,726.0,0.0,0.0,276.0
2019,12,MQ,Envoy Air,BRO,66.0,6.0,1.0,0.09,0.43,0.0,4.48,0.0,0.0,391.0,66.0,11.0,10.0,0.0,304.0
2019,12,MQ,Envoy Air,BTR,106.0,6.0,5.32,1.31,4.31,0.0,5.07,2.0,0.0,915.0,227.0,88.0,169.0,0.0,431.0
2019,12,MQ,Envoy Air,BUF,133.0,30.0,8.54,1.68,9.91,0.0,9.87,1.0,0.0,1444.0,535.0,77.0,339.0,0.0,493.0
2019,12,MQ,Envoy Air,BWI,63.0,2.0,6.0,,5.15,0.0,9.02,1.0,0.0,1359.0,348.0,104.0,191.0,0.0,716.0
2019,12,MQ,Envoy Air,BZN,31.0,6.0,1.32,0.38,3.0,0.0,1.31,0.0,0.0,172.0,29.0,13.0,76.0,0.0,54.0
2019,12,MQ,Envoy Air,CAE,98.0,31.0,3.99,1.84,10.01,0.0,15.16,0.0,0.0,2307.0,229.0,329.0,377.0,0.0,1372.0
2019,12,MQ,Envoy Air,CHA,42.0,10.0,2.87,0.04,1.61,0.0,5.48,0.0,0.0,480.0,94.0,2.0,59.0,0.0,325.0
2019,12,MQ,Envoy Air,CHO,114.0,24.0,6.56,3.5,7.35,0.0,6.59,3.0,1.0,1343.0,265.0,442.0,276.0,0.0,360.0
2019,12,MQ,Envoy Air,CHS,100.0,14.0,2.79,0.95,4.97,0.0,5.29,1.0,0.0,763.0,74.0,86.0,185.0,0.0,418.0
2019,12,MQ,Envoy Air,CID,265.0,60.0,9.65,6.21,21.2,0.0,22.93,4.0,0.0,3271.0,309.0,459.0,766.0,0.0,1737.0
2019,12,MQ,Envoy Air,CLE,191.0,36.0,5.75,2.44,12.94,0.0,14.87,4.0,0.0,2339.0,307.0,280.0,439.0,0.0,1313.0
2019,12,MQ,Envoy Air,CLL,74.0,8.0,1.04,0.06,1.35,0.0,5.55,1.0,1.0,673.0,70.0,2.0,77.0,0.0,524.0
2019,12,MQ,Envoy Air,CLT,413.0,70.0,19.23,1.9,13.29,0.0,35.58,6.0,0.0,4581.0,1601.0,204.0,337.0,0.0,2439.0
2019,12,MQ,Envoy Air,CMH,414.0,7.0,14.49,3.61,20.99,0.0,37.91,5.0,0.0,5557.0,1201.0,423.0,935.0,0.0,2998.0
2019,12,MQ,Envoy Air,CMI,242.0,4.0,16.58,4.25,12.16,0.0,21.01,1.0,0.0,3197.0,816.0,361.0,505.0,0.0,1515.0
2019,12,MQ,Envoy Air,COS,27.0,6.0,1.0,0.18,1.65,0.0,3.17,0.0,0.0,559.0,16.0,27.0,73.0,0.0,443.0
2019,12,MQ,Envoy Air,COU,17.0,6.0,0.04,1.26,3.43,0.0,1.27,0.0,0.0,246.0,1.0,47.0,80.0,0.0,118.0
2019,12,MQ,Envoy Air,CRP,118.0,24.0,4.29,2.91,7.81,0.0,8.98,1.0,1.0,1664.0,162.0,733.0,277.0,0.0,492.0
2019,12,MQ,Envoy Air,CVG,447.0,5.0,19.19,8.87,31.71,0.0,45.22,3.0,3.0,6736.0,1183.0,730.0,1355.0,0.0,3468.0
2019,12,MQ,Envoy Air,CWA,85.0,12.0,2.28,1.47,5.04,0.0,3.21,6.0,3.0,789.0,161.0,123.0,206.0,0.0,299.0
2019,12,MQ,Envoy Air,DAY,105.0,16.0,3.39,1.24,4.26,0.0,7.11,2.0,0.0,1017.0,193.0,272.0,137.0,0.0,415.0
2019,12,MQ,Envoy Air,DBQ,89.0,23.0,6.14,2.83,5.71,0.0,8.33,6.0,0.0,1101.0,268.0,124.0,205.0,0.0,504.0
2019,12,MQ,Envoy Air,DCA,114.0,6.0,4.82,0.44,5.83,0.0,4.91,0.0,0.0,919.0,189.0,15.0,188.0,0.0,527.0
2019,12,MQ,Envoy Air,DFW,5472.0,6.0,199.3,71.76,290.23,5.76,448.95,63.0,38.0,80433.0,18482.0,10894.0,12890.0,194.0,37973.0
2019,12,MQ,Envoy Air,DLH,61.0,8.0,0.64,2.15,1.12,0.0,4.09,4.0,0.0,646.0,16.0,227.0,117.0,0.0,286.0
2019,12,MQ,Envoy Air,DRT,62.0,7.0,0.55,0.07,0.44,0.0,5.95,0.0,0.0,385.0,28.0,8.0,7.0,0.0,342.0
2019,12,MQ,Envoy Air,DSM,99.0,18.0,1.71,1.25,6.49,0.0,8.55,4.0,0.0,798.0,52.0,87.0,238.0,0.0,421.0
2019,12,MQ,Envoy Air,DTW,70.0,14.0,2.03,0.3,5.64,0.0,6.03,2.0,0.0,651.0,41.0,18.0,230.0,0.0,362.0
2019,12,MQ,Envoy Air,ELP,84.0,18.0,2.73,1.54,8.14,0.0,5.58,0.0,0.0,955.0,147.0,84.0,257.0,0.0,467.0
2019,12,MQ,Envoy Air,EVV,62.0,14.0,2.66,0.51,1.17,0.0,9.65,0.0,0.0,648.0,157.0,49.0,36.0,0.0,406.0
2019,12,MQ,Envoy Air,EWR,13.0,9.0,1.37,0.0,5.78,0.0,1.85,0.0,0.0,1180.0,225.0,0.0,471.0,0.0,484.0
2019,12,MQ,Envoy Air,EYW,48.0,8.0,1.06,0.33,6.5,0.0,0.11,0.0,0.0,329.0,61.0,16.0,245.0,0.0,7.0
2019,12,MQ,Envoy Air,FAR,144.0,35.0,8.68,3.23,9.81,0.0,13.27,7.0,0.0,2041.0,433.0,281.0,347.0,0.0,980.0
2019,12,MQ,Envoy Air,FAY,46.0,6.0,0.51,0.48,0.28,0.0,4.72,1.0,0.0,448.0,29.0,14.0,17.0,0.0,388.0
2019,12,MQ,Envoy Air,FNT,115.0,26.0,7.21,1.48,6.71,0.0,10.59,2.0,0.0,1619.0,440.0,110.0,302.0,0.0,767.0
2019,12,MQ,Envoy Air,FSD,44.0,16.0,3.06,3.54,3.04,0.0,6.37,3.0,0.0,1019.0,172.0,285.0,152.0,0.0,410.0
2019,12,MQ,Envoy Air,FSM,76.0,8.0,3.0,0.02,1.15,0.0,3.82,0.0,1.0,625.0,247.0,3.0,49.0,0.0,326.0
2019,12,MQ,Envoy Air,FWA,69.0,12.0,3.87,1.86,5.04,0.0,1.23,3.0,1.0,629.0,166.0,141.0,254.0,0.0,68.0
2019,12,MQ,Envoy Air,GCK,62.0,7.0,2.56,1.42,1.84,0.0,1.17,0.0,0.0,393.0,157.0,105.0,48.0,0.0,83.0
2019,12,MQ,Envoy Air,GEG,24.0,1.0,0.43,0.0,0.0,0.0,0.57,0.0,0.0,286.0,122.0,0.0,0.0,0.0,164.0
2019,12,MQ,Envoy Air,GGG,80.0,5.0,1.0,2.1,0.15,0.0,1.76,0.0,0.0,444.0,20.0,232.0,16.0,0.0,176.0
2019,12,MQ,Envoy Air,GJT,80.0,16.0,4.44,0.2,5.52,0.0,5.84,1.0,0.0,639.0,144.0,12.0,184.0,0.0,299.0
2019,12,MQ,Envoy Air,GNV,89.0,10.0,2.7,0.14,1.97,0.0,5.19,0.0,0.0,335.0,104.0,3.0,56.0,0.0,172.0
2019,12,MQ,Envoy Air,GPT,16.0,3.0,2.08,0.0,0.06,0.0,0.87,0.0,0.0,178.0,95.0,0.0,5.0,0.0,78.0
2019,12,MQ,Envoy Air,GRB,81.0,1.0,1.0,3.25,1.93,0.0,4.82,5.0,0.0,992.0,23.0,583.0,75.0,0.0,311.0
2019,12,MQ,Envoy Air,GRI,65.0,8.0,4.62,0.52,0.53,0.0,2.33,1.0,1.0,347.0,202.0,43.0,8.0,0.0,94.0
2019,12,MQ,Envoy Air,GRK,197.0,32.0,8.53,3.97,7.58,0.0,11.93,4.0,0.0,1650.0,412.0,259.0,195.0,0.0,784.0
2019,12,MQ,Envoy Air,GRR,155.0,39.0,5.25,4.19,16.1,0.0,13.47,5.0,0.0,2404.0,235.0,869.0,565.0,0.0,735.0
2019,12,MQ,Envoy Air,GSO,302.0,5.0,13.21,2.24,21.35,0.0,38.21,2.0,0.0,4057.0,520.0,163.0,840.0,0.0,2534.0
2019,12,MQ,Envoy Air,GSP,154.0,27.0,4.87,1.14,5.32,0.0,15.67,2.0,0.0,1659.0,123.0,76.0,283.0,0.0,1177.0
2019,12,MQ,Envoy Air,HDN,14.0,3.0,0.09,0.39,0.85,0.0,1.68,0.0,0.0,230.0,4.0,32.0,43.0,0.0,151.0
2019,12,MQ,Envoy Air,HOU,45.0,6.0,0.66,0.04,1.81,0.0,3.49,0.0,0.0,449.0,35.0,8.0,46.0,0.0,360.0
2019,12,MQ,Envoy Air,HRL,87.0,10.0,2.01,1.38,0.73,0.0,5.87,1.0,2.0,1211.0,89.0,554.0,39.0,0.0,529.0
2019,12,MQ,Envoy Air,HSV,43.0,0.0,1.5,0.8,2.68,0.0,5.02,0.0,0.0,504.0,80.0,49.0,118.0,0.0,257.0
2019,12,MQ,Envoy Air,IAH,50.0,1.0,1.28,0.92,4.72,0.0,4.08,0.0,0.0,511.0,25.0,84.0,175.0,0.0,227.0
2019,12,MQ,Envoy Air,ICT,134.0,0.0,5.26,2.63,7.94,0.0,14.17,2.0,0.0,1771.0,381.0,173.0,330.0,0.0,887.0
2019,12,MQ,Envoy Air,ILM,90.0,21.0,6.06,0.65,6.37,0.0,7.93,1.0,0.0,1680.0,534.0,103.0,459.0,0.0,584.0
2019,12,MQ,Envoy Air,IND,153.0,36.0,5.44,0.35,15.64,0.0,14.57,1.0,0.0,1777.0,290.0,10.0,479.0,0.0,998.0
2019,12,MQ,Envoy Air,JAN,1.0,0.0,0.0,0.0,0.0,0.0,0.0,0.0,0.0,0.0,0.0,0.0,0.0,0.0,0.0
2019,12,MQ,Envoy Air,JAX,134.0,17.0,2.98,0.68,5.7,0.0,7.64,1.0,0.0,576.0,85.0,24.0,162.0,0.0,305.0
2019,12,MQ,Envoy Air,JFK,411.0,114.0,20.89,1.24,42.8,0.0,49.07,5.0,3.0,6521.0,791.0,82.0,2541.0,0.0,3107.0
2019,12,MQ,Envoy Air,JLN,117.0,28.0,7.4,2.96,4.95,0.0,12.7,5.0,2.0,1499.0,300.0,135.0,177.0,0.0,887.0
2019,12,MQ,Envoy Air,LAN,60.0,13.0,3.88,0.75,2.78,0.0,5.59,1.0,0.0,795.0,100.0,47.0,172.0,0.0,476.0
2019,12,MQ,Envoy Air,LAW,54.0,11.0,2.14,0.0,0.5,0.0,8.36,1.0,0.0,566.0,125.0,0.0,27.0,0.0,414.0
2019,12,MQ,Envoy Air,LBB,14.0,2.0,1.14,0.0,0.6,0.0,0.26,1.0,0.0,62.0,26.0,0.0,25.0,0.0,11.0
2019,12,MQ,Envoy Air,LCH,78.0,11.0,4.86,1.0,0.88,0.0,4.26,1.0,0.0,1130.0,235.0,717.0,36.0,0.0,142.0
2019,12,MQ,Envoy Air,LEX,164.0,32.0,7.84,2.1,7.07,0.0,14.99,0.0,1.0,2428.0,474.0,283.0,336.0,0.0,1335.0
2019,12,MQ,Envoy Air,LFT,18.0,3.0,1.8,0.0,0.2,0.0,1.0,0.0,0.0,268.0,70.0,0.0,7.0,0.0,191.0
2019,12,MQ,Envoy Air,LGA,640.0,196.0,23.89,7.73,104.24,0.0,60.14,17.0,7.0,15601.0,2283.0,477.0,8020.0,0.0,4821.0
2019,12,MQ,Envoy Air,LIT,326.0,6.0,13.97,3.75,13.04,0.0,25.24,1.0,0.0,3079.0,580.0,304.0,473.0,0.0,1722.0
2019,12,MQ,Envoy Air,LRD,81.0,6.0,1.69,0.0,0.15,0.0,4.16,1.0,0.0,364.0,93.0,0.0,6.0,0.0,265.0
2019,12,MQ,Envoy Air,LSE,53.0,10.0,1.44,1.03,1.71,0.0,5.83,1.0,0.0,645.0,78.0,35.0,101.0,0.0,431.0
2019,12,MQ,Envoy Air,MCI,73.0,16.0,4.74,1.16,3.57,0.0,6.54,0.0,0.0,699.0,194.0,54.0,140.0,0.0,311.0
2019,12,MQ,Envoy Air,MDT,95.0,16.0,3.1,0.46,6.58,0.0,5.86,0.0,0.0,692.0,87.0,34.0,242.0,0.0,329.0
2019,12,MQ,Envoy Air,MEM,177.0,33.0,6.19,2.44,14.41,0.0,9.95,0.0,0.0,1409.0,277.0,57.0,561.0,0.0,514.0
2019,12,MQ,Envoy Air,MFE,66.0,4.0,2.21,0.86,5.27,0.0,5.66,2.0,0.0,993.0,187.0,30.0,274.0,0.0,502.0
2019,12,MQ,Envoy Air,MGM,37.0,8.0,4.59,0.23,0.1,0.0,3.08,0.0,0.0,268.0,134.0,11.0,2.0,0.0,121.0
2019,12,MQ,Envoy Air,MHK,112.0,18.0,2.85,2.0,3.91,0.0,9.24,0.0,1.0,1151.0,92.0,179.0,257.0,0.0,623.0
2019,12,MQ,Envoy Air,MIA,1078.0,245.0,79.05,1.41,70.88,1.4,92.27,2.0,1.0,15111.0,6730.0,36.0,2296.0,28.0,6021.0
2019,12,MQ,Envoy Air,MLI,81.0,15.0,2.21,0.83,2.87,0.0,9.1,2.0,0.0,910.0,123.0,53.0,102.0,0.0,632.0
2019,12,MQ,Envoy Air,MLU,56.0,12.0,2.12,2.4,0.73,0.0,6.76,1.0,1.0,651.0,81.0,129.0,35.0,0.0,406.0
2019,12,MQ,Envoy Air,MOB,48.0,9.0,2.82,1.0,4.57,0.0,0.61,0.0,0.0,526.0,248.0,31.0,164.0,0.0,83.0
2019,12,MQ,Envoy Air,MQT,31.0,8.0,1.27,1.49,1.0,0.0,4.24,3.0,0.0,4337.0,124.0,1397.0,20.0,0.0,2796.0
2019,12,MQ,Envoy Air,MSN,150.0,32.0,3.86,0.37,12.56,0.0,15.2,3.0,0.0,1785.0,165.0,36.0,442.0,0.0,1142.0
2019,12,MQ,Envoy Air,MSO,31.0,5.0,1.11,0.04,1.95,0.0,1.9,0.0,0.0,131.0,35.0,1.0,44.0,0.0,51.0
2019,12,MQ,Envoy Air,MSP,15.0,4.0,0.0,0.03,2.14,0.0,1.83,0.0,0.0,391.0,0.0,9.0,84.0,0.0,298.0
2019,12,MQ,Envoy Air,MSY,59.0,5.0,3.21,1.62,4.58,0.0,5.59,1.0,0.0,818.0,158.0,46.0,200.0,0.0,414.0
2019,12,MQ,Envoy Air,MTJ,14.0,2.0,0.0,0.0,0.0,0.0,2.0,0.0,0.0,160.0,0.0,0.0,0.0,0.0,160.0
2019,12,MQ,Envoy Air,MYR,3.0,1.0,0.57,0.0,0.43,0.0,0.0,0.0,0.0,23.0,13.0,0.0,10.0,0.0,0.0
2019,12,MQ,Envoy Air,OKC,27.0,4.0,1.39,0.16,1.64,0.0,0.8,1.0,1.0,187.0,30.0,20.0,39.0,0.0,98.0
2019,12,MQ,Envoy Air,OMA,141.0,23.0,2.51,1.46,5.29,0.0,13.73,1.0,0.0,1206.0,178.0,43.0,266.0,0.0,719.0
2019,12,MQ,Envoy Air,ORD,5428.0,1261.0,199.11,64.15,414.85,0.36,582.52,110.0,2.0,88488.0,18350.0,9430.0,19238.0,7.0,41463.0
2019,12,MQ,Envoy Air,ORF,293.0,68.0,13.98,2.06,21.53,0.0,30.43,2.0,1.0,4092.0,826.0,122.0,869.0,0.0,2275.0
2019,12,MQ,Envoy Air,PGV,2.0,0.0,0.0,0.0,0.0,0.0,0.0,0.0,0.0,0.0,0.0,0.0,0.0,0.0,0.0
2019,12,MQ,Envoy Air,PHL,27.0,7.0,1.52,0.0,4.44,0.0,1.04,1.0,0.0,468.0,83.0,0.0,314.0,0.0,71.0
2019,12,MQ,Envoy Air,PIA,74.0,1.0,2.82,3.29,7.16,0.0,7.72,1.0,0.0,1227.0,189.0,235.0,281.0,0.0,522.0
2019,12,MQ,Envoy Air,PIT,185.0,38.0,6.79,3.11,13.62,0.0,14.48,2.0,3.0,2257.0,370.0,219.0,631.0,0.0,1037.0
2019,12,MQ,Envoy Air,PNS,104.0,20.0,6.09,0.0,6.26,0.0,7.65,0.0,0.0,580.0,221.0,0.0,140.0,0.0,219.0
2019,12,MQ,Envoy Air,PVD,58.0,9.0,1.4,0.73,4.9,0.0,1.98,0.0,0.0,551.0,75.0,97.0,236.0,0.0,143.0
2019,12,MQ,Envoy Air,RDU,83.0,9.0,5.11,1.0,5.71,0.0,7.17,2.0,0.0,1098.0,447.0,20.0,207.0,0.0,424.0
2019,12,MQ,Envoy Air,RIC,208.0,31.0,7.94,2.29,10.34,0.0,10.43,3.0,0.0,1379.0,221.0,106.0,507.0,0.0,545.0
2019,12,MQ,Envoy Air,ROA,28.0,9.0,1.14,0.84,3.74,0.0,3.28,0.0,0.0,408.0,52.0,42.0,112.0,0.0,202.0
2019,12,MQ,Envoy Air,ROC,61.0,6.0,1.6,0.05,3.31,0.0,1.03,1.0,0.0,438.0,163.0,7.0,163.0,0.0,105.0
2019,12,MQ,Envoy Air,ROW,13.0,1.0,0.0,0.0,0.0,0.0,1.0,0.0,0.0,127.0,0.0,0.0,0.0,0.0,127.0
2019,12,MQ,Envoy Air,RST,115.0,25.0,4.97,3.64,8.02,0.0,8.38,1.0,0.0,1530.0,185.0,301.0,427.0,0.0,617.0
2019,12,MQ,Envoy Air,SAT,30.0,6.0,0.0,0.4,2.85,0.0,2.75,0.0,0.0,198.0,0.0,19.0,75.0,0.0,104.0
2019,12,MQ,Envoy Air,SAV,71.0,3.0,4.77,0.0,4.14,0.0,4.08,0.0,1.0,805.0,465.0,0.0,129.0,0.0,211.0
2019,12,MQ,Envoy Air,SBA,60.0,11.0,1.56,0.24,4.51,0.0,4.68,0.0,1.0,428.0,57.0,20.0,95.0,0.0,256.0
2019,12,MQ,Envoy Air,SBP,31.0,4.0,1.96,0.38,1.65,0.0,0.0,0.0,0.0,225.0,177.0,10.0,38.0,0.0,0.0
2019,12,MQ,Envoy Air,SCE,47.0,13.0,3.89,1.01,4.41,0.0,3.7,0.0,0.0,853.0,392.0,18.0,244.0,0.0,199.0
2019,12,MQ,Envoy Air,SDF,129.0,4.0,4.49,3.54,6.55,0.0,9.43,1.0,0.0,1838.0,263.0,303.0,299.0,0.0,973.0
2019,12,MQ,Envoy Air,SGF,408.0,84.0,23.01,4.97,20.46,0.0,35.56,1.0,3.0,5022.0,1244.0,371.0,743.0,0.0,2664.0
2019,12,MQ,Envoy Air,SHV,86.0,16.0,4.19,0.35,8.19,0.0,3.26,3.0,0.0,572.0,123.0,29.0,196.0,0.0,224.0
2019,12,MQ,Envoy Air,SJT,164.0,1.0,5.22,2.5,2.8,0.0,10.48,0.0,0.0,1096.0,279.0,92.0,102.0,0.0,623.0
2019,12,MQ,Envoy Air,SPI,82.0,8.0,2.94,0.74,2.19,0.0,2.12,0.0,0.0,465.0,157.0,81.0,100.0,0.0,127.0
2019,12,MQ,Envoy Air,SPS,102.0,9.0,3.3,0.99,0.23,0.0,4.48,2.0,1.0,527.0,173.0,84.0,19.0,0.0,251.0
2019,12,MQ,Envoy Air,SRQ,36.0,9.0,4.08,0.07,0.58,0.0,4.27,0.0,0.0,746.0,333.0,7.0,22.0,0.0,384.0
2019,12,MQ,Envoy Air,STL,52.0,10.0,1.67,1.02,2.95,0.0,4.35,0.0,0.0,379.0,46.0,50.0,114.0,0.0,169.0
2019,12,MQ,Envoy Air,STS,31.0,2.0,0.53,0.1,9.47,0.0,1.9,0.0,2.0,534.0,11.0,21.0,233.0,0.0,269.0
2019,12,MQ,Envoy Air,SUX,123.0,1.0,2.56,0.18,6.57,0.0,11.68,1.0,0.0,1104.0,132.0,23.0,262.0,0.0,687.0
2019,12,MQ,Envoy Air,SWO,68.0,8.0,3.49,0.0,0.36,0.0,4.16,0.0,0.0,313.0,167.0,0.0,14.0,0.0,132.0
2019,12,MQ,Envoy Air,SYR,34.0,7.0,1.17,1.11,2.22,0.0,2.5,0.0,0.0,368.0,36.0,33.0,95.0,0.0,204.0
2019,12,MQ,Envoy Air,TLH,156.0,33.0,5.13,0.81,6.48,0.0,20.58,0.0,0.0,1996.0,284.0,91.0,190.0,0.0,1431.0
2019,12,MQ,Envoy Air,TOL,89.0,17.0,3.9,0.64,3.81,0.0,8.65,0.0,0.0,1171.0,196.0,82.0,192.0,0.0,701.0
2019,12,MQ,Envoy Air,TRI,75.0,11.0,4.54,0.85,1.02,0.0,4.59,0.0,0.0,854.0,153.0,131.0,39.0,0.0,531.0
2019,12,MQ,Envoy Air,TUL,145.0,22.0,5.73,2.94,3.96,0.0,9.37,1.0,0.0,1394.0,206.0,122.0,180.0,0.0,886.0
2019,12,MQ,Envoy Air,TVC,76.0,21.0,5.62,1.81,4.35,0.0,9.22,5.0,0.0,879.0,266.0,61.0,140.0,0.0,412.0
2019,12,MQ,Envoy Air,TXK,90.0,9.0,4.42,0.09,0.29,0.0,4.2,3.0,0.0,584.0,352.0,2.0,11.0,0.0,219.0
2019,12,MQ,Envoy Air,TYR,145.0,21.0,6.62,3.09,1.0,0.0,10.28,2.0,1.0,1508.0,667.0,194.0,37.0,0.0,610.0
2019,12,MQ,Envoy Air,TYS,81.0,22.0,4.49,1.8,9.24,0.0,6.48,1.0,0.0,1082.0,199.0,138.0,282.0,0.0,463.0
2019,12,MQ,Envoy Air,XNA,406.0,73.0,16.73,3.53,20.27,0.0,32.47,3.0,1.0,4435.0,947.0,219.0,913.0,0.0,2356.0
2019,12,NK,Spirit Air Lines,ACY,293.0,45.0,6.84,0.94,18.61,0.99,17.61,2.0,2.0,2905.0,476.0,124.0,771.0,25.0,1509.0
2019,12,NK,Spirit Air Lines,ATL,736.0,7.0,26.34,2.83,46.76,1.15,29.92,3.0,0.0,6033.0,1749.0,258.0,2356.0,30.0,1640.0
2019,12,NK,Spirit Air Lines,AUS,269.0,35.0,14.71,0.94,11.78,0.15,7.42,0.0,0.0,2798.0,1165.0,178.0,767.0,3.0,685.0
2019,12,NK,Spirit Air Lines,AVL,31.0,7.0,3.14,1.0,1.62,0.0,1.24,0.0,0.0,231.0,112.0,27.0,47.0,0.0,45.0
2019,12,NK,Spirit Air Lines,BDL,167.0,27.0,5.52,0.73,13.59,0.63,6.53,4.0,0.0,1567.0,400.0,129.0,434.0,25.0,579.0
2019,12,NK,Spirit Air Lines,BNA,186.0,19.0,4.81,0.0,5.55,0.0,8.63,0.0,0.0,1082.0,215.0,0.0,235.0,0.0,632.0
2019,12,NK,Spirit Air Lines,BOS,403.0,115.0,14.8,0.0,80.59,1.0,18.61,7.0,0.0,7794.0,1030.0,0.0,5399.0,92.0,1273.0
2019,12,NK,Spirit Air Lines,BQN,45.0,10.0,3.17,0.0,4.23,0.0,2.6,0.0,0.0,375.0,131.0,0.0,145.0,0.0,99.0
2019,12,NK,Spirit Air Lines,BUR,33.0,3.0,0.15,0.0,1.4,0.0,1.45,0.0,0.0,97.0,3.0,0.0,54.0,0.0,40.0
2019,12,NK,Spirit Air Lines,BWI,768.0,7.0,9.0,,67.45,3.05,44.48,5.0,0.0,9063.0,2594.0,299.0,3024.0,96.0,3050.0
2019,12,NK,Spirit Air Lines,CAK,50.0,5.0,1.95,0.0,1.77,0.0,1.28,1.0,1.0,311.0,93.0,0.0,91.0,0.0,127.0
2019,12,NK,Spirit Air Lines,CLE,231.0,32.0,10.25,1.0,10.98,0.25,9.52,2.0,0.0,1825.0,555.0,124.0,650.0,20.0,476.0
2019,12,NK,Spirit Air Lines,CLT,124.0,32.0,5.38,0.66,17.1,0.0,8.85,0.0,0.0,1738.0,298.0,69.0,844.0,0.0,527.0
2019,12,NK,Spirit Air Lines,CMH,137.0,1.0,4.26,0.0,10.35,0.0,6.39,0.0,0.0,958.0,321.0,0.0,362.0,0.0,275.0
2019,12,NK,Spirit Air Lines,DEN,320.0,69.0,16.91,0.85,35.53,0.0,15.71,2.0,0.0,4773.0,1633.0,153.0,1833.0,0.0,1154.0
2019,12,NK,Spirit Air Lines,DFW,588.0,6.0,17.27,2.61,59.82,1.0,15.3,1.0,0.0,4938.0,729.0,220.0,2913.0,30.0,1046.0
2019,12,NK,Spirit Air Lines,DTW,920.0,143.0,37.86,2.15,53.59,2.84,46.56,6.0,2.0,9895.0,2350.0,187.0,3411.0,83.0,3864.0
2019,12,NK,Spirit Air Lines,EWR,414.0,121.0,10.6,5.84,86.08,0.35,18.13,4.0,1.0,8764.0,788.0,1376.0,5165.0,7.0,1428.0
2019,12,NK,Spirit Air Lines,FLL,1920.0,6.0,99.91,7.88,220.24,3.04,94.93,16.0,2.0,28362.0,5884.0,509.0,13648.0,61.0,8260.0
2019,12,NK,Spirit Air Lines,GSO,31.0,5.0,1.82,0.0,2.18,0.0,1.0,0.0,0.0,188.0,42.0,0.0,124.0,0.0,22.0
2019,12,NK,Spirit Air Lines,IAG,22.0,5.0,0.0,0.0,3.22,0.0,1.78,0.0,1.0,180.0,0.0,0.0,82.0,0.0,98.0
2019,12,NK,Spirit Air Lines,IAH,515.0,3.0,23.92,0.0,27.45,1.3,10.34,1.0,3.0,4891.0,2004.0,0.0,1519.0,65.0,1303.0
2019,12,NK,Spirit Air Lines,IND,124.0,21.0,7.42,0.26,10.21,0.0,3.11,0.0,0.0,1733.0,613.0,31.0,527.0,0.0,562.0
2019,12,NK,Spirit Air Lines,JAX,54.0,9.0,3.38,0.0,2.09,0.0,3.52,0.0,0.0,704.0,320.0,0.0,86.0,0.0,298.0
2019,12,NK,Spirit Air Lines,LAS,1444.0,208.0,55.75,11.54,100.28,0.0,40.43,5.0,2.0,16965.0,4441.0,1165.0,7466.0,0.0,3893.0
2019,12,NK,Spirit Air Lines,LAX,595.0,93.0,33.05,0.43,42.19,0.24,17.09,1.0,3.0,6025.0,2487.0,28.0,1712.0,24.0,1774.0
2019,12,NK,Spirit Air Lines,LBE,81.0,13.0,4.1,1.0,2.4,0.0,5.5,0.0,0.0,1326.0,208.0,561.0,175.0,0.0,382.0
2019,12,NK,Spirit Air Lines,LGA,341.0,81.0,12.48,3.16,55.46,0.1,9.81,4.0,4.0,6623.0,1078.0,751.0,3641.0,5.0,1148.0
2019,12,NK,Spirit Air Lines,MCI,111.0,9.0,1.89,0.0,2.26,0.0,4.85,0.0,0.0,772.0,148.0,0.0,62.0,0.0,562.0
2019,12,NK,Spirit Air Lines,MCO,1543.0,319.0,76.58,7.17,169.73,2.52,63.0,12.0,1.0,20688.0,4970.0,592.0,9177.0,90.0,5859.0
2019,12,NK,Spirit Air Lines,MSP,322.0,6.0,8.26,1.0,26.82,0.0,19.92,2.0,0.0,4180.0,438.0,199.0,1317.0,0.0,2226.0
2019,12,NK,Spirit Air Lines,MSY,527.0,6.0,21.27,2.01,27.82,0.31,34.59,2.0,0.0,5717.0,1102.0,151.0,1973.0,24.0,2467.0
2019,12,NK,Spirit Air Lines,MYR,152.0,31.0,9.75,0.58,14.99,0.25,5.43,0.0,1.0,2553.0,645.0,19.0,1411.0,16.0,462.0
2019,12,NK,Spirit Air Lines,OAK,120.0,18.0,6.55,0.0,6.48,0.0,4.97,0.0,0.0,1307.0,426.0,0.0,424.0,0.0,457.0
2019,12,NK,Spirit Air Lines,ORD,732.0,123.0,26.44,1.26,66.32,0.67,28.31,3.0,2.0,7417.0,1230.0,116.0,3330.0,14.0,2727.0
2019,12,NK,Spirit Air Lines,PBG,22.0,4.0,1.75,0.0,2.25,0.0,0.0,0.0,0.0,136.0,61.0,0.0,75.0,0.0,0.0
2019,12,NK,Spirit Air Lines,PBI,73.0,5.0,4.08,1.69,6.6,0.0,2.63,1.0,0.0,844.0,148.0,221.0,222.0,0.0,253.0
2019,12,NK,Spirit Air Lines,PDX,54.0,11.0,3.93,0.0,5.07,0.0,2.0,0.0,0.0,877.0,497.0,0.0,350.0,0.0,30.0
2019,12,NK,Spirit Air Lines,PHL,336.0,79.0,12.15,1.63,47.88,1.0,16.35,1.0,0.0,4937.0,677.0,247.0,3227.0,17.0,769.0
2019,12,NK,Spirit Air Lines,PHX,124.0,14.0,3.19,0.26,7.97,0.0,2.59,0.0,0.0,776.0,116.0,15.0,418.0,0.0,227.0
2019,12,NK,Spirit Air Lines,PIT,197.0,32.0,8.38,0.09,14.21,0.0,9.32,1.0,0.0,2717.0,566.0,20.0,1088.0,0.0,1043.0
2019,12,WN,Southwest Airline,sM CEoM.,384.0,74.0,27.07,0.81,9.96,0.0,36.16,1.0,1.0,3349.0,1056.0,45.0,350.0,0.0,1898.0
2019,12,WN,Southwest Airline,sM CHoT.,299.0,75.0,43.33,1.33,9.45,0.96,19.92,2.0,1.0,2718.0,1288.0,70.0,306.0,26.0,1028.0
2019,12,WN,Southwest Airline,sM CKoE.,1019.0,209.0,69.39,0.29,24.62,0.0,114.69,4.0,0.0,11747.0,3575.0,28.0,1058.0,0.0,7086.0
2019,12,WN,Southwest Airline,sM CSoP.,551.0,2.0,58.17,0.15,16.95,0.0,56.73,7.0,0.0,6089.0,2283.0,17.0,962.0,0.0,2827.0
2019,12,WN,Southwest Airline,sM CSoY.,1739.0,4.0,142.21,1.49,60.35,1.89,178.05,5.0,2.0,16534.0,6091.0,83.0,2122.0,47.0,8191.0
2019,12,WN,Southwest Airline,sO CAoK.,3601.0,83.0,280.47,3.47,230.51,1.25,367.29,43.0,1.0,41853.0,13919.0,172.0,8516.0,113.0,19133.0
2019,12,WN,Southwest Airline,sO CGoG.,217.0,21.0,10.13,0.0,0.6,0.0,10.26,1.0,0.0,1072.0,544.0,0.0,25.0,0.0,503.0
2019,12,WN,Southwest Airline,sO CKoC.,600.0,139.0,57.2,0.0,13.08,0.0,68.72,3.0,2.0,5450.0,2132.0,0.0,378.0,0.0,2940.0
2019,12,WN,Southwest Airline,sO CMoA.,573.0,127.0,47.44,0.04,12.74,0.0,66.78,3.0,0.0,5999.0,2240.0,4.0,347.0,0.0,3408.0
2019,12,WN,Southwest Airline,sO CNoT.,1092.0,272.0,117.47,1.0,17.24,1.48,134.8,5.0,0.0,12780.0,5084.0,17.0,633.0,50.0,6996.0
2019,12,WN,Southwest Airline,sO CRoF.,238.0,48.0,25.02,0.0,1.74,0.0,21.24,1.0,1.0,2145.0,926.0,0.0,82.0,0.0,1137.0
2019,12,WN,Southwest Airline,sP BCIo.,237.0,9.0,24.5,0.0,16.13,0.0,28.38,1.0,0.0,3429.0,1343.0,0.0,466.0,0.0,1620.0
2019,12,WN,Southwest Airline,sP DCXo.,1077.0,247.0,93.98,0.89,23.75,0.06,128.32,3.0,1.0,11754.0,4531.0,16.0,817.0,3.0,6387.0
2019,12,WN,Southwest Airline,sP HCLo.,741.0,210.0,82.54,4.89,57.28,1.0,64.3,8.0,1.0,10789.0,4053.0,417.0,3370.0,20.0,2929.0
2019,12,WN,Southwest Airline,sP HCXo.,5017.0,1148.0,364.08,4.93,230.63,3.49,544.87,43.0,3.0,53049.0,16484.0,452.0,7384.0,93.0,28636.0
2019,12,WN,Southwest Airline,sP ICTo.,872.0,167.0,68.83,0.25,17.5,0.0,80.42,3.0,0.0,7799.0,3432.0,13.0,539.0,0.0,3815.0
2019,12,WN,Southwest Airline,sP NCSo.,95.0,10.0,4.01,0.0,0.21,0.0,5.78,0.0,0.0,431.0,251.0,0.0,4.0,0.0,176.0
2019,12,WN,Southwest Airline,sP VCDo.,552.0,142.0,54.99,1.96,12.54,0.43,72.08,11.0,0.0,6471.0,2482.0,84.0,351.0,10.0,3544.0
2019,12,WN,Southwest Airline,sP WCoM.,114.0,30.0,12.49,0.0,2.4,0.0,15.12,2.0,0.0,1221.0,463.0,0.0,58.0,0.0,700.0
2019,12,WN,Southwest Airline,sR CDoU.,1011.0,5.0,85.71,0.73,25.14,0.0,103.42,3.0,0.0,9957.0,3807.0,24.0,817.0,0.0,5309.0
2019,12,WN,Southwest Airline,sR CICo.,103.0,24.0,13.74,0.0,1.18,0.0,9.07,0.0,0.0,1069.0,636.0,0.0,25.0,0.0,408.0
2019,12,WN,Southwest Airline,sR CNoO.,660.0,164.0,65.56,0.99,10.58,0.0,86.87,2.0,3.0,6792.0,2355.0,64.0,387.0,0.0,3986.0
2019,12,WN,Southwest Airline,sR COoC.,150.0,28.0,15.06,0.0,1.41,0.0,11.53,0.0,1.0,1538.0,1019.0,0.0,62.0,0.0,457.0
2019,12,WN,Southwest Airline,sR CSWo.,685.0,144.0,68.12,0.27,25.12,0.0,50.49,3.0,1.0,7645.0,4071.0,44.0,816.0,0.0,2714.0
2019,12,WN,Southwest Airline,sS ACNo.,3384.0,766.0,274.73,4.16,127.15,6.14,353.82,56.0,3.0,35352.0,12340.0,368.0,4104.0,159.0,18381.0
2019,12,WN,Southwest Airline,sS ACTo.,1369.0,279.0,115.24,2.14,23.12,1.0,137.51,4.0,2.0,12888.0,5023.0,137.0,741.0,35.0,6952.0
2019,12,WN,Southwest Airline,sS DCFo.,422.0,2.0,32.89,0.0,9.01,0.0,50.11,5.0,1.0,3985.0,1511.0,0.0,267.0,0.0,2207.0
2019,12,WN,Southwest Airline,sS ECAo.,932.0,281.0,119.05,0.97,60.45,0.0,100.53,2.0,0.0,11801.0,4779.0,62.0,2141.0,0.0,4819.0
2019,12,WN,Southwest Airline,sS FCOo.,1194.0,435.0,88.1,7.49,193.05,0.0,146.36,76.0,1.0,33218.0,6585.0,1039.0,15283.0,0.0,10311.0
2019,12,WN,Southwest Airline,sS JCCo.,3029.0,9.0,170.38,1.09,80.34,0.78,336.41,29.0,1.0,27493.0,8306.0,61.0,2511.0,18.0,16597.0
2019,12,WN,Southwest Airline,sS JCUo.,374.0,89.0,46.24,0.74,9.19,0.0,32.83,0.0,1.0,4563.0,2073.0,61.0,392.0,0.0,2037.0
2019,12,WN,Southwest Airline,sS LCCo.,748.0,256.0,109.05,1.65,23.88,1.02,120.41,3.0,5.0,12475.0,4677.0,36.0,960.0,46.0,6756.0
2019,12,WN,Southwest Airline,sS MCoF.,2490.0,571.0,170.53,3.07,75.92,0.93,320.55,27.0,0.0,26317.0,7776.0,155.0,2753.0,14.0,15619.0
2019,12,WN,Southwest Airline,sS NCAo.,1159.0,4.0,100.53,0.0,22.58,0.0,130.89,14.0,6.0,9837.0,4139.0,0.0,737.0,0.0,4961.0
2019,12,WN,Southwest Airline,sS TCLo.,3304.0,583.0,205.43,4.68,82.36,1.4,289.12,52.0,11.0,28292.0,9972.0,371.0,2987.0,52.0,14910.0
2019,12,WN,Southwest Airline,sT PCAo.,2572.0,523.0,204.62,3.37,91.3,1.58,222.13,16.0,6.0,26479.0,9862.0,305.0,3550.0,391.0,12371.0
2019,12,WN,Southwest Airline,sT UCLo.,385.0,77.0,29.68,2.0,6.4,0.0,38.92,1.0,1.0,3391.0,1299.0,82.0,331.0,0.0,1679.0
2019,12,WN,Southwest Airline,sT UCSo.,383.0,104.0,40.66,0.0,9.62,0.0,53.72,1.0,0.0,4746.0,1491.0,0.0,331.0,0.0,2924.0
2019,12,YV,Mesa Airlines Inc,.ABQ,146.0,2.0,9.74,0.0,4.71,0.0,17.55,4.0,0.0,2675.0,1309.0,0.0,120.0,0.0,1246.0
2019,12,YV,Mesa Airlines Inc,.ALB,12.0,3.0,1.0,0.0,1.0,0.0,1.0,0.0,0.0,76.0,28.0,0.0,18.0,0.0,30.0
2019,12,YV,Mesa Airlines Inc,.AMA,157.0,55.0,15.86,2.23,6.31,0.0,30.6,9.0,0.0,7406.0,1425.0,122.0,270.0,0.0,5589.0
2019,12,YV,Mesa Airlines Inc,.ATL,154.0,8.0,14.0,2.0,4.0,0.0,8.0,0.0,0.0,2849.0,1862.0,98.0,166.0,0.0,723.0
2019,12,YV,Mesa Airlines Inc,.AUS,135.0,28.0,12.0,0.0,8.0,0.0,8.0,0.0,0.0,1755.0,986.0,0.0,199.0,0.0,570.0
2019,12,YV,Mesa Airlines Inc,.AVL,45.0,19.0,2.69,0.1,2.3,0.0,13.91,0.0,1.0,1880.0,360.0,5.0,72.0,0.0,1443.0
2019,12,YV,Mesa Airlines Inc,.BDL,105.0,21.0,12.0,0.0,3.0,0.0,6.0,2.0,0.0,1577.0,630.0,0.0,94.0,0.0,853.0
2019,12,YV,Mesa Airlines Inc,.BFL,103.0,46.0,18.66,1.29,2.08,0.15,23.82,1.0,0.0,5152.0,2175.0,99.0,70.0,23.0,2785.0
2019,12,YV,Mesa Airlines Inc,.BHM,149.0,0.0,17.27,1.0,3.68,0.0,18.05,3.0,0.0,2864.0,900.0,122.0,233.0,0.0,1609.0
2019,12,YV,Mesa Airlines Inc,.BIS,45.0,13.0,5.28,0.0,0.3,0.0,7.42,4.0,0.0,1053.0,465.0,0.0,25.0,0.0,563.0
2019,12,YV,Mesa Airlines Inc,.BMI,57.0,2.0,23.0,0.01,0.61,0.0,15.15,0.0,0.0,2079.0,437.0,2.0,61.0,0.0,1579.0
2019,12,YV,Mesa Airlines Inc,.BNA,111.0,21.0,9.0,1.0,2.0,0.0,9.0,0.0,0.0,1219.0,420.0,91.0,57.0,0.0,651.0
2019,12,YV,Mesa Airlines Inc,.BOS,15.0,2.0,2.0,0.0,0.0,0.0,0.0,0.0,0.0,87.0,87.0,0.0,0.0,0.0,0.0
2019,12,YV,Mesa Airlines Inc,.BTR,54.0,5.0,3.0,2.0,0.0,0.0,0.0,1.0,0.0,434.0,59.0,375.0,0.0,0.0,0.0
2019,12,YV,Mesa Airlines Inc,.BTV,58.0,10.0,5.0,0.0,0.0,0.0,5.0,0.0,0.0,544.0,329.0,0.0,0.0,0.0,215.0
2019,12,YV,Mesa Airlines Inc,.BUF,35.0,7.0,3.0,0.0,3.0,0.0,1.0,0.0,0.0,637.0,550.0,0.0,56.0,0.0,31.0
2019,12,YV,Mesa Airlines Inc,.BUR,125.0,51.0,16.76,0.89,10.28,0.03,23.04,3.0,0.0,3267.0,1134.0,55.0,455.0,1.0,1622.0
2019,12,YV,Mesa Airlines Inc,.BZN,13.0,3.0,1.0,1.0,1.0,0.0,0.0,0.0,0.0,73.0,27.0,16.0,30.0,0.0,0.0
2019,12,YV,Mesa Airlines Inc,.CAK,31.0,9.0,7.0,1.0,0.0,0.0,1.0,0.0,0.0,1236.0,473.0,746.0,0.0,0.0,17.0
2019,12,YV,Mesa Airlines Inc,.CHA,48.0,11.0,5.45,0.0,0.94,0.0,4.61,2.0,0.0,922.0,562.0,0.0,24.0,0.0,336.0
2019,12,YV,Mesa Airlines Inc,.CHS,128.0,34.0,21.05,1.0,1.27,0.0,10.68,0.0,0.0,2582.0,1837.0,71.0,48.0,0.0,626.0
2019,12,YV,Mesa Airlines Inc,.CID,27.0,12.0,3.23,0.0,2.2,0.0,6.57,1.0,0.0,1207.0,148.0,0.0,92.0,0.0,967.0
2019,12,YV,Mesa Airlines Inc,.CLE,35.0,5.0,2.0,0.0,1.0,0.0,2.0,0.0,0.0,178.0,83.0,0.0,17.0,0.0,78.0
2019,12,YV,Mesa Airlines Inc,.CLT,194.0,43.0,20.0,2.0,9.0,0.0,12.0,2.0,0.0,2724.0,1802.0,161.0,238.0,0.0,523.0
2019,12,YV,Mesa Airlines Inc,.CMH,115.0,0.0,9.0,1.0,3.0,0.0,7.0,0.0,0.0,1164.0,379.0,257.0,47.0,0.0,481.0
2019,12,YV,Mesa Airlines Inc,.COS,6.0,0.0,0.0,0.0,0.0,0.0,0.0,0.0,0.0,0.0,0.0,0.0,0.0,0.0,0.0
2019,12,YV,Mesa Airlines Inc,.COU,47.0,12.0,4.13,0.41,1.03,0.0,6.43,5.0,1.0,874.0,231.0,9.0,53.0,0.0,581.0
2019,12,YV,Mesa Airlines Inc,.CRP,110.0,36.0,11.92,0.0,5.1,0.0,18.98,2.0,0.0,3779.0,1285.0,0.0,201.0,0.0,2293.0
2019,12,YV,Mesa Airlines Inc,.CVG,82.0,6.0,8.0,0.0,1.0,0.0,7.0,0.0,0.0,1179.0,808.0,0.0,17.0,0.0,354.0
2019,12,YV,Mesa Airlines Inc,.DAY,45.0,6.0,3.0,0.0,0.0,0.0,3.0,0.0,0.0,263.0,141.0,0.0,0.0,0.0,122.0
2019,12,YV,Mesa Airlines Inc,.DCA,90.0,9.0,10.0,0.0,3.0,0.0,6.0,0.0,0.0,1045.0,586.0,0.0,65.0,0.0,394.0
2019,12,YV,Mesa Airlines Inc,.DFW,3333.0,2.0,168.16,36.42,164.03,2.93,500.45,101.0,17.0,84823.0,20406.0,5124.0,8894.0,108.0,50291.0
2019,12,YV,Mesa Airlines Inc,.DRO,172.0,56.0,14.6,1.5,8.93,0.13,30.84,4.0,0.0,4049.0,846.0,109.0,264.0,4.0,2826.0
2019,12,YV,Mesa Airlines Inc,.DSM,30.0,14.0,2.43,0.0,5.69,0.0,5.88,1.0,0.0,1100.0,259.0,0.0,203.0,0.0,638.0
2019,12,YV,Mesa Airlines Inc,.DTW,203.0,31.0,19.0,1.0,3.0,0.0,8.0,2.0,0.0,2441.0,1682.0,193.0,52.0,0.0,514.0
2019,12,YV,Mesa Airlines Inc,.ECP,78.0,6.0,6.19,0.17,2.35,0.0,17.29,0.0,0.0,1841.0,385.0,4.0,129.0,0.0,1323.0
2019,12,YV,Mesa Airlines Inc,.ELP,374.0,94.0,44.28,1.02,9.0,0.0,39.7,0.0,2.0,6459.0,3076.0,25.0,295.0,0.0,3063.0
2019,12,YV,Mesa Airlines Inc,.FAT,60.0,13.0,3.02,2.06,0.52,0.0,7.4,1.0,0.0,943.0,235.0,117.0,27.0,0.0,564.0
2019,12,YV,Mesa Airlines Inc,.FLG,29.0,7.0,2.2,0.0,0.42,0.0,4.37,4.0,0.0,489.0,171.0,0.0,19.0,0.0,299.0
2019,12,YV,Mesa Airlines Inc,.FLL,13.0,2.0,0.0,0.0,1.0,0.0,1.0,0.0,0.0,125.0,0.0,0.0,93.0,0.0,32.0
2019,12,YV,Mesa Airlines Inc,.FSD,131.0,44.0,10.92,0.33,8.26,0.0,24.5,7.0,0.0,3638.0,715.0,41.0,246.0,0.0,2636.0
2019,12,YV,Mesa Airlines Inc,.FSM,45.0,14.0,1.88,0.0,0.75,0.0,11.37,0.0,0.0,1879.0,172.0,0.0,21.0,0.0,1686.0
2019,12,YV,Mesa Airlines Inc,.GJT,4.0,0.0,0.0,0.0,0.0,0.0,0.0,0.0,0.0,0.0,0.0,0.0,0.0,0.0,0.0
2019,12,YV,Mesa Airlines Inc,.GPT,69.0,16.0,3.16,0.09,2.49,0.0,10.25,1.0,0.0,2135.0,208.0,7.0,127.0,0.0,1793.0
2019,12,YV,Mesa Airlines Inc,.GRR,15.0,2.0,1.0,0.0,0.0,0.0,1.0,1.0,0.0,219.0,149.0,0.0,0.0,0.0,70.0
2019,12,YV,Mesa Airlines Inc,.GSO,41.0,1.0,2.88,0.06,1.79,0.0,6.27,1.0,0.0,755.0,140.0,10.0,64.0,0.0,541.0
2019,12,YV,Mesa Airlines Inc,.GSP,76.0,18.0,8.0,0.0,1.0,0.0,9.0,0.0,0.0,1430.0,683.0,0.0,37.0,0.0,710.0
2019,12,YV,Mesa Airlines Inc,.GUC,13.0,1.0,1.0,0.0,0.0,0.0,0.0,1.0,0.0,99.0,99.0,0.0,0.0,0.0,0.0
2019,12,YV,Mesa Airlines Inc,.HOU,152.0,54.0,17.46,0.13,8.73,0.0,27.69,1.0,0.0,5852.0,1905.0,4.0,315.0,0.0,3628.0
2019,12,YV,Mesa Airlines Inc,.HRL,50.0,9.0,7.0,0.0,0.0,0.0,2.0,1.0,0.0,538.0,475.0,0.0,0.0,0.0,63.0
2019,12,YV,Mesa Airlines Inc,.HSV,182.0,2.0,18.69,2.14,7.44,0.0,23.73,3.0,2.0,3663.0,1097.0,92.0,234.0,0.0,2240.0
2019,12,YV,Mesa Airlines Inc,.IAD,1659.0,44.0,91.0,32.0,81.0,1.0,139.0,11.0,0.0,31010.0,11161.0,1971.0,2612.0,16.0,15250.0
2019,12,YV,Mesa Airlines Inc,.IAH,3112.0,2.0,129.21,22.0,119.88,0.7,230.22,20.0,14.0,45908.0,17002.0,2857.0,3916.0,16.0,22117.0
2019,12,YV,Mesa Airlines Inc,.ICT,150.0,2.0,21.75,1.97,7.53,0.0,20.75,3.0,0.0,3633.0,1386.0,93.0,384.0,0.0,1770.0
2019,12,YV,Mesa Airlines Inc,.IND,51.0,9.0,6.0,0.0,0.0,0.0,3.0,0.0,0.0,832.0,527.0,0.0,0.0,0.0,305.0
2019,12,YV,Mesa Airlines Inc,.JAN,189.0,6.0,85.0,2.45,9.57,0.0,29.12,8.0,1.0,6662.0,2152.0,264.0,462.0,0.0,3784.0
2019,12,YV,Mesa Airlines Inc,.JAX,51.0,10.0,3.08,2.0,0.02,0.0,4.9,0.0,0.0,1998.0,1472.0,178.0,5.0,0.0,343.0
2019,12,YV,Mesa Airlines Inc,.JLN,6.0,0.0,0.0,0.0,0.0,0.0,0.0,0.0,0.0,0.0,0.0,0.0,0.0,0.0,0.0
2019,12,YV,Mesa Airlines Inc,.LBB,174.0,8.0,16.28,0.5,4.89,0.0,26.34,8.0,0.0,3255.0,1006.0,14.0,164.0,0.0,2071.0
2019,12,YV,Mesa Airlines Inc,.LFT,155.0,0.0,22.0,2.43,4.08,0.0,21.5,3.0,1.0,5734.0,1800.0,1440.0,293.0,0.0,2201.0
2019,12,YV,Mesa Airlines Inc,.LGA,114.0,37.0,16.0,0.0,11.0,0.0,10.0,2.0,0.0,3780.0,1639.0,0.0,1168.0,0.0,973.0
2019,12,YV,Mesa Airlines Inc,.LGB,88.0,22.0,5.42,0.01,4.28,0.0,12.28,0.0,0.0,1644.0,178.0,1.0,124.0,0.0,1341.0
2019,12,YV,Mesa Airlines Inc,.LIT,35.0,8.0,3.0,2.0,1.0,0.0,2.0,0.0,0.0,346.0,129.0,54.0,18.0,0.0,145.0
2019,12,YV,Mesa Airlines Inc,.MAF,258.0,0.0,26.94,1.87,8.24,0.0,42.96,6.0,0.0,8855.0,3461.0,208.0,612.0,0.0,4574.0
2019,12,YV,Mesa Airlines Inc,.MCI,84.0,17.0,8.32,1.0,1.4,0.0,6.28,3.0,0.0,1233.0,688.0,21.0,55.0,0.0,469.0
2019,12,YV,Mesa Airlines Inc,.MDT,19.0,2.0,1.0,0.0,1.0,0.0,0.0,0.0,0.0,54.0,39.0,0.0,15.0,0.0,0.0
2019,12,YV,Mesa Airlines Inc,.MEM,97.0,20.0,8.9,0.0,3.0,0.0,8.1,2.0,0.0,2901.0,2141.0,0.0,79.0,0.0,681.0
2019,12,YV,Mesa Airlines Inc,.MFE,118.0,1.0,12.75,3.47,1.93,0.0,12.85,0.0,0.0,1596.0,641.0,105.0,55.0,0.0,795.0
2019,12,YV,Mesa Airlines Inc,.MHT,35.0,8.0,2.0,1.0,1.0,0.0,4.0,2.0,1.0,530.0,133.0,15.0,22.0,0.0,360.0
2019,12,YV,Mesa Airlines Inc,.MIA,2.0,2.0,1.0,0.0,1.0,0.0,0.0,0.0,0.0,103.0,55.0,0.0,48.0,0.0,0.0
2019,12,YV,Mesa Airlines Inc,.MKE,43.0,11.0,7.8,0.0,0.31,0.0,2.89,2.0,0.0,539.0,376.0,0.0,10.0,0.0,153.0
2019,12,YV,Mesa Airlines Inc,.MLI,62.0,16.0,3.07,0.65,1.86,0.0,10.42,0.0,0.0,1918.0,308.0,152.0,59.0,0.0,1399.0
2019,12,YV,Mesa Airlines Inc,.MLU,28.0,5.0,0.98,0.0,0.06,0.0,3.96,0.0,3.0,255.0,34.0,0.0,2.0,0.0,219.0
2019,12,YV,Mesa Airlines Inc,.MOB,118.0,36.0,10.91,1.75,4.5,0.0,18.85,0.0,1.0,3312.0,1156.0,176.0,147.0,0.0,1833.0
2019,12,YV,Mesa Airlines Inc,.MRY,100.0,37.0,7.26,0.0,10.0,0.12,19.62,2.0,0.0,3242.0,940.0,0.0,294.0,12.0,1996.0
2019,12,YV,Mesa Airlines Inc,.MSN,47.0,24.0,5.93,0.13,4.32,0.0,13.63,0.0,0.0,3004.0,1043.0,7.0,198.0,0.0,1756.0
2019,12,YV,Mesa Airlines Inc,.MSP,134.0,1.0,15.0,1.0,3.0,1.0,11.0,0.0,0.0,2989.0,2022.0,15.0,122.0,59.0,771.0
2019,12,YV,Mesa Airlines Inc,.MSY,22.0,8.0,3.0,2.0,2.0,0.0,1.0,0.0,0.0,386.0,177.0,153.0,39.0,0.0,17.0
2019,12,YV,Mesa Airlines Inc,.MTJ,44.0,14.0,5.91,0.0,3.85,0.0,4.24,0.0,1.0,468.0,274.0,0.0,99.0,0.0,95.0
2019,12,YV,Mesa Airlines Inc,.OAK,23.0,9.0,1.26,0.0,0.28,0.1,7.36,2.0,0.0,838.0,98.0,0.0,10.0,8.0,722.0
2019,12,YV,Mesa Airlines Inc,.OKC,351.0,89.0,43.98,2.81,6.47,0.0,35.74,4.0,1.0,7332.0,3123.0,238.0,171.0,0.0,3800.0
2019,12,YV,Mesa Airlines Inc,.OMA,20.0,6.0,3.0,0.0,1.0,0.0,2.0,0.0,0.0,291.0,114.0,0.0,17.0,0.0,160.0
2019,12,YV,Mesa Airlines Inc,.ONT,58.0,10.0,3.98,0.0,0.94,0.0,5.08,0.0,0.0,1666.0,875.0,0.0,35.0,0.0,756.0
2019,12,YV,Mesa Airlines Inc,.ORF,94.0,15.0,9.0,0.0,1.0,0.0,5.0,0.0,0.0,1365.0,600.0,0.0,21.0,0.0,744.0
2019,12,YV,Mesa Airlines Inc,.PBI,14.0,2.0,0.0,0.0,1.0,0.0,1.0,0.0,0.0,168.0,0.0,0.0,51.0,0.0,117.0
2019,12,YV,Mesa Airlines Inc,.PHL,51.0,9.0,4.0,1.0,3.0,0.0,1.0,0.0,0.0,616.0,439.0,44.0,108.0,0.0,25.0
2019,12,YV,Mesa Airlines Inc,.PHX,1605.0,408.0,62.09,4.99,83.1,1.34,256.48,24.0,2.0,34406.0,9028.0,194.0,3163.0,86.0,21935.0
2019,12,YV,Mesa Airlines Inc,.PIA,63.0,4.0,6.35,0.88,1.69,0.0,15.08,1.0,0.0,2695.0,1395.0,43.0,75.0,0.0,1182.0
2019,12,YV,Mesa Airlines Inc,.PIT,96.0,13.0,6.0,1.0,3.0,0.0,3.0,2.0,0.0,920.0,603.0,105.0,70.0,0.0,142.0
2019,12,YV,Mesa Airlines Inc,.PNS,180.0,52.0,21.03,1.24,5.22,0.0,24.51,1.0,1.0,4758.0,2023.0,282.0,236.0,0.0,2217.0
2019,12,YV,Mesa Airlines Inc,.PSP,115.0,22.0,7.64,0.38,2.87,0.0,11.11,1.0,1.0,1904.0,556.0,45.0,124.0,0.0,1179.0
2019,12,YV,Mesa Airlines Inc,.PVD,66.0,14.0,8.0,1.0,0.0,0.0,5.0,0.0,0.0,1263.0,951.0,35.0,0.0,0.0,277.0
2019,12,YV,Mesa Airlines Inc,.PWM,1.0,0.0,0.0,0.0,0.0,0.0,0.0,0.0,0.0,0.0,0.0,0.0,0.0,0.0,0.0
2019,12,YV,Mesa Airlines Inc,.RAP,73.0,22.0,7.13,0.47,0.49,0.0,13.9,4.0,1.0,1926.0,437.0,76.0,32.0,0.0,1381.0
2019,12,YV,Mesa Airlines Inc,.RDU,63.0,5.0,8.0,0.0,3.0,0.0,4.0,0.0,0.0,1210.0,777.0,0.0,58.0,0.0,375.0
2019,12,YV,Mesa Airlines Inc,.RIC,41.0,12.0,5.0,1.0,1.0,0.0,5.0,0.0,0.0,893.0,378.0,48.0,16.0,0.0,451.0
2019,12,YV,Mesa Airlines Inc,.RNO,97.0,30.0,11.96,1.0,3.26,0.03,13.75,0.0,3.0,1543.0,390.0,17.0,107.0,5.0,1024.0
2019,12,YV,Mesa Airlines Inc,.ROA,19.0,1.0,1.0,0.0,0.0,0.0,0.0,1.0,0.0,197.0,197.0,0.0,0.0,0.0,0.0
2019,12,YV,Mesa Airlines Inc,.ROC,55.0,11.0,4.0,0.0,1.0,0.0,6.0,0.0,0.0,1737.0,1305.0,0.0,33.0,0.0,399.0
2019,12,YV,Mesa Airlines Inc,.RSW,11.0,4.0,2.0,1.0,1.0,0.0,0.0,0.0,0.0,205.0,55.0,31.0,119.0,0.0,0.0
2019,12,YV,Mesa Airlines Inc,.SAF,31.0,7.0,0.98,0.0,2.83,0.0,3.19,0.0,0.0,451.0,30.0,0.0,93.0,0.0,328.0
2019,12,YV,Mesa Airlines Inc,.SAT,23.0,3.0,2.0,0.0,0.0,0.0,1.0,1.0,0.0,90.0,48.0,0.0,0.0,0.0,42.0
2019,12,YV,Mesa Airlines Inc,.SAV,81.0,2.0,10.0,0.0,1.0,0.0,11.0,1.0,0.0,1918.0,1249.0,0.0,17.0,0.0,652.0
2019,12,YV,Mesa Airlines Inc,.SBA,31.0,13.0,4.11,0.0,1.5,0.0,7.38,1.0,0.0,919.0,317.0,0.0,71.0,0.0,531.0
2019,12,YV,Mesa Airlines Inc,.SDF,202.0,7.0,27.45,0.94,4.01,0.0,24.6,5.0,0.0,3910.0,1991.0,40.0,116.0,0.0,1763.0
2019,12,YV,Mesa Airlines Inc,.SHV,52.0,14.0,3.18,0.0,0.74,0.0,10.07,0.0,0.0,1942.0,691.0,0.0,28.0,0.0,1223.0
2019,12,YV,Mesa Airlines Inc,.SLC,48.0,10.0,7.0,0.0,3.0,0.0,0.0,0.0,2.0,437.0,363.0,0.0,74.0,0.0,0.0
2019,12,YV,Mesa Airlines Inc,.SRQ,31.0,5.0,3.0,0.0,1.0,0.0,1.0,0.0,0.0,1048.0,899.0,0.0,31.0,0.0,118.0
2019,12,YV,Mesa Airlines Inc,.STL,38.0,9.0,4.0,0.0,2.0,0.0,3.0,0.0,0.0,1191.0,1015.0,0.0,42.0,0.0,134.0
2019,12,YV,Mesa Airlines Inc,.STS,31.0,0.0,3.81,0.0,3.49,0.0,2.7,0.0,1.0,785.0,364.0,0.0,116.0,0.0,305.0
2019,12,YV,Mesa Airlines Inc,.SYR,27.0,4.0,2.0,0.0,0.0,0.0,2.0,2.0,0.0,1068.0,806.0,0.0,0.0,0.0,262.0
2019,12,YV,Mesa Airlines Inc,.TLH,48.0,15.0,5.0,0.0,4.19,0.0,5.81,1.0,1.0,1120.0,445.0,0.0,145.0,0.0,530.0
2019,12,YV,Mesa Airlines Inc,.TPA,1.0,0.0,0.0,0.0,0.0,0.0,0.0,0.0,0.0,0.0,0.0,0.0,0.0,0.0,0.0
2019,12,YV,Mesa Airlines Inc,.TUL,52.0,15.0,10.92,0.0,2.29,0.0,1.79,0.0,0.0,653.0,531.0,0.0,47.0,0.0,75.0
2019,12,YV,Mesa Airlines Inc,.TUS,224.0,63.0,18.85,0.0,7.17,0.5,36.48,1.0,0.0,5188.0,2229.0,0.0,231.0,10.0,2718.0
2019,12,YV,Mesa Airlines Inc,.TYS,95.0,13.0,8.91,0.0,1.22,0.0,2.87,2.0,0.0,579.0,447.0,0.0,32.0,0.0,100.0
2019,12,YV,Mesa Airlines Inc,.VPS,42.0,4.0,4.75,0.0,2.27,0.0,6.98,2.0,0.0,1696.0,859.0,0.0,162.0,0.0,675.0
2019,12,YV,Mesa Airlines Inc,.XNA,48.0,11.0,6.0,1.0,1.0,0.0,3.0,0.0,0.0,637.0,374.0,33.0,18.0,0.0,212.0
2019,12,YV,Mesa Airlines Inc,.YUM,59.0,19.0,3.72,0.0,3.77,0.0,11.51,0.0,0.0,1178.0,243.0,0.0,105.0,0.0,830.0
2019,12,YX,Republic Airline,ABQ,24.0,2.0,0.33,0.0,0.0,0.0,1.67,0.0,0.0,233.0,66.0,0.0,0.0,0.0,167.0
2019,12,YX,Republic Airline,ATL,569.0,6.0,23.87,2.96,44.42,0.87,43.88,7.0,1.0,7870.0,1365.0,211.0,1788.0,46.0,4460.0
2019,12,YX,Republic Airline,AUS,63.0,10.0,1.58,1.0,4.49,0.0,2.93,0.0,0.0,404.0,138.0,36.0,112.0,0.0,118.0
2019,12,YX,Republic Airline,AVL,9.0,1.0,0.0,0.0,1.0,0.0,0.0,0.0,0.0,103.0,0.0,0.0,103.0,0.0,0.0
2019,12,YX,Republic Airline,BDL,94.0,11.0,0.8,0.0,3.53,0.0,6.67,0.0,0.0,433.0,12.0,0.0,134.0,0.0,287.0
2019,12,YX,Republic Airline,BGR,2.0,0.0,0.0,0.0,0.0,0.0,0.0,0.0,0.0,0.0,0.0,0.0,0.0,0.0,0.0
2019,12,YX,Republic Airline,BHM,60.0,4.0,3.95,0.17,3.34,0.0,6.54,0.0,0.0,1221.0,229.0,27.0,311.0,0.0,654.0
2019,12,YX,Republic Airline,BIL,1.0,0.0,0.0,0.0,0.0,0.0,0.0,0.0,0.0,0.0,0.0,0.0,0.0,0.0,0.0
2019,12,YX,Republic Airline,BNA,383.0,71.0,15.92,1.64,20.04,0.0,33.4,9.0,0.0,4957.0,1061.0,212.0,839.0,0.0,2845.0
2019,12,YX,Republic Airline,BOS,1417.0,390.0,71.9,15.02,190.07,0.0,113.02,116.0,1.0,33868.0,4612.0,2579.0,15798.0,0.0,10879.0
2019,12,YX,Republic Airline,BRO,6.0,0.0,0.0,0.0,0.0,0.0,0.0,0.0,0.0,0.0,0.0,0.0,0.0,0.0,0.0
2019,12,YX,Republic Airline,BTR,12.0,2.0,0.9,0.0,0.0,0.0,1.1,0.0,0.0,110.0,47.0,0.0,0.0,0.0,63.0
2019,12,YX,Republic Airline,BTV,192.0,38.0,8.97,0.0,7.24,0.0,21.79,3.0,1.0,3122.0,1124.0,0.0,277.0,0.0,1721.0
2019,12,YX,Republic Airline,BUF,144.0,32.0,6.54,0.07,5.95,0.0,19.44,4.0,0.0,2159.0,201.0,3.0,310.0,0.0,1645.0
2019,12,YX,Republic Airline,BWI,70.0,7.0,3.0,,2.17,0.0,4.41,0.0,0.0,301.0,12.0,7.0,48.0,0.0,234.0
2019,12,YX,Republic Airline,BZN,2.0,0.0,0.0,0.0,0.0,0.0,0.0,0.0,0.0,0.0,0.0,0.0,0.0,0.0,0.0
2019,12,YX,Republic Airline,CAE,14.0,1.0,0.0,0.0,0.0,0.0,1.0,0.0,0.0,68.0,0.0,0.0,0.0,0.0,68.0
2019,12,YX,Republic Airline,CHS,162.0,24.0,5.86,0.33,7.62,0.0,10.19,3.0,0.0,1686.0,339.0,43.0,286.0,0.0,1018.0
2019,12,YX,Republic Airline,CLE,324.0,47.0,13.4,2.31,14.49,0.0,16.79,8.0,0.0,3175.0,909.0,184.0,683.0,0.0,1399.0
2019,12,YX,Republic Airline,CLT,1055.0,214.0,42.81,2.12,71.02,0.0,98.05,13.0,0.0,12600.0,3071.0,138.0,2460.0,0.0,6931.0
2019,12,YX,Republic Airline,CMH,1131.0,8.0,65.26,3.26,66.17,0.0,103.31,21.0,2.0,15629.0,4619.0,300.0,3054.0,0.0,7656.0
2019,12,YX,Republic Airline,COS,37.0,7.0,2.05,0.1,1.11,0.0,3.75,0.0,0.0,1259.0,117.0,12.0,85.0,0.0,1045.0
2019,12,YX,Republic Airline,CRP,31.0,2.0,0.0,0.13,1.1,0.0,0.77,0.0,1.0,66.0,0.0,4.0,37.0,0.0,25.0
2019,12,YX,Republic Airline,CVG,143.0,0.0,8.13,0.3,9.88,0.0,11.69,4.0,1.0,2893.0,568.0,47.0,674.0,0.0,1604.0
2019,12,YX,Republic Airline,DAB,2.0,0.0,0.0,0.0,0.0,0.0,0.0,0.0,0.0,0.0,0.0,0.0,0.0,0.0,0.0
2019,12,YX,Republic Airline,DAY,45.0,14.0,4.19,0.0,3.46,0.0,6.35,1.0,0.0,748.0,123.0,0.0,183.0,0.0,442.0
2019,12,YX,Republic Airline,DCA,2428.0,2.0,93.64,9.09,195.59,0.84,152.84,35.0,14.0,27569.0,7391.0,1070.0,8252.0,47.0,10809.0
2019,12,YX,Republic Airline,DEN,650.0,123.0,28.94,3.07,52.57,4.02,34.4,8.0,1.0,8154.0,2082.0,282.0,2081.0,155.0,3554.0
2019,12,YX,Republic Airline,DFW,114.0,9.0,7.85,0.98,5.33,0.0,4.84,2.0,3.0,1035.0,495.0,25.0,231.0,0.0,284.0
2019,12,YX,Republic Airline,DRO,20.0,7.0,2.58,0.93,3.46,0.0,0.04,0.0,0.0,1082.0,164.0,613.0,279.0,0.0,26.0
2019,12,YX,Republic Airline,DSM,102.0,18.0,3.47,0.0,7.0,0.0,7.53,0.0,0.0,899.0,99.0,0.0,275.0,0.0,525.0
2019,12,YX,Republic Airline,DTW,699.0,109.0,25.53,2.33,31.04,0.0,50.1,11.0,2.0,6584.0,1602.0,330.0,1458.0,0.0,3194.0
2019,12,YX,Republic Airline,ELP,56.0,15.0,5.1,0.0,5.27,0.0,4.63,2.0,0.0,1282.0,537.0,0.0,308.0,0.0,437.0
2019,12,YX,Republic Airline,EWR,1967.0,621.0,43.85,6.73,452.28,0.33,117.82,86.0,5.0,53746.0,3202.0,632.0,38907.0,19.0,10986.0
2019,12,YX,Republic Airline,FAR,16.0,3.0,0.16,0.0,1.0,0.0,1.84,2.0,0.0,267.0,31.0,0.0,15.0,0.0,221.0
2019,12,YX,Republic Airline,FSD,7.0,2.0,0.41,0.49,0.51,0.0,0.59,0.0,0.0,109.0,14.0,37.0,38.0,0.0,20.0
2019,12,YX,Republic Airline,GEG,12.0,1.0,0.61,0.0,0.39,0.0,0.0,0.0,0.0,18.0,11.0,0.0,7.0,0.0,0.0
2019,12,YX,Republic Airline,GJT,39.0,6.0,1.61,0.0,0.5,0.0,3.89,0.0,0.0,359.0,64.0,0.0,37.0,0.0,258.0
2019,12,YX,Republic Airline,GRB,11.0,2.0,0.0,0.0,1.0,0.0,1.0,1.0,0.0,819.0,0.0,3.0,19.0,0.0,797.0
2019,12,YX,Republic Airline,GRK,22.0,4.0,2.34,0.0,0.0,0.0,1.66,0.0,0.0,294.0,191.0,0.0,0.0,0.0,103.0
2019,12,YX,Republic Airline,GRR,46.0,9.0,2.77,0.0,4.24,0.0,1.98,1.0,0.0,457.0,120.0,0.0,168.0,0.0,169.0
2019,12,YX,Republic Airline,GSO,38.0,5.0,0.48,0.07,0.92,0.0,3.54,0.0,0.0,481.0,11.0,11.0,32.0,0.0,427.0
2019,12,YX,Republic Airline,GSP,80.0,18.0,7.76,1.0,0.98,0.0,8.26,0.0,0.0,1029.0,420.0,71.0,37.0,0.0,501.0
2019,12,YX,Republic Airline,HHH,185.0,27.0,5.54,3.67,5.37,0.0,12.42,1.0,6.0,3256.0,310.0,1012.0,221.0,0.0,1713.0
2019,12,YX,Republic Airline,HRL,2.0,0.0,0.0,0.0,0.0,0.0,0.0,0.0,0.0,0.0,0.0,0.0,0.0,0.0,0.0
2019,12,YX,Republic Airline,HSV,26.0,9.0,1.06,0.0,1.26,0.0,6.68,0.0,0.0,381.0,52.0,0.0,52.0,0.0,277.0
2019,12,YX,Republic Airline,HVN,84.0,15.0,2.39,1.0,3.98,0.0,7.63,2.0,3.0,824.0,149.0,40.0,106.0,0.0,529.0
2019,12,YX,Republic Airline,IAD,311.0,62.0,10.36,0.57,19.65,0.0,31.43,3.0,0.0,4560.0,887.0,52.0,685.0,0.0,2936.0
2019,12,YX,Republic Airline,IAH,932.0,0.0,28.91,2.72,54.62,0.0,53.75,3.0,9.0,9953.0,2882.0,112.0,1989.0,0.0,4970.0
2019,12,YX,Republic Airline,ICT,23.0,2.0,0.15,0.15,1.08,0.0,0.63,0.0,0.0,134.0,14.0,6.0,89.0,0.0,25.0
2019,12,YX,Republic Airline,ILM,56.0,14.0,3.14,0.0,3.5,0.0,7.36,1.0,0.0,1070.0,232.0,0.0,191.0,0.0,647.0
2019,12,YX,Republic Airline,IND,986.0,187.0,47.72,4.98,43.41,0.0,90.9,11.0,0.0,14777.0,3143.0,567.0,2352.0,0.0,8715.0
2019,12,YX,Republic Airline,JAX,363.0,64.0,21.46,2.54,16.1,0.0,23.9,8.0,1.0,3067.0,764.0,317.0,613.0,0.0,1373.0
2019,12,YX,Republic Airline,JFK,418.0,73.0,19.94,3.38,34.92,0.0,14.76,0.0,0.0,3876.0,1135.0,303.0,1445.0,0.0,993.0
2019,12,YX,Republic Airline,LAN,7.0,4.0,2.25,0.0,1.15,0.0,0.6,0.0,0.0,90.0,51.0,0.0,30.0,0.0,9.0
2019,12,YX,Republic Airline,LEX,53.0,11.0,4.37,0.0,2.7,0.0,3.93,1.0,0.0,611.0,305.0,0.0,90.0,0.0,216.0
2019,12,YX,Republic Airline,LGA,2820.0,732.0,116.83,13.95,393.42,0.05,207.75,57.0,5.0,54874.0,8804.0,1230.0,25024.0,3.0,19813.0
2019,12,YX,Republic Airline,LIT,14.0,2.0,2.0,0.0,0.0,0.0,0.0,0.0,0.0,284.0,284.0,0.0,0.0,0.0,0.0
2019,12,YX,Republic Airline,LNK,2.0,0.0,0.0,0.0,0.0,0.0,0.0,0.0,0.0,0.0,0.0,0.0,0.0,0.0,0.0
2019,12,YX,Republic Airline,MAF,91.0,0.0,2.72,0.1,6.22,0.0,10.96,1.0,0.0,2249.0,323.0,3.0,280.0,0.0,1643.0
2019,12,YX,Republic Airline,MCI,554.0,97.0,19.36,4.33,39.42,0.0,33.89,7.0,2.0,6184.0,1216.0,137.0,1653.0,0.0,3178.0
2019,12,YX,Republic Airline,MCO,12.0,1.0,0.0,0.0,1.0,0.0,0.0,0.0,0.0,15.0,0.0,0.0,15.0,0.0,0.0
2019,12,YX,Republic Airline,MEM,172.0,27.0,5.17,0.0,7.31,0.0,14.52,0.0,1.0,1241.0,229.0,0.0,213.0,0.0,799.0
2019,12,YX,Republic Airline,MFE,3.0,0.0,0.0,0.0,0.0,0.0,0.0,0.0,0.0,0.0,0.0,0.0,0.0,0.0,0.0
2019,12,YX,Republic Airline,MHT,94.0,18.0,3.34,0.0,2.54,0.0,12.12,2.0,0.0,1701.0,173.0,0.0,111.0,0.0,1417.0
2019,12,YX,Republic Airline,MIA,1127.0,143.0,33.9,4.84,49.88,0.0,54.38,0.0,0.0,7461.0,2211.0,467.0,1424.0,0.0,3359.0
2019,12,YX,Republic Airline,MKE,27.0,5.0,2.04,0.33,1.87,0.0,0.76,5.0,0.0,179.0,95.0,12.0,51.0,0.0,21.0
2019,12,YX,Republic Airline,MSN,52.0,13.0,3.7,0.0,7.64,0.0,1.66,0.0,0.0,808.0,339.0,0.0,364.0,0.0,105.0
2019,12,YX,Republic Airline,MSP,461.0,7.0,16.94,1.88,40.1,0.0,38.09,5.0,0.0,5196.0,792.0,408.0,1382.0,0.0,2614.0
2019,12,YX,Republic Airline,MSY,318.0,2.0,12.79,0.02,24.29,0.0,24.9,2.0,1.0,3473.0,525.0,3.0,1212.0,0.0,1733.0
2019,12,YX,Republic Airline,MYR,47.0,12.0,0.88,0.0,6.73,0.5,3.89,0.0,0.0,829.0,45.0,0.0,160.0,8.0,616.0
2019,12,YX,Republic Airline,OKC,133.0,34.0,7.06,1.41,8.92,0.0,16.61,1.0,0.0,2885.0,469.0,37.0,920.0,0.0,1459.0
2019,12,YX,Republic Airline,OMA,185.0,44.0,10.43,1.4,11.16,0.0,21.01,3.0,0.0,2896.0,571.0,39.0,411.0,0.0,1875.0
2019,12,YX,Republic Airline,ORD,1233.0,236.0,34.35,7.18,100.22,0.5,93.74,19.0,0.0,17082.0,2226.0,1160.0,6569.0,9.0,7118.0
2019,12,YX,Republic Airline,ORF,97.0,20.0,4.84,0.05,4.82,0.0,10.29,1.0,0.0,1178.0,288.0,2.0,210.0,0.0,678.0
2019,12,YX,Republic Airline,PBI,55.0,7.0,0.62,0.0,3.58,0.0,2.8,0.0,0.0,311.0,29.0,0.0,138.0,0.0,144.0
2019,12,YX,Republic Airline,PHL,1598.0,358.0,51.62,8.91,183.17,1.0,113.29,21.0,0.0,22169.0,3260.0,884.0,9582.0,15.0,8428.0
2019,12,YX,Republic Airline,PIT,863.0,191.0,41.55,7.45,49.35,0.0,92.65,37.0,5.0,15899.0,3175.0,1604.0,3814.0,0.0,7306.0
2019,12,YX,Republic Airline,PNS,20.0,4.0,1.0,0.0,2.0,0.0,1.0,0.0,0.0,128.0,50.0,0.0,60.0,0.0,18.0
2019,12,YX,Republic Airline,PVD,124.0,30.0,6.11,0.03,6.28,0.0,17.58,3.0,0.0,1837.0,369.0,3.0,311.0,0.0,1154.0
2019,12,YX,Republic Airline,PWM,219.0,48.0,8.46,0.89,12.19,0.0,26.45,3.0,0.0,2867.0,323.0,79.0,515.0,0.0,1950.0
2019,12,YX,Republic Airline,RAP,32.0,6.0,0.46,0.11,2.91,0.0,2.52,1.0,0.0,290.0,14.0,6.0,93.0,0.0,177.0
2019,12,YX,Republic Airline,RDU,492.0,7.0,21.61,2.64,28.62,0.0,44.13,5.0,1.0,6878.0,1319.0,160.0,1322.0,0.0,4077.0
2019,12,YX,Republic Airline,RIC,193.0,48.0,7.23,1.1,11.97,0.0,27.7,9.0,0.0,3469.0,496.0,59.0,628.0,0.0,2286.0
2019,12,YX,Republic Airline,ROC,117.0,25.0,7.57,0.01,5.29,0.0,12.13,2.0,0.0,1937.0,629.0,1.0,340.0,0.0,967.0
2019,12,YX,Republic Airline,RSW,93.0,18.0,5.55,0.0,4.43,0.0,8.02,0.0,0.0,1439.0,362.0,0.0,335.0,0.0,742.0
2019,12,YX,Republic Airline,SAT,68.0,9.0,3.77,0.07,3.07,0.0,2.09,0.0,0.0,809.0,478.0,2.0,109.0,0.0,220.0
2019,12,YX,Republic Airline,SAV,7.0,1.0,0.0,0.0,1.0,0.0,0.0,0.0,0.0,30.0,0.0,0.0,30.0,0.0,0.0
2019,12,YX,Republic Airline,SDF,549.0,1.0,29.04,0.97,27.99,0.0,53.0,2.0,0.0,7846.0,2189.0,127.0,1541.0,0.0,3989.0
2019,12,YX,Republic Airline,SEA,9.0,2.0,0.5,0.0,1.5,0.0,0.0,0.0,0.0,141.0,33.0,0.0,108.0,0.0,0.0
2019,12,YX,Republic Airline,SLC,30.0,6.0,2.82,0.0,1.19,0.0,1.99,0.0,0.0,391.0,247.0,0.0,51.0,0.0,93.0
2019,12,YX,Republic Airline,SMF,9.0,1.0,0.81,0.0,0.12,0.0,0.08,0.0,0.0,78.0,63.0,0.0,9.0,0.0,6.0
2019,12,YX,Republic Airline,SRQ,154.0,2.0,5.48,0.2,10.68,0.0,5.64,0.0,0.0,1645.0,437.0,8.0,824.0,0.0,376.0
2019,12,YX,Republic Airline,STL,283.0,56.0,6.72,0.3,23.9,0.24,24.84,1.0,1.0,3744.0,360.0,166.0,887.0,11.0,2320.0
2019,12,YX,Republic Airline,SYR,86.0,16.0,2.83,0.02,2.69,0.0,10.45,1.0,0.0,723.0,99.0,2.0,108.0,0.0,514.0
2019,12,YX,Republic Airline,TPA,3.0,0.0,0.0,0.0,0.0,0.0,0.0,0.0,0.0,0.0,0.0,0.0,0.0,0.0,0.0
2019,12,YX,Republic Airline,TUL,30.0,3.0,2.43,0.0,0.57,0.0,0.0,0.0,0.0,232.0,210.0,0.0,22.0,0.0,0.0
2019,12,YX,Republic Airline,TUS,16.0,4.0,1.0,0.18,1.43,0.0,1.38,0.0,0.0,321.0,69.0,29.0,53.0,0.0,170.0
2019,12,YX,Republic Airline,TVC,2.0,0.0,0.0,0.0,0.0,0.0,0.0,0.0,0.0,0.0,0.0,0.0,0.0,0.0,0.0
2019,12,YX,Republic Airline,TYS,100.0,11.0,1.59,0.0,1.93,0.0,7.48,0.0,0.0,786.0,137.0,0.0,142.0,0.0,507.0
2019,12,YX,Republic Airline,VPS,4.0,1.0,0.0,0.0,1.0,0.0,0.0,0.0,0.0,23.0,0.0,0.0,23.0,0.0,0.0
2019,12,YX,Republic Airline,XNA,183.0,44.0,6.8,0.05,14.56,0.0,22.59,2.0,1.0,2601.0,281.0,6.0,746.0,0.0,1568.0
2019,12,NK,Spirit Air Lines,RDU,168.0,1.0,9.43,0.09,13.09,2.28,16.12,3.0,0.0,2953.0,666.0,13.0,948.0,86.0,1240.0
2019,12,NK,Spirit Air Lines,RIC,62.0,12.0,4.5,1.0,3.68,1.0,1.82,0.0,0.0,819.0,228.0,303.0,195.0,30.0,63.0
2019,12,NK,Spirit Air Lines,RSW,498.0,74.0,14.49,4.54,38.89,0.0,16.08,4.0,0.0,3754.0,595.0,274.0,1942.0,0.0,943.0
2019,12,NK,Spirit Air Lines,SAN,120.0,15.0,3.6,0.0,9.9,0.0,1.5,0.0,0.0,1317.0,763.0,0.0,428.0,0.0,126.0
2019,12,NK,Spirit Air Lines,SEA,117.0,14.0,4.36,0.0,8.15,0.0,1.5,0.0,0.0,703.0,115.0,0.0,497.0,0.0,91.0
2019,12,NK,Spirit Air Lines,SJU,246.0,56.0,16.49,1.31,27.64,1.31,9.26,1.0,0.0,3156.0,808.0,106.0,1685.0,48.0,509.0
2019,12,NK,Spirit Air Lines,SMF,92.0,7.0,2.1,0.0,1.18,0.0,3.72,0.0,0.0,276.0,89.0,0.0,24.0,0.0,163.0
2019,12,NK,Spirit Air Lines,STT,45.0,9.0,2.0,1.0,4.13,0.0,1.87,0.0,0.0,259.0,55.0,29.0,113.0,0.0,62.0
2019,12,NK,Spirit Air Lines,STX,14.0,4.0,1.94,0.0,2.06,0.0,0.0,0.0,0.0,379.0,32.0,0.0,347.0,0.0,0.0
2019,12,NK,Spirit Air Lines,TPA,782.0,127.0,35.57,7.62,50.18,2.1,31.53,4.0,0.0,8480.0,3541.0,739.0,2244.0,52.0,1904.0
2019,12,OH,PSA Airlines Inc.,ABE,86.0,8.0,6.56,0.0,4.88,0.0,6.57,1.0,0.0,1045.0,337.0,0.0,216.0,0.0,492.0
2019,12,OH,PSA Airlines Inc.,AGS,123.0,21.0,7.72,0.65,6.96,0.0,5.67,1.0,0.0,1055.0,481.0,26.0,251.0,0.0,297.0
2019,12,OH,PSA Airlines Inc.,ALB,67.0,17.0,5.61,0.0,3.92,0.0,7.47,2.0,0.0,1082.0,469.0,0.0,277.0,0.0,336.0
2019,12,OH,PSA Airlines Inc.,ATL,80.0,1.0,5.15,0.67,4.05,0.0,11.13,1.0,0.0,1137.0,491.0,14.0,127.0,0.0,505.0
2019,12,OH,PSA Airlines Inc.,AVL,218.0,65.0,13.01,0.62,19.95,1.05,30.37,1.0,6.0,4088.0,1244.0,44.0,694.0,66.0,2040.0
2019,12,OH,PSA Airlines Inc.,AVP,113.0,7.0,7.03,0.08,9.71,0.0,10.19,3.0,0.0,1056.0,231.0,10.0,247.0,0.0,568.0
2019,12,OH,PSA Airlines Inc.,BDL,106.0,37.0,5.23,1.43,4.24,0.0,26.1,4.0,0.0,2056.0,230.0,92.0,219.0,0.0,1515.0
2019,12,OH,PSA Airlines Inc.,BGR,73.0,24.0,10.22,0.47,3.31,0.0,10.0,3.0,0.0,1217.0,408.0,24.0,109.0,0.0,676.0
2019,12,OH,PSA Airlines Inc.,BHM,325.0,1.0,31.93,1.29,19.85,0.21,37.72,3.0,0.0,7842.0,2150.0,80.0,814.0,30.0,4768.0
2019,12,OH,PSA Airlines Inc.,BNA,70.0,11.0,5.99,0.0,2.99,0.0,2.02,0.0,0.0,510.0,316.0,0.0,72.0,0.0,122.0
2019,12,OH,PSA Airlines Inc.,BOS,6.0,2.0,0.0,0.36,1.21,0.0,0.42,4.0,0.0,202.0,0.0,53.0,87.0,0.0,62.0
2019,12,OH,PSA Airlines Inc.,BTR,83.0,1.0,8.22,0.89,6.44,0.0,5.45,0.0,0.0,1216.0,723.0,24.0,160.0,0.0,309.0
2019,12,OH,PSA Airlines Inc.,BTV,79.0,18.0,4.17,0.12,5.35,0.0,8.36,0.0,0.0,672.0,135.0,7.0,153.0,0.0,377.0
2019,12,OH,PSA Airlines Inc.,BUF,86.0,25.0,8.87,0.28,2.29,0.0,13.56,0.0,0.0,2987.0,645.0,8.0,76.0,0.0,2258.0
2019,12,OH,PSA Airlines Inc.,BWI,13.0,4.0,4.0,,1.48,0.0,1.07,0.0,0.0,101.0,54.0,0.0,29.0,0.0,18.0
2019,12,OH,PSA Airlines Inc.,CAE,191.0,44.0,13.36,0.0,11.48,0.0,19.16,1.0,0.0,3535.0,806.0,0.0,419.0,0.0,2310.0
2019,12,OH,PSA Airlines Inc.,CAK,237.0,70.0,17.72,1.65,13.29,0.0,37.35,9.0,3.0,6827.0,1920.0,994.0,541.0,0.0,3372.0
2019,12,OH,PSA Airlines Inc.,CHA,244.0,63.0,25.2,2.12,14.51,0.0,21.17,3.0,0.0,3858.0,1456.0,108.0,546.0,0.0,1748.0
2019,12,OH,PSA Airlines Inc.,CHO,110.0,29.0,7.81,1.46,5.92,0.0,13.81,2.0,1.0,1305.0,215.0,184.0,187.0,0.0,719.0
2019,12,OH,PSA Airlines Inc.,CHS,273.0,80.0,17.72,0.0,24.31,0.11,37.85,2.0,0.0,5035.0,1152.0,0.0,828.0,11.0,3044.0
2019,12,OH,PSA Airlines Inc.,CID,74.0,21.0,7.92,0.0,4.36,0.0,8.71,0.0,0.0,1228.0,516.0,0.0,151.0,0.0,561.0
2019,12,OH,PSA Airlines Inc.,CLE,184.0,39.0,9.3,0.53,3.43,0.04,25.7,3.0,1.0,2188.0,503.0,43.0,121.0,2.0,1519.0
2019,12,OH,PSA Airlines Inc.,CLT,7965.0,1510.0,275.81,23.74,388.6,2.18,819.66,56.0,5.0,96011.0,23722.0,2623.0,12333.0,80.0,57253.0
2019,12,OH,PSA Airlines Inc.,CMH,126.0,7.0,9.24,1.0,8.68,0.0,8.08,0.0,2.0,1068.0,338.0,39.0,271.0,0.0,420.0
2019,12,OH,PSA Airlines Inc.,CRW,199.0,48.0,14.13,2.84,8.08,0.04,22.91,1.0,3.0,3788.0,838.0,641.0,241.0,11.0,2057.0
2019,12,OH,PSA Airlines Inc.,CVG,406.0,9.0,25.76,3.05,20.44,0.0,49.75,1.0,2.0,6453.0,1686.0,136.0,708.0,0.0,3923.0
2019,12,OH,PSA Airlines Inc.,DAB,129.0,40.0,8.59,0.05,9.16,0.0,22.21,0.0,1.0,2148.0,342.0,10.0,315.0,0.0,1481.0
2019,12,OH,PSA Airlines Inc.,DAY,505.0,152.0,39.76,1.8,32.12,0.0,78.33,6.0,4.0,12048.0,3383.0,226.0,1309.0,0.0,7130.0
2019,12,OH,PSA Airlines Inc.,DCA,2382.0,3.0,141.06,16.05,169.0,0.27,306.62,63.0,18.0,52835.0,13268.0,2717.0,7795.0,36.0,29019.0
2019,12,OH,PSA Airlines Inc.,DFW,224.0,0.0,10.36,1.15,23.45,0.0,25.04,3.0,4.0,2555.0,355.0,43.0,941.0,0.0,1216.0
2019,12,OH,PSA Airlines Inc.,DSM,86.0,14.0,5.48,0.0,2.63,0.0,5.89,0.0,0.0,591.0,186.0,0.0,61.0,0.0,344.0
2019,12,OH,PSA Airlines Inc.,DTW,93.0,19.0,4.81,0.92,1.34,0.0,11.93,0.0,0.0,835.0,197.0,57.0,57.0,0.0,524.0
2019,12,OH,PSA Airlines Inc.,ECP,61.0,2.0,4.07,0.0,2.23,0.0,5.69,0.0,0.0,1256.0,601.0,0.0,104.0,0.0,551.0
2019,12,OH,PSA Airlines Inc.,EWN,145.0,3.0,9.68,0.0,11.89,0.0,11.43,2.0,0.0,2194.0,459.0,0.0,392.0,0.0,1343.0
2019,12,OH,PSA Airlines Inc.,FAY,156.0,8.0,12.26,0.31,11.03,1.0,13.4,0.0,0.0,1777.0,577.0,28.0,273.0,61.0,838.0
2019,12,OH,PSA Airlines Inc.,FNT,27.0,7.0,0.74,0.0,0.61,0.0,5.64,0.0,0.0,254.0,32.0,0.0,35.0,0.0,187.0
2019,12,OH,PSA Airlines Inc.,FWA,60.0,14.0,5.67,0.0,5.02,0.0,3.31,0.0,1.0,558.0,310.0,0.0,109.0,0.0,139.0
2019,12,OH,PSA Airlines Inc.,GNV,129.0,25.0,6.72,0.0,5.98,0.0,12.3,1.0,0.0,1360.0,434.0,0.0,228.0,0.0,698.0
2019,12,OH,PSA Airlines Inc.,GPT,86.0,20.0,8.47,0.83,6.31,0.0,4.39,2.0,1.0,1078.0,374.0,100.0,203.0,0.0,401.0
2019,12,OH,PSA Airlines Inc.,GRR,201.0,51.0,18.87,1.71,13.96,0.0,16.46,1.0,0.0,3876.0,982.0,202.0,591.0,0.0,2101.0
2019,12,OH,PSA Airlines Inc.,GSO,220.0,9.0,15.89,1.48,16.66,0.0,24.96,2.0,0.0,3390.0,1016.0,64.0,553.0,0.0,1757.0
2019,12,OH,PSA Airlines Inc.,GSP,383.0,110.0,30.62,1.79,31.25,0.0,46.34,0.0,0.0,5711.0,1556.0,116.0,1000.0,0.0,3039.0
2019,12,OH,PSA Airlines Inc.,HPN,235.0,64.0,21.28,2.49,12.17,0.0,28.05,14.0,1.0,5489.0,1646.0,164.0,534.0,0.0,3145.0
2019,12,OH,PSA Airlines Inc.,HSV,201.0,1.0,15.36,0.08,5.49,1.0,19.06,2.0,1.0,2467.0,941.0,4.0,154.0,17.0,1351.0
2019,12,OH,PSA Airlines Inc.,IAD,177.0,30.0,10.94,1.0,7.3,0.0,10.76,0.0,0.0,2187.0,620.0,110.0,282.0,0.0,1175.0
2019,12,OH,PSA Airlines Inc.,IAH,9.0,0.0,0.0,0.0,0.0,0.0,0.0,0.0,0.0,0.0,0.0,0.0,0.0,0.0,0.0
2019,12,OH,PSA Airlines Inc.,ILM,170.0,33.0,8.95,0.0,9.31,0.0,14.74,1.0,0.0,1401.0,315.0,0.0,303.0,0.0,783.0
2019,12,OH,PSA Airlines Inc.,IND,138.0,24.0,10.33,0.0,4.69,0.0,8.98,2.0,1.0,1496.0,575.0,0.0,142.0,0.0,779.0
2019,12,OH,PSA Airlines Inc.,JAN,170.0,8.0,3.0,2.31,9.39,0.0,23.27,0.0,0.0,3381.0,969.0,123.0,399.0,0.0,1890.0
2019,12,OH,PSA Airlines Inc.,JAX,134.0,31.0,7.3,0.02,9.26,0.0,14.41,0.0,1.0,2160.0,427.0,8.0,327.0,0.0,1398.0
2019,12,OH,PSA Airlines Inc.,LAN,27.0,6.0,0.92,0.0,1.96,0.0,3.12,1.0,0.0,322.0,34.0,0.0,42.0,0.0,246.0
2019,12,OH,PSA Airlines Inc.,LEX,77.0,12.0,3.43,0.0,2.21,0.0,6.36,0.0,0.0,891.0,217.0,0.0,77.0,0.0,597.0
2019,12,OH,PSA Airlines Inc.,LGA,174.0,62.0,15.36,1.0,22.57,0.0,23.07,8.0,2.0,5533.0,1269.0,109.0,1553.0,0.0,2602.0
2019,12,OH,PSA Airlines Inc.,LIT,129.0,3.0,7.43,0.0,8.57,0.0,7.01,0.0,0.0,805.0,206.0,0.0,236.0,0.0,363.0
2019,12,OH,PSA Airlines Inc.,LYH,91.0,3.0,5.92,0.88,0.43,0.0,5.77,0.0,0.0,1146.0,813.0,37.0,11.0,0.0,285.0
2019,12,OH,PSA Airlines Inc.,MCI,10.0,6.0,1.48,0.0,2.46,0.0,2.05,0.0,0.0,283.0,50.0,0.0,68.0,0.0,165.0
2019,12,OH,PSA Airlines Inc.,MDT,31.0,7.0,2.26,0.0,1.38,0.0,3.36,0.0,0.0,178.0,50.0,0.0,33.0,0.0,95.0
2019,12,OH,PSA Airlines Inc.,MEM,78.0,15.0,1.35,0.06,4.13,0.0,9.46,1.0,0.0,1218.0,110.0,3.0,102.0,0.0,1003.0
2019,12,OH,PSA Airlines Inc.,MGM,23.0,7.0,0.88,1.0,3.24,0.0,1.88,0.0,0.0,421.0,56.0,92.0,128.0,0.0,145.0
2019,12,OH,PSA Airlines Inc.,MHT,150.0,43.0,10.86,0.06,9.59,0.0,22.48,3.0,1.0,3366.0,750.0,12.0,381.0,0.0,2223.0
2019,12,OH,PSA Airlines Inc.,MKE,145.0,32.0,10.21,0.02,8.01,0.0,13.76,2.0,0.0,1674.0,392.0,3.0,352.0,0.0,927.0
2019,12,OH,PSA Airlines Inc.,MLB,113.0,28.0,5.16,0.37,14.22,0.0,8.25,0.0,0.0,1128.0,294.0,13.0,361.0,0.0,460.0
2019,12,OH,PSA Airlines Inc.,MSN,127.0,37.0,9.25,0.22,12.05,0.0,15.49,1.0,0.0,3365.0,420.0,16.0,408.0,0.0,2521.0
2019,12,OH,PSA Airlines Inc.,MSY,11.0,1.0,0.0,0.0,1.0,0.0,0.0,0.0,0.0,19.0,0.0,0.0,19.0,0.0,0.0
2019,12,OH,PSA Airlines Inc.,MYR,195.0,55.0,12.56,0.24,20.69,0.09,21.42,1.0,0.0,2721.0,670.0,4.0,530.0,9.0,1508.0
2019,12,OH,PSA Airlines Inc.,OAJ,146.0,33.0,7.71,0.0,6.22,0.0,19.08,0.0,1.0,2173.0,526.0,0.0,233.0,0.0,1414.0
2019,12,OH,PSA Airlines Inc.,OKC,84.0,16.0,4.86,0.0,7.26,0.0,3.88,0.0,1.0,500.0,174.0,0.0,169.0,0.0,157.0
2019,12,OH,PSA Airlines Inc.,OMA,107.0,16.0,5.92,0.74,3.4,0.0,5.94,1.0,0.0,1004.0,386.0,102.0,92.0,0.0,424.0
2019,12,OH,PSA Airlines Inc.,ORF,400.0,130.0,35.72,4.08,25.91,0.36,63.93,3.0,2.0,10337.0,2747.0,490.0,1048.0,8.0,6044.0
2019,12,OH,PSA Airlines Inc.,PHF,120.0,34.0,9.0,,10.2,0.0,13.66,0.0,1.0,2214.0,455.0,1.0,415.0,0.0,1343.0
2019,12,OH,PSA Airlines Inc.,PHL,1386.0,411.0,74.25,13.83,157.91,0.02,164.99,29.0,0.0,32259.0,5288.0,1297.0,9457.0,7.0,16210.0
2019,12,OH,PSA Airlines Inc.,PIA,62.0,2.0,8.62,0.0,2.42,0.0,0.96,0.0,0.0,853.0,695.0,0.0,66.0,0.0,92.0
2019,12,OH,PSA Airlines Inc.,PIT,201.0,49.0,12.99,0.25,10.3,0.0,25.47,1.0,2.0,3875.0,1507.0,8.0,556.0,0.0,1804.0
2019,12,OH,PSA Airlines Inc.,PNS,236.0,67.0,19.73,2.14,12.04,0.25,32.84,1.0,0.0,4066.0,1278.0,86.0,474.0,4.0,2224.0
2019,12,OH,PSA Airlines Inc.,PVD,187.0,61.0,10.78,2.8,12.22,0.0,35.2,8.0,0.0,4204.0,880.0,352.0,402.0,0.0,2570.0
2019,12,OH,PSA Airlines Inc.,PWM,23.0,9.0,4.46,0.0,0.14,0.0,4.4,1.0,0.0,968.0,352.0,0.0,17.0,0.0,599.0
2019,12,OH,PSA Airlines Inc.,RDU,127.0,9.0,10.7,0.0,10.08,0.0,18.21,3.0,0.0,3061.0,1016.0,1.0,348.0,0.0,1696.0
2019,12,OH,PSA Airlines Inc.,RIC,107.0,28.0,9.71,0.0,5.61,0.05,12.64,0.0,0.0,1886.0,928.0,0.0,186.0,2.0,770.0
2019,12,OH,PSA Airlines Inc.,ROC,154.0,49.0,13.25,0.26,12.26,0.0,23.23,2.0,0.0,3113.0,1079.0,21.0,494.0,0.0,1519.0
2019,12,OH,PSA Airlines Inc.,SAT,12.0,2.0,0.03,0.29,0.97,0.0,0.71,0.0,1.0,61.0,1.0,8.0,32.0,0.0,20.0
2019,12,OH,PSA Airlines Inc.,SAV,351.0,2.0,23.49,1.43,25.66,0.0,51.42,1.0,0.0,7847.0,2183.0,99.0,895.0,0.0,4670.0
2019,12,OH,PSA Airlines Inc.,SBN,61.0,14.0,4.39,0.03,1.2,0.0,8.38,0.0,0.0,831.0,136.0,8.0,27.0,0.0,660.0
2019,12,OH,PSA Airlines Inc.,SDF,200.0,3.0,12.41,1.1,8.93,0.0,20.56,0.0,0.0,2623.0,695.0,191.0,276.0,0.0,1461.0
2019,12,OH,PSA Airlines Inc.,SHV,73.0,13.0,1.75,0.0,7.68,0.0,3.56,1.0,0.0,450.0,69.0,0.0,222.0,0.0,159.0
2019,12,OH,PSA Airlines Inc.,SRQ,87.0,9.0,8.7,0.5,8.66,0.0,11.14,0.0,0.0,2292.0,1068.0,9.0,280.0,0.0,935.0
2019,12,OH,PSA Airlines Inc.,STL,196.0,41.0,9.53,0.06,9.91,0.0,21.49,0.0,0.0,2443.0,594.0,8.0,292.0,0.0,1549.0
2019,12,OH,PSA Airlines Inc.,SYR,104.0,35.0,10.32,0.11,4.19,0.0,20.37,1.0,1.0,2577.0,743.0,2.0,270.0,0.0,1562.0
2019,12,OH,PSA Airlines Inc.,TLH,177.0,38.0,13.71,0.0,10.7,0.31,13.28,2.0,2.0,2651.0,652.0,0.0,316.0,5.0,1678.0
2019,12,OH,PSA Airlines Inc.,TOL,36.0,14.0,2.16,0.0,1.0,0.0,10.84,0.0,0.0,442.0,89.0,0.0,31.0,0.0,322.0
2019,12,OH,PSA Airlines Inc.,TUL,31.0,5.0,2.05,0.0,2.0,0.0,0.95,0.0,0.0,134.0,54.0,0.0,44.0,0.0,36.0
2019,12,OH,PSA Airlines Inc.,TYS,328.0,92.0,21.1,3.8,21.88,0.0,45.22,2.0,1.0,5987.0,1184.0,485.0,726.0,0.0,3592.0
2019,12,OH,PSA Airlines Inc.,VPS,158.0,5.0,14.25,1.0,7.4,0.0,12.35,0.0,0.0,1772.0,637.0,50.0,260.0,0.0,825.0
2019,12,OH,PSA Airlines Inc.,XNA,55.0,6.0,2.25,0.0,3.15,0.0,0.6,0.0,0.0,129.0,49.0,0.0,64.0,0.0,16.0
2019,12,OO,SkyWest Airlines,IAnBc.E,60.0,9.0,5.99,1.0,1.0,0.0,1.01,0.0,1.0,721.0,548.0,79.0,38.0,0.0,56.0
2019,12,OO,SkyWest Airlines,IAnBc.Q,343.0,0.0,11.81,4.03,10.13,0.0,24.04,2.0,0.0,3371.0,862.0,117.0,401.0,0.0,1991.0
2019,12,OO,SkyWest Airlines,IAnBc.R,64.0,15.0,2.94,3.41,4.45,0.0,4.19,2.0,1.0,2466.0,153.0,502.0,265.0,0.0,1546.0
2019,12,OO,SkyWest Airlines,IAnBc.Y,81.0,11.0,5.91,1.0,0.71,0.0,3.38,0.0,0.0,1244.0,890.0,43.0,39.0,0.0,272.0
2019,12,OO,SkyWest Airlines,IAnCc.T,12.0,2.0,0.0,0.0,0.0,0.0,2.0,0.0,0.0,92.0,0.0,0.0,0.0,0.0,92.0
2019,12,OO,SkyWest Airlines,IAnCc.V,215.0,0.0,13.98,1.47,4.43,0.0,30.12,9.0,5.0,4763.0,1613.0,549.0,154.0,0.0,2447.0
2019,12,OO,SkyWest Airlines,IAnLcB.,168.0,34.0,12.03,0.96,8.84,0.22,11.96,4.0,0.0,3691.0,1462.0,735.0,576.0,4.0,914.0
2019,12,OO,SkyWest Airlines,IAnMc.A,3.0,1.0,0.0,0.0,0.0,0.0,1.0,0.0,0.0,54.0,0.0,0.0,0.0,0.0,54.0
2019,12,OO,SkyWest Airlines,IAnPc.N,53.0,11.0,5.69,1.59,1.66,0.0,2.06,5.0,0.0,2529.0,439.0,1236.0,746.0,0.0,108.0
2019,12,OO,SkyWest Airlines,IAnSc.E,708.0,203.0,49.34,8.45,74.5,0.0,70.71,55.0,38.0,20093.0,7510.0,991.0,6242.0,0.0,5350.0
2019,12,OO,SkyWest Airlines,IAnTc.L,2051.0,3.0,75.4,21.37,57.79,0.0,158.45,5.0,0.0,31488.0,11774.0,3522.0,3047.0,0.0,13145.0
2019,12,OO,SkyWest Airlines,IAnTc.W,183.0,39.0,9.44,4.01,8.87,0.0,16.68,2.0,2.0,4208.0,1396.0,929.0,407.0,0.0,1476.0
2019,12,OO,SkyWest Airlines,IAnTc.Y,62.0,11.0,3.11,1.0,3.44,0.0,3.44,6.0,1.0,423.0,91.0,20.0,110.0,0.0,202.0
2019,12,OO,SkyWest Airlines,IAnUc.S,128.0,21.0,8.64,1.0,1.56,0.0,9.8,3.0,0.0,3037.0,2226.0,59.0,74.0,0.0,678.0
2019,12,OO,SkyWest Airlines,IAnVc.L,107.0,22.0,8.43,0.92,5.71,0.0,6.94,1.0,1.0,1202.0,546.0,143.0,159.0,0.0,354.0
2019,12,OO,SkyWest Airlines,IAnVc.P,80.0,9.0,7.94,2.78,6.79,0.0,1.49,2.0,0.0,1412.0,500.0,547.0,312.0,0.0,53.0
2019,12,OO,SkyWest Airlines,IAnZc.O,157.0,2.0,14.26,3.43,4.06,0.0,10.26,3.0,0.0,2411.0,977.0,561.0,282.0,0.0,591.0
2019,12,OO,SkyWest Airlines,IBnDc.L,63.0,10.0,3.44,1.0,3.56,0.0,2.0,1.0,0.0,589.0,231.0,107.0,89.0,0.0,162.0
2019,12,OO,SkyWest Airlines,IBnFc.F,53.0,8.0,3.7,0.0,0.5,0.0,3.8,2.0,0.0,976.0,791.0,0.0,11.0,0.0,174.0
2019,12,OO,SkyWest Airlines,IBnFc.L,126.0,23.0,8.06,0.0,6.13,0.0,8.81,1.0,2.0,1445.0,649.0,0.0,171.0,0.0,625.0
2019,12,OO,SkyWest Airlines,IBnGc.M,86.0,0.0,1.0,1.78,0.31,0.0,6.91,6.0,2.0,640.0,24.0,214.0,23.0,0.0,379.0
2019,12,OO,SkyWest Airlines,IBnGc.R,2.0,1.0,0.8,0.0,0.0,0.0,0.2,0.0,0.0,35.0,28.0,0.0,0.0,0.0,7.0
2019,12,OO,SkyWest Airlines,IBnHc.M,156.0,9.0,20.02,1.0,6.03,0.0,11.95,1.0,0.0,3564.0,1988.0,79.0,235.0,0.0,1262.0
2019,12,OO,SkyWest Airlines,IBnIcL.,154.0,29.0,15.85,2.3,6.42,0.0,4.42,1.0,2.0,1672.0,1027.0,120.0,241.0,0.0,284.0
2019,12,OO,SkyWest Airlines,IBnIcS.,234.0,45.0,10.75,4.52,14.45,0.0,15.28,2.0,1.0,3900.0,768.0,1659.0,418.0,0.0,1055.0
2019,12,OO,SkyWest Airlines,IBnJcI.,62.0,10.0,1.0,3.0,4.14,0.0,1.86,2.0,0.0,911.0,61.0,374.0,151.0,0.0,325.0
2019,12,OO,SkyWest Airlines,IBnNc.A,472.0,100.0,24.0,3.01,27.96,0.0,45.02,6.0,0.0,8906.0,3027.0,561.0,1452.0,0.0,3866.0
2019,12,OO,SkyWest Airlines,IBnOc.I,951.0,171.0,59.25,5.73,22.58,0.0,83.44,12.0,2.0,14357.0,6434.0,453.0,760.0,0.0,6710.0
2019,12,OO,SkyWest Airlines,IBnOc.S,61.0,20.0,2.86,0.11,11.71,0.52,4.79,6.0,0.0,1625.0,232.0,26.0,978.0,11.0,378.0
2019,12,OO,SkyWest Airlines,IBnQc.K,89.0,10.0,6.6,0.41,1.74,0.0,1.25,0.0,0.0,1425.0,1251.0,17.0,102.0,0.0,55.0
2019,12,OO,SkyWest Airlines,IBnRc.D,54.0,9.0,1.0,3.0,0.34,0.0,4.66,0.0,0.0,1602.0,20.0,1190.0,32.0,0.0,360.0
2019,12,OO,SkyWest Airlines,IBnRc.O,3.0,0.0,0.0,0.0,0.0,0.0,0.0,0.0,0.0,0.0,0.0,0.0,0.0,0.0,0.0
2019,12,OO,SkyWest Airlines,IBnTc.M,58.0,5.0,3.8,0.0,1.0,0.0,0.2,0.0,0.0,382.0,309.0,0.0,31.0,0.0,42.0
2019,12,OO,SkyWest Airlines,IBnTc.R,44.0,7.0,2.23,0.0,0.0,0.0,4.77,0.0,0.0,566.0,164.0,0.0,0.0,0.0,402.0
2019,12,OO,SkyWest Airlines,IBnTc.V,16.0,4.0,2.0,0.0,2.0,0.0,0.0,1.0,0.0,129.0,32.0,0.0,97.0,0.0,0.0
2019,12,OO,SkyWest Airlines,IBnUc.F,96.0,26.0,8.82,4.21,4.2,0.0,8.77,2.0,0.0,2672.0,1392.0,400.0,114.0,0.0,766.0
2019,12,OO,SkyWest Airlines,IBnUc.R,374.0,80.0,20.89,3.03,18.41,0.0,37.66,18.0,2.0,5609.0,1854.0,191.0,599.0,0.0,2965.0
2019,12,OO,SkyWest Airlines,IBnWc.I,46.0,7.0,2.0,,1.46,0.0,3.1,0.0,0.0,544.0,22.0,215.0,106.0,0.0,201.0
2019,12,OO,SkyWest Airlines,IBnZc.N,214.0,2.0,8.74,1.0,4.78,0.0,17.48,8.0,1.0,1936.0,541.0,29.0,182.0,0.0,1184.0
2019,12,OO,SkyWest Airlines,ICnAc.E,2.0,0.0,0.0,0.0,0.0,0.0,0.0,0.0,0.0,0.0,0.0,0.0,0.0,0.0,0.0
2019,12,OO,SkyWest Airlines,ICnAc.K,68.0,16.0,3.66,0.0,6.14,0.0,6.2,3.0,0.0,1412.0,796.0,0.0,327.0,0.0,289.0
2019,12,OO,SkyWest Airlines,ICnDc.C,53.0,3.0,2.0,0.56,0.0,0.0,0.44,0.0,0.0,328.0,195.0,75.0,0.0,0.0,58.0
2019,12,OO,SkyWest Airlines,ICnGc.I,55.0,9.0,4.08,0.0,1.79,0.0,3.13,0.0,1.0,1294.0,1000.0,0.0,120.0,0.0,174.0
2019,12,OO,SkyWest Airlines,ICnHc.A,203.0,36.0,14.44,2.46,3.38,0.0,15.72,0.0,0.0,2989.0,2109.0,70.0,85.0,0.0,725.0
2019,12,OO,SkyWest Airlines,ICnHc.O,97.0,21.0,6.72,1.62,4.72,0.0,7.94,4.0,0.0,1642.0,1077.0,48.0,159.0,0.0,358.0
2019,12,OO,SkyWest Airlines,ICnHc.S,136.0,27.0,10.35,2.0,7.37,0.0,7.28,3.0,1.0,2025.0,1117.0,108.0,325.0,0.0,475.0
2019,12,OO,SkyWest Airlines,ICnIcD.,175.0,29.0,11.31,3.92,6.51,0.0,7.25,2.0,0.0,1933.0,576.0,293.0,366.0,0.0,698.0
2019,12,OO,SkyWest Airlines,ICnIcU.,56.0,1.0,3.39,2.91,2.42,0.0,2.28,4.0,1.0,714.0,199.0,350.0,77.0,0.0,88.0
2019,12,OO,SkyWest Airlines,ICnKc.B,61.0,4.0,6.18,1.67,1.2,0.0,4.95,1.0,1.0,2078.0,1103.0,121.0,668.0,0.0,186.0
2019,12,OO,SkyWest Airlines,ICnLc.E,122.0,27.0,6.28,0.15,9.45,1.0,10.13,0.0,0.0,2422.0,1014.0,3.0,398.0,24.0,983.0
2019,12,OO,SkyWest Airlines,ICnLc.L,26.0,2.0,1.0,0.0,0.0,0.0,1.0,0.0,0.0,247.0,30.0,0.0,0.0,0.0,217.0
2019,12,OO,SkyWest Airlines,ICnLc.T,89.0,21.0,10.25,2.13,3.7,0.0,4.92,1.0,0.0,1600.0,970.0,103.0,137.0,0.0,390.0
2019,12,OO,SkyWest Airlines,ICnMc.H,175.0,3.0,14.35,1.34,7.78,0.0,9.52,2.0,3.0,2342.0,765.0,759.0,274.0,0.0,544.0
2019,12,OO,SkyWest Airlines,ICnMc.X,61.0,1.0,3.48,0.0,1.48,0.0,6.05,8.0,0.0,672.0,250.0,0.0,94.0,0.0,328.0
2019,12,OO,SkyWest Airlines,ICnNc.Y,31.0,11.0,4.0,0.0,2.58,0.0,4.42,1.0,0.0,1176.0,488.0,0.0,124.0,0.0,564.0
2019,12,OO,SkyWest Airlines,ICnOc.D,2.0,1.0,1.0,0.0,0.0,0.0,0.0,0.0,0.0,19.0,19.0,0.0,0.0,0.0,0.0
2019,12,OO,SkyWest Airlines,ICnOc.S,525.0,35.0,57.57,4.5,25.62,0.0,47.31,5.0,2.0,9741.0,4607.0,1003.0,772.0,0.0,3359.0
2019,12,OO,SkyWest Airlines,ICnOc.U,139.0,28.0,7.33,0.97,5.69,0.0,14.0,2.0,0.0,1795.0,339.0,77.0,218.0,0.0,1161.0
2019,12,OO,SkyWest Airlines,ICnPc.R,94.0,0.0,3.21,1.89,1.79,0.0,3.11,0.0,0.0,1329.0,250.0,785.0,39.0,0.0,255.0
2019,12,OO,SkyWest Airlines,ICnRc.P,54.0,9.0,3.28,0.0,2.31,0.0,3.41,3.0,0.0,737.0,368.0,0.0,78.0,0.0,291.0
2019,12,OO,SkyWest Airlines,ICnRc.W,147.0,35.0,10.9,4.78,8.57,0.0,10.75,1.0,2.0,2919.0,1473.0,333.0,271.0,0.0,842.0
2019,12,OO,SkyWest Airlines,ICnVc.G,11.0,1.0,0.36,0.0,0.64,0.0,0.0,1.0,0.0,25.0,9.0,0.0,16.0,0.0,0.0
2019,12,OO,SkyWest Airlines,ICnWc.A,2.0,0.0,0.0,0.0,0.0,0.0,0.0,1.0,0.0,0.0,0.0,0.0,0.0,0.0,0.0
2019,12,OO,SkyWest Airlines,ICnYc.S,31.0,7.0,3.07,1.0,0.0,0.0,2.93,1.0,0.0,503.0,145.0,94.0,0.0,0.0,264.0
2019,12,OO,SkyWest Airlines,IDnAc.L,277.0,40.0,9.12,0.0,18.54,0.0,12.34,3.0,0.0,2170.0,650.0,0.0,556.0,0.0,964.0
2019,12,OO,SkyWest Airlines,IDnAc.Y,196.0,34.0,10.61,1.33,8.12,0.0,13.94,1.0,1.0,2671.0,1328.0,74.0,390.0,0.0,879.0
2019,12,OO,SkyWest Airlines,IDnCc.A,16.0,5.0,2.0,0.0,0.81,0.0,2.19,0.0,0.0,263.0,64.0,0.0,17.0,0.0,182.0
2019,12,OO,SkyWest Airlines,IDnEc.N,4557.0,802.0,198.41,27.16,213.11,2.63,360.7,138.0,11.0,84051.0,35539.0,3932.0,10541.0,80.0,33959.0
2019,12,OO,SkyWest Airlines,IDnFc.W,1449.0,2.0,69.25,21.0,68.87,0.0,142.88,27.0,5.0,31391.0,10771.0,3960.0,3475.0,0.0,13185.0
2019,12,OO,SkyWest Airlines,IDnHc.N,117.0,16.0,4.0,1.29,0.25,0.0,10.46,0.0,1.0,812.0,240.0,42.0,6.0,0.0,524.0
2019,12,OO,SkyWest Airlines,IDnLc.H,213.0,46.0,17.69,8.21,8.32,0.0,11.78,10.0,0.0,5277.0,1922.0,1727.0,409.0,0.0,1219.0
2019,12,OO,SkyWest Airlines,IDnRc.O,18.0,3.0,2.0,0.0,0.0,0.0,1.0,3.0,0.0,115.0,96.0,0.0,0.0,0.0,19.0
2019,12,OO,SkyWest Airlines,IDnSc.M,270.0,49.0,10.73,1.36,13.22,0.0,23.68,1.0,0.0,2730.0,579.0,97.0,501.0,0.0,1553.0
2019,12,OO,SkyWest Airlines,IDnTc.W,3814.0,614.0,124.14,45.01,93.87,1.6,349.39,55.0,3.0,64020.0,17654.0,12655.0,3921.0,53.0,29737.0
2019,12,OO,SkyWest Airlines,IDnVc.L,53.0,7.0,1.15,0.98,0.99,0.0,3.88,3.0,0.0,1355.0,702.0,128.0,49.0,0.0,476.0
2019,12,OO,SkyWest Airlines,IEnAc.R,87.0,19.0,6.83,1.0,1.28,0.0,9.88,3.0,0.0,1807.0,1127.0,45.0,91.0,0.0,544.0
2019,12,OO,SkyWest Airlines,IEnAc.U,61.0,15.0,4.75,0.07,2.86,0.0,7.31,4.0,0.0,773.0,371.0,2.0,78.0,0.0,322.0
2019,12,OO,SkyWest Airlines,IEnGc.E,119.0,32.0,7.92,5.91,12.61,0.0,5.56,7.0,2.0,4120.0,594.0,2221.0,1018.0,0.0,287.0
2019,12,OO,SkyWest Airlines,IEnKc.O,58.0,5.0,0.93,0.99,1.08,0.0,2.0,0.0,0.0,1107.0,175.0,752.0,35.0,0.0,145.0
2019,12,OO,SkyWest Airlines,IEnLcM.,136.0,21.0,7.42,1.56,2.09,0.0,9.94,2.0,1.0,1225.0,469.0,57.0,89.0,0.0,610.0
2019,12,OO,SkyWest Airlines,IEnLcP.,63.0,10.0,6.75,0.0,0.39,0.0,2.86,0.0,0.0,579.0,244.0,0.0,32.0,0.0,303.0
2019,12,OO,SkyWest Airlines,IEnRc.I,79.0,20.0,9.23,2.93,1.25,0.0,6.59,0.0,1.0,1395.0,693.0,270.0,48.0,0.0,384.0
2019,12,OO,SkyWest Airlines,IEnSc.C,53.0,11.0,3.58,2.93,1.17,0.0,3.32,7.0,3.0,2783.0,509.0,1738.0,57.0,0.0,479.0
2019,12,OO,SkyWest Airlines,IEnUc.G,466.0,79.0,30.48,4.51,19.33,0.9,23.78,16.0,4.0,5087.0,2424.0,399.0,568.0,140.0,1556.0
2019,12,OO,SkyWest Airlines,IEnVc.V,62.0,14.0,4.74,0.26,3.03,0.0,5.97,2.0,0.0,554.0,166.0,5.0,108.0,0.0,275.0
2019,12,OO,SkyWest Airlines,IEnWc.R,31.0,11.0,4.77,0.0,4.08,0.0,2.15,0.0,0.0,797.0,303.0,0.0,332.0,0.0,162.0
2019,12,OO,SkyWest Airlines,IFnAc.R,180.0,39.0,16.52,3.95,7.16,0.0,11.36,9.0,1.0,4166.0,2252.0,499.0,411.0,0.0,1004.0
2019,12,OO,SkyWest Airlines,IFnAc.T,763.0,135.0,44.37,4.48,16.96,0.0,69.19,15.0,2.0,10658.0,4357.0,492.0,479.0,0.0,5330.0
2019,12,OO,SkyWest Airlines,IFnAc.Y,103.0,0.0,7.93,1.22,2.85,0.0,8.0,0.0,0.0,1489.0,556.0,161.0,93.0,0.0,679.0
2019,12,OO,SkyWest Airlines,IFnCc.A,131.0,17.0,6.79,0.26,2.52,0.0,7.44,0.0,0.0,1526.0,862.0,5.0,67.0,0.0,592.0
2019,12,OO,SkyWest Airlines,IFnLcG.,156.0,20.0,6.55,1.0,3.02,0.0,9.43,7.0,2.0,1425.0,635.0,144.0,101.0,0.0,545.0
2019,12,OO,SkyWest Airlines,IFnNc.T,34.0,10.0,3.99,0.0,1.6,0.0,4.41,0.0,0.0,660.0,194.0,0.0,124.0,0.0,342.0
2019,12,OO,SkyWest Airlines,IFnSc.D,243.0,53.0,18.08,2.74,14.43,0.0,17.75,1.0,2.0,3749.0,1684.0,157.0,621.0,0.0,1287.0
2019,12,OO,SkyWest Airlines,IFnSc.M,71.0,9.0,1.03,1.0,0.91,0.0,6.07,0.0,1.0,742.0,38.0,26.0,43.0,0.0,635.0
2019,12,OO,SkyWest Airlines,IFnWc.A,394.0,81.0,28.44,6.25,14.55,0.0,31.76,6.0,3.0,8969.0,3627.0,2037.0,709.0,0.0,2596.0
2019,12,OO,SkyWest Airlines,IGncC.C,81.0,13.0,7.75,0.0,0.48,0.0,4.77,2.0,0.0,1088.0,788.0,0.0,29.0,0.0,271.0
2019,12,OO,SkyWest Airlines,IGncE.G,264.0,40.0,10.56,2.7,2.6,0.67,23.48,3.0,1.0,2795.0,1002.0,216.0,74.0,18.0,1485.0
2019,12,OO,SkyWest Airlines,IGncF.K,174.0,35.0,7.02,4.17,9.57,0.0,14.24,5.0,0.0,3836.0,452.0,1873.0,424.0,0.0,1087.0
2019,12,OO,SkyWest Airlines,IGncJ.T,263.0,52.0,18.96,3.86,11.45,0.0,17.73,1.0,0.0,3879.0,1174.0,919.0,502.0,0.0,1284.0
2019,12,OO,SkyWest Airlines,IGncN.V,33.0,9.0,3.38,0.0,0.98,0.0,4.65,0.0,0.0,648.0,137.0,0.0,52.0,0.0,459.0
2019,12,OO,SkyWest Airlines,IGncR.B,146.0,5.0,10.78,2.98,11.9,0.0,9.34,2.0,0.0,3371.0,1735.0,560.0,492.0,0.0,584.0
2019,12,OO,SkyWest Airlines,IGncR.K,2.0,0.0,0.0,0.0,0.0,0.0,0.0,0.0,0.0,0.0,0.0,0.0,0.0,0.0,0.0
2019,12,OO,SkyWest Airlines,IGncR.R,259.0,57.0,23.29,5.29,13.49,0.0,14.93,3.0,0.0,3431.0,1621.0,265.0,567.0,0.0,978.0
2019,12,OO,SkyWest Airlines,IGncS.O,2.0,1.0,0.45,0.0,0.11,0.0,0.45,0.0,0.0,179.0,80.0,0.0,19.0,0.0,80.0
2019,12,OO,SkyWest Airlines,IGncS.P,54.0,12.0,3.24,0.38,4.45,0.0,3.93,0.0,0.0,574.0,179.0,15.0,104.0,0.0,276.0
2019,12,OO,SkyWest Airlines,IGncT.F,146.0,15.0,8.12,0.02,3.08,0.0,3.78,0.0,1.0,1596.0,1132.0,3.0,162.0,0.0,299.0
2019,12,OO,SkyWest Airlines,IGncT.R,107.0,15.0,5.16,1.0,0.4,0.0,8.43,0.0,1.0,1368.0,605.0,19.0,33.0,0.0,711.0
2019,12,OO,SkyWest Airlines,IHnDc.N,53.0,10.0,6.27,0.0,2.15,0.0,1.58,0.0,1.0,570.0,453.0,0.0,61.0,0.0,56.0
2019,12,OO,SkyWest Airlines,IHnIcB.,54.0,5.0,1.34,0.0,3.02,0.0,0.64,1.0,0.0,370.0,133.0,0.0,164.0,0.0,73.0
2019,12,OO,SkyWest Airlines,IHnOc.B,86.0,23.0,7.37,1.0,3.15,0.0,11.48,0.0,0.0,2915.0,1512.0,27.0,125.0,0.0,1251.0
2019,12,OO,SkyWest Airlines,IHnOc.U,5.0,0.0,0.0,0.0,0.0,0.0,0.0,0.0,0.0,0.0,0.0,0.0,0.0,0.0,0.0
2019,12,OO,SkyWest Airlines,IHnPc.N,170.0,34.0,11.44,1.87,9.63,0.0,11.06,3.0,2.0,1741.0,565.0,87.0,418.0,0.0,671.0
2019,12,OO,SkyWest Airlines,IHnSc.V,84.0,7.0,11.54,0.0,1.33,0.71,3.42,1.0,0.0,1726.0,1103.0,0.0,46.0,12.0,565.0
2019,12,OO,SkyWest Airlines,IHnYc.S,108.0,12.0,2.19,0.0,3.26,0.0,6.56,2.0,2.0,1130.0,346.0,0.0,252.0,0.0,532.0
2019,12,OO,SkyWest Airlines,IInAcD.,392.0,69.0,20.05,3.83,11.23,0.13,33.76,14.0,4.0,6643.0,2612.0,382.0,508.0,4.0,3137.0
2019,12,OO,SkyWest Airlines,IInAcH.,1324.0,2.0,64.53,8.92,73.02,0.0,115.53,20.0,3.0,23616.0,7793.0,1679.0,2836.0,0.0,11308.0
2019,12,OO,SkyWest Airlines,IInCcT.,177.0,0.0,16.11,0.01,13.49,0.16,10.23,2.0,0.0,3598.0,2164.0,1.0,468.0,7.0,958.0
2019,12,OO,SkyWest Airlines,IInDcA.,129.0,22.0,10.43,2.42,1.81,0.0,7.34,1.0,0.0,1160.0,622.0,69.0,82.0,0.0,387.0
2019,12,OO,SkyWest Airlines,IInLcM.,97.0,15.0,6.9,0.85,2.4,0.0,4.85,0.0,0.0,1322.0,982.0,39.0,146.0,0.0,155.0
2019,12,OO,SkyWest Airlines,IInMcT.,58.0,8.0,3.99,0.63,0.2,0.0,3.18,6.0,4.0,1096.0,942.0,22.0,9.0,0.0,123.0
2019,12,OO,SkyWest Airlines,IInNcD.,203.0,50.0,15.48,1.24,16.74,0.0,16.55,1.0,0.0,2513.0,876.0,59.0,640.0,0.0,938.0
2019,12,OO,SkyWest Airlines,IInNcL.,52.0,6.0,0.16,0.0,1.84,0.0,4.0,3.0,0.0,321.0,5.0,0.0,96.0,0.0,220.0
2019,12,OO,SkyWest Airlines,IInTcH.,84.0,19.0,6.6,3.11,0.51,0.0,8.78,2.0,0.0,2401.0,634.0,510.0,30.0,0.0,1227.0
2019,12,OO,SkyWest Airlines,IJnAcC.,128.0,25.0,9.17,0.03,7.6,0.0,8.2,0.0,2.0,2638.0,381.0,6.0,285.0,0.0,1966.0
2019,12,OO,SkyWest Airlines,IJnAcN.,60.0,9.0,18.0,0.82,4.27,0.0,5.73,1.0,0.0,1252.0,692.0,79.0,106.0,0.0,375.0
2019,12,OO,SkyWest Airlines,IJnAcX.,10.0,2.0,1.0,0.0,1.0,0.0,0.0,0.0,0.0,111.0,96.0,0.0,15.0,0.0,0.0
2019,12,OO,SkyWest Airlines,IJnFcK.,58.0,21.0,7.41,1.55,4.57,0.0,7.47,4.0,1.0,2532.0,982.0,775.0,317.0,0.0,458.0
2019,12,OO,SkyWest Airlines,IJnMc.S,84.0,15.0,4.01,2.99,4.5,0.0,3.49,4.0,1.0,2837.0,1263.0,950.0,164.0,0.0,460.0
2019,12,OO,SkyWest Airlines,ILnAcN.,55.0,11.0,3.77,1.0,1.07,0.0,5.16,1.0,0.0,1583.0,1046.0,137.0,32.0,0.0,368.0
2019,12,OO,SkyWest Airlines,ILnAcR.,53.0,4.0,2.01,0.0,0.0,0.0,1.99,5.0,0.0,159.0,69.0,0.0,0.0,0.0,90.0
2019,12,OO,SkyWest Airlines,ILnAcS.,254.0,50.0,11.07,4.01,7.72,0.0,27.2,3.0,0.0,4901.0,1498.0,352.0,276.0,0.0,2775.0
2019,12,OO,SkyWest Airlines,ILnAcW.,59.0,7.0,1.0,2.74,0.84,0.0,2.42,3.0,1.0,554.0,123.0,311.0,41.0,0.0,79.0
2019,12,OO,SkyWest Airlines,ILnAcX.,3053.0,606.0,129.63,15.12,189.96,0.7,270.58,64.0,1.0,56079.0,23524.0,1958.0,7372.0,34.0,23191.0
2019,12,OO,SkyWest Airlines,ILnBcB.,68.0,5.0,1.7,0.0,1.48,0.0,1.82,2.0,0.0,449.0,167.0,0.0,72.0,0.0,210.0
2019,12,OO,SkyWest Airlines,ILnBcF.,53.0,9.0,6.16,0.0,0.62,0.0,2.22,1.0,0.0,1381.0,1128.0,0.0,38.0,0.0,215.0
2019,12,OO,SkyWest Airlines,ILnBcL.,54.0,4.0,2.0,0.0,0.36,0.0,1.64,1.0,1.0,327.0,152.0,0.0,41.0,0.0,134.0
2019,12,OO,SkyWest Airlines,ILnEcX.,102.0,18.0,4.38,3.08,0.92,0.0,9.63,0.0,0.0,2074.0,793.0,292.0,56.0,0.0,933.0
2019,12,OO,SkyWest Airlines,ILnFcT.,12.0,5.0,1.01,0.0,0.08,0.0,3.91,0.0,0.0,336.0,79.0,0.0,3.0,0.0,254.0
2019,12,OO,SkyWest Airlines,ILnGc.A,316.0,93.0,9.97,9.41,42.87,0.61,30.13,6.0,0.0,8679.0,1412.0,939.0,3043.0,11.0,3274.0
2019,12,OO,SkyWest Airlines,ILnGc.B,208.0,25.0,8.52,2.62,5.08,0.63,8.14,2.0,0.0,1998.0,454.0,660.0,334.0,17.0,533.0
2019,12,OO,SkyWest Airlines,ILnIcT.,117.0,6.0,8.37,0.76,5.49,0.0,11.38,2.0,0.0,1875.0,658.0,20.0,176.0,0.0,1021.0
2019,12,OO,SkyWest Airlines,ILnNc.K,142.0,31.0,9.12,0.77,8.25,0.0,12.86,1.0,0.0,2344.0,498.0,200.0,335.0,0.0,1311.0
2019,12,OO,SkyWest Airlines,ILnRc.D,52.0,5.0,1.69,0.0,0.64,0.0,2.67,0.0,0.0,832.0,745.0,0.0,20.0,0.0,67.0
2019,12,OO,SkyWest Airlines,ILnScE.,127.0,22.0,7.11,1.68,4.25,0.0,8.95,1.0,0.0,2233.0,444.0,899.0,117.0,0.0,773.0
2019,12,OO,SkyWest Airlines,ILnWc.B,53.0,13.0,7.48,2.0,0.92,0.0,2.6,4.0,0.0,851.0,518.0,178.0,48.0,0.0,107.0
2019,12,OO,SkyWest Airlines,ILnWc.S,91.0,10.0,5.67,1.0,0.57,0.0,2.76,0.0,4.0,488.0,373.0,16.0,16.0,0.0,83.0
2019,12,OO,SkyWest Airlines,IMncA.F,68.0,2.0,5.26,0.0,2.75,0.0,3.99,1.0,0.0,1159.0,388.0,0.0,91.0,0.0,680.0
2019,12,OO,SkyWest Airlines,IMncB.S,159.0,40.0,22.2,3.11,11.11,0.0,3.57,4.0,0.0,3369.0,2099.0,647.0,326.0,0.0,297.0
2019,12,OO,SkyWest Airlines,IMncC.I,264.0,53.0,20.26,3.09,7.82,0.0,21.83,6.0,0.0,3382.0,1381.0,227.0,296.0,0.0,1478.0
2019,12,OO,SkyWest Airlines,IMncD.T,75.0,25.0,7.56,1.97,7.64,0.0,7.83,0.0,0.0,1720.0,368.0,163.0,314.0,0.0,875.0
2019,12,OO,SkyWest Airlines,IMncD.W,277.0,56.0,18.83,4.13,14.48,0.0,18.55,0.0,1.0,4039.0,1456.0,585.0,578.0,0.0,1420.0
2019,12,OO,SkyWest Airlines,IMncE.I,62.0,18.0,8.54,1.0,1.39,0.0,7.07,0.0,3.0,3384.0,2461.0,60.0,127.0,0.0,736.0
2019,12,OO,SkyWest Airlines,IMncE.M,139.0,31.0,10.64,0.57,5.75,0.0,14.04,2.0,0.0,2365.0,799.0,61.0,277.0,0.0,1228.0
2019,12,OO,SkyWest Airlines,IMncF.E,15.0,5.0,0.09,0.0,0.21,0.0,4.7,0.0,0.0,634.0,10.0,0.0,22.0,0.0,602.0
2019,12,OO,SkyWest Airlines,IMncF.R,388.0,9.0,24.38,4.63,8.07,0.0,31.92,9.0,1.0,5901.0,1582.0,1036.0,273.0,0.0,3010.0
2019,12,OO,SkyWest Airlines,IMncG.M,220.0,31.0,9.01,3.43,2.61,0.0,15.95,0.0,1.0,2356.0,349.0,582.0,69.0,0.0,1356.0
2019,12,OO,SkyWest Airlines,IMncH.K,53.0,5.0,0.97,1.0,0.27,0.0,2.76,1.0,0.0,308.0,106.0,52.0,22.0,0.0,128.0
2019,12,OO,SkyWest Airlines,IMncH.T,47.0,11.0,3.95,0.0,5.05,0.0,2.0,1.0,1.0,535.0,370.0,0.0,131.0,0.0,34.0
2019,12,OO,SkyWest Airlines,IMncK.E,426.0,90.0,28.53,3.1,18.71,0.0,39.66,7.0,0.0,9024.0,2256.0,1039.0,1984.0,0.0,3745.0
2019,12,OO,SkyWest Airlines,IMncK.G,61.0,19.0,4.37,0.0,4.6,0.0,10.03,1.0,0.0,1483.0,755.0,0.0,121.0,0.0,607.0
2019,12,OO,SkyWest Airlines,IMncL.B,,,,,,,,,,,,,,,
2019,12,OO,SkyWest Airlines,IMncL.I,123.0,25.0,6.96,0.73,2.59,0.0,14.72,0.0,0.0,1573.0,573.0,90.0,109.0,0.0,801.0
2019,12,OO,SkyWest Airlines,IMncL.U,125.0,17.0,4.98,1.35,3.62,0.0,7.05,0.0,2.0,2353.0,1463.0,172.0,179.0,0.0,539.0
2019,12,OO,SkyWest Airlines,IMncM.H,57.0,11.0,6.71,0.0,0.1,0.0,4.19,11.0,1.0,1580.0,1024.0,0.0,12.0,0.0,544.0
2019,12,OO,SkyWest Airlines,IMncO.B,100.0,17.0,7.53,3.84,1.55,0.0,4.09,2.0,1.0,1823.0,1156.0,301.0,53.0,0.0,313.0
2019,12,OO,SkyWest Airlines,IMncO.T,167.0,24.0,7.32,2.54,5.89,0.0,8.25,1.0,2.0,2653.0,629.0,1329.0,162.0,0.0,533.0
2019,12,OO,SkyWest Airlines,IMncQ.T,86.0,19.0,7.12,5.01,1.93,0.0,4.94,7.0,0.0,4835.0,2169.0,2126.0,94.0,0.0,446.0
2019,12,OO,SkyWest Airlines,IMncR.Y,226.0,60.0,18.47,1.0,5.36,0.0,35.17,5.0,0.0,4969.0,1792.0,227.0,289.0,0.0,2661.0
2019,12,OO,SkyWest Airlines,IMncS.N,349.0,69.0,29.87,3.67,13.97,0.0,21.5,0.0,1.0,4902.0,2821.0,336.0,698.0,0.0,1047.0
2019,12,OO,SkyWest Airlines,IMncS.O,108.0,20.0,6.72,3.01,4.4,0.0,5.87,0.0,0.0,1210.0,308.0,453.0,143.0,0.0,306.0
2019,12,OO,SkyWest Airlines,IMncS.P,3520.0,3.0,123.78,66.3,128.18,1.26,303.48,64.0,9.0,76922.0,24080.0,14219.0,5842.0,32.0,32749.0
2019,12,OO,SkyWest Airlines,IMncS.Y,2.0,2.0,0.19,0.0,0.0,0.0,1.81,0.0,0.0,178.0,8.0,0.0,0.0,0.0,170.0
2019,12,OO,SkyWest Airlines,IMncT.J,55.0,16.0,7.59,1.0,1.56,0.0,5.86,1.0,0.0,1409.0,688.0,20.0,43.0,0.0,658.0
2019,12,OO,SkyWest Airlines,IOncA.K,95.0,11.0,0.57,0.48,3.97,0.0,5.98,1.0,0.0,450.0,16.0,13.0,108.0,0.0,313.0
2019,12,OO,SkyWest Airlines,IOncG.S,53.0,10.0,6.72,0.0,0.58,0.0,2.7,6.0,3.0,756.0,503.0,0.0,25.0,0.0,228.0
2019,12,OO,SkyWest Airlines,IOncK.C,433.0,98.0,29.36,5.09,20.26,0.0,43.3,1.0,0.0,7414.0,2529.0,1247.0,703.0,0.0,2935.0
2019,12,OO,SkyWest Airlines,IOncM.A,500.0,86.0,26.83,4.81,23.02,1.0,30.34,3.0,1.0,6631.0,3373.0,439.0,861.0,20.0,1938.0
2019,12,OO,SkyWest Airlines,IOncN.T,222.0,56.0,13.08,4.0,6.08,0.0,32.84,9.0,0.0,3825.0,1475.0,295.0,186.0,0.0,1869.0
2019,12,OO,SkyWest Airlines,IOncR.D,5416.0,1214.0,233.58,36.45,399.91,2.3,541.76,129.0,3.0,120448.0,50933.0,8980.0,19243.0,41.0,41251.0
2019,12,OO,SkyWest Airlines,IOncR.F,126.0,16.0,5.42,0.18,2.8,0.0,7.59,1.0,0.0,696.0,127.0,28.0,104.0,0.0,437.0
2019,12,OO,SkyWest Airlines,IOncR.H,28.0,8.0,4.0,0.0,1.03,0.0,2.97,0.0,1.0,707.0,539.0,0.0,32.0,0.0,136.0
2019,12,OO,SkyWest Airlines,IOncT.H,26.0,9.0,1.84,0.0,0.32,0.0,6.84,4.0,1.0,892.0,198.0,0.0,9.0,0.0,685.0
2019,12,OO,SkyWest Airlines,IPnAc.E,180.0,45.0,11.36,1.0,14.61,0.0,18.02,14.0,4.0,3551.0,1439.0,52.0,452.0,0.0,1608.0
2019,12,OO,SkyWest Airlines,IPnAc.H,66.0,20.0,8.46,0.0,2.44,0.0,9.1,2.0,0.0,2696.0,2028.0,0.0,99.0,0.0,569.0
2019,12,OO,SkyWest Airlines,IPnBc.G,53.0,8.0,1.97,0.0,2.04,0.0,4.0,0.0,0.0,1536.0,1012.0,0.0,75.0,0.0,449.0
2019,12,OO,SkyWest Airlines,IPnDc.X,939.0,118.0,29.32,3.27,39.48,0.0,45.92,1.0,1.0,5920.0,2008.0,396.0,1239.0,0.0,2277.0
2019,12,OO,SkyWest Airlines,IPnHc.L,21.0,3.0,0.91,0.0,0.32,0.0,1.77,0.0,0.0,97.0,49.0,0.0,11.0,0.0,37.0
2019,12,OO,SkyWest Airlines,IPnHc.X,1167.0,172.0,33.86,4.63,44.62,0.0,88.89,13.0,2.0,14029.0,4442.0,1138.0,1541.0,0.0,6908.0
2019,12,OO,SkyWest Airlines,IPnIcA.,107.0,6.0,7.97,0.0,4.03,0.0,4.0,0.0,0.0,1987.0,1569.0,0.0,103.0,0.0,315.0
2019,12,OO,SkyWest Airlines,IPnIcB.,56.0,6.0,3.89,1.0,3.14,0.0,7.97,0.0,1.0,940.0,130.0,127.0,160.0,0.0,523.0
2019,12,OO,SkyWest Airlines,IPnIcH.,91.0,15.0,4.42,4.77,3.14,0.0,2.67,0.0,0.0,1832.0,216.0,1370.0,90.0,0.0,156.0
2019,12,OO,SkyWest Airlines,IPnIcR.,59.0,12.0,7.59,0.0,2.0,0.0,2.41,4.0,0.0,1506.0,1254.0,0.0,33.0,0.0,219.0
2019,12,OO,SkyWest Airlines,IPnIcT.,149.0,28.0,9.49,0.21,7.65,0.0,10.65,1.0,2.0,1656.0,517.0,14.0,365.0,0.0,760.0
2019,12,OO,SkyWest Airlines,IPnLcN.,76.0,9.0,0.0,4.7,2.3,0.0,2.0,5.0,5.0,1721.0,0.0,957.0,570.0,0.0,194.0
2019,12,OO,SkyWest Airlines,IPnNc.S,44.0,8.0,3.0,0.28,2.8,0.0,1.93,1.0,0.0,332.0,100.0,8.0,56.0,0.0,168.0
2019,12,OO,SkyWest Airlines,IPnRc.C,67.0,9.0,7.66,0.0,0.7,0.0,10.65,1.0,2.0,1706.0,618.0,0.0,51.0,0.0,1037.0
2019,12,OO,SkyWest Airlines,IPnSc.C,350.0,56.0,22.5,2.0,7.95,0.0,23.54,6.0,3.0,5381.0,3478.0,44.0,256.0,0.0,1603.0
2019,12,OO,SkyWest Airlines,IPnSc.P,481.0,105.0,31.51,1.87,21.52,0.0,50.1,21.0,1.0,9069.0,3664.0,195.0,831.0,0.0,4379.0
2019,12,OO,SkyWest Airlines,IPnUc.B,80.0,11.0,3.9,0.0,3.1,0.0,4.0,2.0,0.0,603.0,385.0,0.0,66.0,0.0,152.0
2019,12,OO,SkyWest Airlines,IPnVc.D,76.0,15.0,8.96,0.86,2.82,0.0,2.35,1.0,0.0,863.0,548.0,25.0,137.0,0.0,153.0
2019,12,OO,SkyWest Airlines,IPnWc.M,43.0,8.0,4.27,0.0,2.17,0.0,1.56,0.0,0.0,638.0,463.0,0.0,74.0,0.0,101.0
2019,12,OO,SkyWest Airlines,IRnAc.P,198.0,36.0,9.54,3.26,14.16,0.0,9.04,3.0,4.0,3807.0,464.0,1568.0,820.0,0.0,955.0
2019,12,OO,SkyWest Airlines,IRnDc.D,124.0,40.0,11.94,0.0,3.28,0.0,24.78,5.0,1.0,3176.0,1758.0,0.0,120.0,0.0,1298.0
2019,12,OO,SkyWest Airlines,IRnDc.M,397.0,63.0,23.4,1.08,6.82,0.0,31.71,16.0,5.0,5531.0,2716.0,140.0,293.0,0.0,2382.0
2019,12,OO,SkyWest Airlines,IRnDc.U,37.0,7.0,2.92,0.0,2.22,0.0,1.86,1.0,0.0,468.0,79.0,0.0,113.0,0.0,276.0
2019,12,OO,SkyWest Airlines,IRnHc.I,62.0,14.0,5.3,0.88,2.7,0.0,5.11,1.0,2.0,723.0,369.0,30.0,101.0,0.0,223.0
2019,12,OO,SkyWest Airlines,IRnIcC.,163.0,26.0,8.23,1.49,8.19,0.0,8.08,0.0,1.0,1291.0,455.0,163.0,275.0,0.0,398.0
2019,12,OO,SkyWest Airlines,IRnKc.S,65.0,7.0,2.27,1.0,0.07,0.0,3.66,4.0,0.0,1358.0,426.0,660.0,12.0,0.0,260.0
2019,12,OO,SkyWest Airlines,IRnNc.O,410.0,72.0,20.93,3.61,8.87,0.0,38.58,9.0,2.0,4822.0,1806.0,471.0,374.0,0.0,2171.0
2019,12,OO,SkyWest Airlines,IRnOc.A,99.0,3.0,5.89,4.59,3.01,0.0,9.5,1.0,3.0,2160.0,1297.0,198.0,111.0,0.0,554.0
2019,12,OO,SkyWest Airlines,IRnOc.C,159.0,33.0,14.18,2.96,5.98,0.0,9.89,2.0,0.0,3269.0,2031.0,174.0,285.0,0.0,779.0
2019,12,OO,SkyWest Airlines,IRnOc.W,107.0,13.0,4.75,0.0,3.83,0.0,4.42,1.0,0.0,614.0,225.0,0.0,120.0,0.0,269.0
2019,12,OO,SkyWest Airlines,IRnSc.T,107.0,23.0,8.57,2.96,4.19,0.0,7.27,1.0,0.0,2607.0,993.0,671.0,192.0,0.0,751.0
2019,12,OO,SkyWest Airlines,IRnSc.W,1.0,0.0,0.0,0.0,0.0,0.0,0.0,0.0,0.0,0.0,0.0,0.0,0.0,0.0,0.0
2019,12,OO,SkyWest Airlines,ISnAc.F,128.0,18.0,4.13,0.0,5.43,0.0,8.44,1.0,1.0,1117.0,291.0,0.0,154.0,0.0,672.0
2019,12,OO,SkyWest Airlines,ISnAc.N,721.0,98.0,27.48,0.0,29.51,0.0,41.02,8.0,3.0,6440.0,2671.0,0.0,1091.0,0.0,2678.0
2019,12,OO,SkyWest Airlines,ISnAc.T,353.0,60.0,26.64,1.03,11.32,0.86,20.15,2.0,0.0,4701.0,2589.0,157.0,491.0,19.0,1445.0
2019,12,OO,SkyWest Airlines,ISnAc.V,49.0,3.0,3.86,0.91,1.69,0.0,6.54,1.0,0.0,630.0,161.0,53.0,83.0,0.0,333.0
2019,12,OO,SkyWest Airlines,ISnBc.A,493.0,115.0,41.14,1.0,14.28,0.0,58.58,17.0,2.0,8749.0,3957.0,85.0,517.0,0.0,4190.0
2019,12,OO,SkyWest Airlines,ISnBc.N,402.0,91.0,33.64,3.88,13.65,0.0,39.83,1.0,0.0,8548.0,3896.0,356.0,618.0,0.0,3678.0
2019,12,OO,SkyWest Airlines,ISnBc.P,503.0,20.0,37.17,6.33,23.34,0.0,53.15,9.0,2.0,11532.0,3754.0,2175.0,1190.0,0.0,4413.0
2019,12,OO,SkyWest Airlines,ISnCc.E,109.0,29.0,13.15,1.95,6.3,0.0,7.6,0.0,0.0,1794.0,848.0,182.0,238.0,0.0,526.0
2019,12,OO,SkyWest Airlines,ISnCc.K,61.0,17.0,6.19,0.0,0.0,0.0,10.81,0.0,0.0,1090.0,450.0,0.0,0.0,0.0,640.0
2019,12,OO,SkyWest Airlines,ISnDc.F,198.0,8.0,9.74,1.74,12.01,0.0,14.5,1.0,1.0,1946.0,581.0,91.0,336.0,0.0,938.0
2019,12,OO,SkyWest Airlines,ISnEc.A,1410.0,203.0,40.97,10.07,79.82,2.41,69.73,8.0,1.0,12661.0,3389.0,1833.0,3204.0,54.0,4181.0
2019,12,OO,SkyWest Airlines,ISnFc.O,3560.0,187.0,128.03,11.3,652.73,0.65,394.29,224.0,32.0,117498.0,27242.0,1724.0,52812.0,15.0,35705.0
2019,12,OO,SkyWest Airlines,ISnGc.F,126.0,25.0,9.05,1.0,7.15,0.0,7.8,2.0,0.0,3224.0,1582.0,267.0,244.0,0.0,1131.0
2019,12,OO,SkyWest Airlines,ISnGc.U,317.0,59.0,18.31,1.23,16.27,0.0,23.2,0.0,2.0,4123.0,1819.0,110.0,543.0,0.0,1651.0
2019,12,OO,SkyWest Airlines,ISnHc.D,88.0,23.0,8.21,0.0,1.33,0.0,13.46,5.0,0.0,2999.0,1684.0,0.0,112.0,0.0,1203.0
2019,12,OO,SkyWest Airlines,ISnHc.V,171.0,34.0,15.84,0.83,4.55,0.0,12.78,3.0,0.0,1970.0,963.0,43.0,188.0,0.0,776.0
2019,12,OO,SkyWest Airlines,ISnJcC.,588.0,4.0,19.27,1.13,26.8,0.8,36.01,4.0,0.0,4790.0,1701.0,54.0,773.0,12.0,2250.0
2019,12,OO,SkyWest Airlines,ISnLcC.,4371.0,614.0,140.31,41.12,134.34,2.82,295.41,54.0,21.0,53022.0,15160.0,6660.0,4490.0,130.0,26582.0
2019,12,OO,SkyWest Airlines,ISnLcN.,81.0,6.0,1.73,0.0,1.39,0.0,2.88,1.0,0.0,544.0,139.0,0.0,71.0,0.0,334.0
2019,12,OO,SkyWest Airlines,ISnMc.F,606.0,113.0,38.5,5.96,20.61,0.0,47.93,15.0,0.0,8903.0,4590.0,373.0,824.0,0.0,3116.0
2019,12,OO,SkyWest Airlines,ISnNc.A,433.0,0.0,15.27,2.33,16.38,0.0,36.02,19.0,0.0,7107.0,2622.0,227.0,614.0,0.0,3644.0
2019,12,OO,SkyWest Airlines,ISnPc.I,87.0,25.0,7.54,2.0,6.33,0.0,9.13,5.0,1.0,4084.0,2875.0,56.0,376.0,0.0,777.0
2019,12,OO,SkyWest Airlines,ISnRc.Q,1.0,0.0,0.0,0.0,0.0,0.0,0.0,0.0,0.0,0.0,0.0,0.0,0.0,0.0,0.0
2019,12,OO,SkyWest Airlines,ISnTc.L,173.0,41.0,14.51,1.82,6.17,0.0,18.5,4.0,0.0,2656.0,889.0,82.0,283.0,0.0,1402.0
2019,12,OO,SkyWest Airlines,ISnTc.S,198.0,5.0,11.89,1.0,13.76,0.0,8.34,15.0,2.0,3124.0,2025.0,139.0,443.0,0.0,517.0
2019,12,OO,SkyWest Airlines,ISnUc.N,136.0,3.0,7.59,2.0,8.8,0.0,4.62,4.0,42.0,1271.0,212.0,93.0,762.0,0.0,204.0
2019,12,OO,SkyWest Airlines,ISnWc.F,59.0,0.0,4.92,2.9,1.0,0.0,1.18,1.0,1.0,814.0,581.0,165.0,22.0,0.0,46.0
2019,12,OO,SkyWest Airlines,ISnYc.R,217.0,50.0,16.11,4.15,10.54,0.0,19.2,5.0,1.0,3700.0,1061.0,585.0,590.0,0.0,1464.0
2019,12,OO,SkyWest Airlines,ITnLcH.,10.0,3.0,2.0,0.0,0.0,0.0,1.0,0.0,0.0,156.0,138.0,0.0,0.0,0.0,18.0
2019,12,OO,SkyWest Airlines,ITnRc.I,129.0,15.0,6.46,1.0,1.45,0.0,6.09,0.0,0.0,1217.0,489.0,169.0,35.0,0.0,524.0
2019,12,OO,SkyWest Airlines,ITnUc.L,153.0,23.0,6.43,1.18,5.16,0.0,10.23,0.0,0.0,1585.0,475.0,112.0,183.0,0.0,815.0
2019,12,OO,SkyWest Airlines,ITnUc.S,572.0,105.0,28.5,2.37,25.18,1.0,47.94,8.0,0.0,7878.0,3112.0,294.0,860.0,78.0,3534.0
2019,12,OO,SkyWest Airlines,ITnVc.C,168.0,25.0,9.61,2.0,3.6,0.23,9.56,4.0,3.0,1418.0,478.0,287.0,192.0,7.0,454.0
2019,12,OO,SkyWest Airlines,ITnWc.F,89.0,9.0,6.58,5.48,1.74,0.0,5.2,1.0,2.0,2922.0,377.0,1970.0,59.0,0.0,516.0
2019,12,OO,SkyWest Airlines,ITnYc.S,94.0,16.0,5.05,0.03,5.45,0.0,5.47,0.0,0.0,1107.0,287.0,2.0,237.0,0.0,581.0
2019,12,OO,SkyWest Airlines,IVnEc.L,54.0,4.0,1.11,0.0,0.07,0.0,2.82,3.0,0.0,577.0,143.0,0.0,10.0,0.0,424.0
2019,12,OO,SkyWest Airlines,IVnLcD.,89.0,13.0,4.99,1.0,2.59,0.0,4.43,1.0,0.0,732.0,336.0,152.0,69.0,0.0,175.0
2019,12,OO,SkyWest Airlines,IXnNc.A,118.0,35.0,13.97,1.0,8.47,0.0,11.57,2.0,1.0,3202.0,1946.0,137.0,299.0,0.0,820.0
2019,12,OO,SkyWest Airlines,IXnWc.A,79.0,17.0,5.76,0.35,2.76,0.79,7.35,1.0,5.0,1701.0,519.0,37.0,98.0,15.0,1032.0
2019,12,OO,SkyWest Airlines,IYnUc.M,146.0,19.0,5.06,0.0,4.45,0.0,9.49,0.0,0.0,955.0,306.0,0.0,125.0,0.0,524.0
2019,12,UA,United Air Lines I,nAcB.Q,36.0,9.0,1.56,0.0,2.1,0.0,5.34,0.0,0.0,542.0,49.0,0.0,64.0,0.0,429.0
2019,12,UA,United Air Lines I,nAcL.B,43.0,10.0,3.98,0.94,2.28,0.0,2.8,1.0,0.0,1259.0,197.0,410.0,119.0,0.0,533.0
2019,12,UA,United Air Lines I,nAcN.C,56.0,0.0,3.01,0.08,3.06,0.0,3.85,0.0,1.0,537.0,155.0,6.0,164.0,0.0,212.0
2019,12,UA,United Air Lines I,nAcT.L,322.0,5.0,20.5,0.74,23.01,0.0,30.75,0.0,0.0,5335.0,1317.0,36.0,896.0,0.0,3086.0
2019,12,UA,United Air Lines I,nAcU.S,625.0,107.0,27.77,1.74,29.31,0.0,48.19,0.0,1.0,6349.0,1467.0,66.0,1031.0,0.0,3785.0
2019,12,UA,United Air Lines I,nBcD.L,142.0,31.0,11.3,0.59,11.83,0.0,7.29,0.0,0.0,1691.0,513.0,45.0,492.0,0.0,641.0
2019,12,UA,United Air Lines I,nBcI.L,61.0,12.0,2.13,2.02,2.36,0.0,5.49,0.0,0.0,1758.0,69.0,1201.0,61.0,0.0,427.0
2019,12,UA,United Air Lines I,nBcN.A,236.0,60.0,16.4,0.89,18.48,0.0,24.23,2.0,1.0,4138.0,975.0,20.0,712.0,0.0,2431.0
2019,12,UA,United Air Lines I,nBcO.I,58.0,4.0,1.47,0.0,2.22,0.0,0.31,0.0,0.0,222.0,154.0,0.0,52.0,0.0,16.0
2019,12,UA,United Air Lines I,nBcO.S,1069.0,316.0,53.57,5.26,163.64,0.0,93.53,15.0,2.0,26622.0,4385.0,682.0,12746.0,0.0,8809.0
2019,12,UA,United Air Lines I,nBcQ.N,31.0,19.0,7.04,0.92,4.12,0.0,6.91,1.0,0.0,990.0,385.0,36.0,180.0,0.0,389.0
2019,12,UA,United Air Lines I,nBcT.V,16.0,2.0,1.0,0.0,0.02,0.0,0.98,0.0,0.0,115.0,58.0,0.0,1.0,0.0,56.0
2019,12,UA,United Air Lines I,nBcU.F,8.0,3.0,0.38,0.65,0.35,0.0,1.62,0.0,0.0,132.0,12.0,39.0,21.0,0.0,60.0
2019,12,UA,United Air Lines I,nBcU.R,53.0,16.0,3.69,0.0,8.12,0.0,4.19,0.0,0.0,636.0,128.0,0.0,239.0,0.0,269.0
2019,12,UA,United Air Lines I,nBcW.I,291.0,4.0,7.0,,13.05,0.0,23.04,0.0,0.0,2789.0,901.0,64.0,374.0,0.0,1450.0
2019,12,UA,United Air Lines I,nBcZ.N,104.0,9.0,9.12,2.0,3.55,0.0,4.33,0.0,0.0,780.0,359.0,62.0,83.0,0.0,276.0
2019,12,UA,United Air Lines I,nCcH.S,64.0,10.0,0.67,1.15,1.12,0.0,7.07,0.0,0.0,799.0,27.0,53.0,40.0,0.0,679.0
2019,12,UA,United Air Lines I,nCcI.D,60.0,8.0,1.95,0.0,1.74,0.0,4.31,0.0,0.0,421.0,91.0,0.0,39.0,0.0,291.0
2019,12,UA,United Air Lines I,nCcL.E,575.0,102.0,23.14,2.49,30.42,0.0,45.95,0.0,0.0,7420.0,1320.0,169.0,1452.0,0.0,4479.0
2019,12,UA,United Air Lines I,nCcL.T,18.0,4.0,0.4,0.55,0.39,0.0,2.67,1.0,0.0,560.0,61.0,24.0,37.0,0.0,438.0
2019,12,UA,United Air Lines I,nCcM.H,67.0,8.0,2.51,0.0,2.5,0.0,2.99,0.0,0.0,594.0,190.0,0.0,81.0,0.0,323.0
2019,12,UA,United Air Lines I,nCcO.S,13.0,3.0,2.06,0.0,0.18,0.0,0.76,0.0,0.0,201.0,123.0,0.0,11.0,0.0,67.0
2019,12,UA,United Air Lines I,nCcV.G,66.0,0.0,1.72,0.37,2.25,0.0,5.66,0.0,0.0,669.0,82.0,22.0,185.0,0.0,380.0
2019,12,UA,United Air Lines I,nDcC.A,336.0,8.0,12.22,1.82,17.62,0.0,16.34,0.0,1.0,1968.0,403.0,136.0,516.0,0.0,913.0
2019,12,UA,United Air Lines I,nDcE.N,5788.0,842.0,207.32,32.84,319.84,0.0,282.0,5.0,1.0,55887.0,15476.0,1785.0,12813.0,0.0,25813.0
2019,12,UA,United Air Lines I,nDcF.W,500.0,9.0,31.14,2.24,35.78,0.0,39.84,1.0,1.0,6343.0,1642.0,194.0,1313.0,0.0,3194.0
2019,12,UA,United Air Lines I,nDcL.H,31.0,4.0,0.51,0.22,1.0,0.0,2.27,1.0,0.0,283.0,55.0,16.0,21.0,0.0,191.0
2019,12,UA,United Air Lines I,nDcS.M,86.0,12.0,2.42,0.0,1.25,0.0,8.33,0.0,0.0,716.0,113.0,0.0,44.0,0.0,559.0
2019,12,UA,United Air Lines I,nDcT.W,105.0,15.0,6.81,0.21,2.54,0.0,5.45,0.0,0.0,659.0,332.0,6.0,87.0,0.0,234.0
2019,12,UA,United Air Lines I,nEcG.E,52.0,11.0,3.8,0.0,5.51,0.0,1.69,0.0,3.0,517.0,120.0,0.0,248.0,0.0,149.0
2019,12,UA,United Air Lines I,nEcL.P,4.0,1.0,0.18,0.0,0.0,0.0,0.82,0.0,0.0,73.0,13.0,0.0,0.0,0.0,60.0
2019,12,UA,United Air Lines I,nEcU.G,61.0,11.0,1.95,0.0,0.3,0.0,8.75,0.0,0.0,647.0,115.0,0.0,27.0,0.0,505.0
2019,12,UA,United Air Lines I,nEcW.R,4922.0,1610.0,203.09,28.83,1039.54,0.0,338.55,39.0,24.0,146063.0,21250.0,8441.0,82064.0,0.0,34308.0
2019,12,UA,United Air Lines I,nFcA.T,29.0,5.0,2.21,0.0,0.92,0.0,1.88,0.0,0.0,194.0,80.0,0.0,55.0,0.0,59.0
2019,12,UA,United Air Lines I,nFcC.A,30.0,8.0,2.9,0.0,1.91,0.0,3.19,0.0,0.0,542.0,104.0,0.0,59.0,0.0,379.0
2019,12,UA,United Air Lines I,nFcL.L,769.0,8.0,41.82,2.77,78.97,0.0,64.43,0.0,2.0,11387.0,2781.0,213.0,3220.0,0.0,5173.0
2019,12,UA,United Air Lines I,nFcS.D,31.0,7.0,0.24,0.14,0.24,0.0,6.38,0.0,0.0,458.0,20.0,12.0,21.0,0.0,405.0
2019,12,UA,United Air Lines I,nGcE.G,83.0,12.0,5.34,0.0,2.83,0.0,3.83,0.0,0.0,497.0,180.0,0.0,94.0,0.0,223.0
2019,12,UA,United Air Lines I,nGcR.R,49.0,4.0,0.04,0.98,0.0,0.0,2.97,0.0,0.0,173.0,4.0,23.0,0.0,0.0,146.0
2019,12,UA,United Air Lines I,nGcU.M,75.0,4.0,0.73,0.0,0.53,0.0,2.74,0.0,0.0,195.0,24.0,0.0,23.0,0.0,148.0
2019,12,UA,United Air Lines I,nHcD.N,20.0,4.0,2.98,0.0,0.14,0.0,0.88,0.0,0.0,341.0,217.0,0.0,9.0,0.0,115.0
2019,12,UA,United Air Lines I,nHcN.L,493.0,87.0,45.28,0.46,30.63,0.0,10.63,0.0,2.0,3710.0,1811.0,18.0,882.0,0.0,999.0
2019,12,UA,United Air Lines I,nIAc.D,2381.0,85.0,107.39,13.68,107.5,0.0,156.43,6.0,0.0,25699.0,7135.0,977.0,4277.0,0.0,13310.0
2019,12,UA,United Air Lines I,nIAc.H,5175.0,4.0,187.84,19.41,265.76,0.0,310.99,4.0,7.0,49029.0,11114.0,1039.0,10266.0,0.0,26610.0
2019,12,UA,United Air Lines I,nICc.T,28.0,6.0,1.18,0.0,1.0,0.0,3.82,0.0,0.0,457.0,48.0,0.0,17.0,0.0,392.0
2019,12,UA,United Air Lines I,nINc.D,93.0,19.0,4.64,0.1,5.3,0.0,8.96,0.0,0.0,1761.0,298.0,7.0,171.0,0.0,1285.0
2019,12,UA,United Air Lines I,nITc.O,26.0,4.0,1.62,0.0,2.21,0.0,0.18,0.0,0.0,134.0,68.0,0.0,59.0,0.0,7.0
2019,12,UA,United Air Lines I,nJcA.C,114.0,19.0,9.16,0.59,3.08,0.0,6.17,0.0,0.0,972.0,466.0,22.0,110.0,0.0,374.0
2019,12,UA,United Air Lines I,nJcA.X,102.0,29.0,7.23,1.7,6.06,0.0,14.0,0.0,0.0,1520.0,406.0,67.0,238.0,0.0,809.0
2019,12,UA,United Air Lines I,nKcO.A,169.0,1.0,10.54,0.0,8.87,0.0,11.59,0.0,0.0,1799.0,427.0,0.0,362.0,0.0,1010.0
2019,12,UA,United Air Lines I,nLcA.S,1054.0,190.0,37.0,5.81,68.38,0.0,78.81,1.0,1.0,12789.0,2001.0,386.0,3970.0,0.0,6432.0
2019,12,UA,United Air Lines I,nLcA.X,2281.0,471.0,121.8,9.46,211.09,0.0,128.65,4.0,3.0,28412.0,9517.0,596.0,7541.0,0.0,10758.0
2019,12,UA,United Air Lines I,nLcG.A,664.0,186.0,25.59,1.6,106.08,0.0,52.73,0.0,2.0,12417.0,1513.0,117.0,6583.0,0.0,4204.0
2019,12,UA,United Air Lines I,nLcIH.,126.0,20.0,6.48,0.0,5.8,0.0,7.72,0.0,1.0,1022.0,214.0,0.0,198.0,0.0,610.0
2019,12,UA,United Air Lines I,nMcA.F,42.0,4.0,0.54,0.0,2.32,0.0,1.14,0.0,1.0,108.0,15.0,0.0,56.0,0.0,37.0
2019,12,UA,United Air Lines I,nMcC.I,188.0,41.0,7.58,1.4,11.34,0.0,20.68,1.0,0.0,2490.0,734.0,66.0,506.0,0.0,1184.0
2019,12,UA,United Air Lines I,nMcC.O,1135.0,221.0,59.62,5.37,64.12,0.0,91.89,3.0,3.0,14648.0,3604.0,252.0,2933.0,0.0,7859.0
2019,12,UA,United Air Lines I,nMcD.T,8.0,4.0,1.11,0.13,0.75,0.0,2.0,0.0,0.0,239.0,62.0,10.0,40.0,0.0,127.0
2019,12,UA,United Air Lines I,nMcE.M,36.0,2.0,0.0,0.0,0.07,0.0,1.93,0.0,0.0,78.0,0.0,0.0,3.0,0.0,75.0
2019,12,UA,United Air Lines I,nMcF.E,44.0,9.0,3.14,0.13,0.55,0.0,5.18,0.0,1.0,1194.0,608.0,24.0,33.0,0.0,529.0
2019,12,UA,United Air Lines I,nMcF.R,46.0,8.0,1.09,0.0,2.09,0.0,4.83,0.0,0.0,487.0,117.0,0.0,76.0,0.0,294.0
2019,12,UA,United Air Lines I,nMcI.A,564.0,143.0,37.62,6.19,50.14,0.0,49.05,0.0,0.0,8832.0,2403.0,669.0,1849.0,0.0,3911.0
2019,12,UA,United Air Lines I,nMcK.E,18.0,0.0,0.0,0.0,0.0,0.0,0.0,0.0,0.0,0.0,0.0,0.0,0.0,0.0,0.0
2019,12,UA,United Air Lines I,nMcS.N,91.0,10.0,3.28,0.0,2.89,0.0,3.82,0.0,0.0,684.0,284.0,0.0,74.0,0.0,326.0
2019,12,UA,United Air Lines I,nMcS.O,41.0,6.0,2.76,0.0,0.58,0.0,2.66,0.0,1.0,420.0,174.0,0.0,53.0,0.0,193.0
2019,12,UA,United Air Lines I,nMcS.P,236.0,8.0,5.4,0.95,10.55,0.0,11.1,0.0,0.0,1661.0,210.0,44.0,521.0,0.0,886.0
2019,12,UA,United Air Lines I,nMcS.Y,536.0,6.0,27.71,5.8,30.09,0.0,62.41,2.0,0.0,9860.0,1752.0,869.0,1674.0,0.0,5565.0
2019,12,UA,United Air Lines I,nMcT.J,13.0,2.0,1.07,0.0,0.0,0.0,0.93,0.0,0.0,138.0,37.0,0.0,0.0,0.0,101.0
2019,12,UA,United Air Lines I,nOcG.G,262.0,56.0,17.8,0.33,17.28,0.0,20.58,2.0,0.0,3802.0,1037.0,37.0,541.0,0.0,2187.0
2019,12,UA,United Air Lines I,nOcK.C,1.0,0.0,0.0,0.0,0.0,0.0,0.0,0.0,0.0,0.0,0.0,0.0,0.0,0.0,0.0
2019,12,UA,United Air Lines I,nOcM.A,106.0,24.0,6.82,0.0,5.12,0.0,12.06,0.0,0.0,997.0,225.0,0.0,204.0,0.0,568.0
2019,12,UA,United Air Lines I,nOcN.T,47.0,2.0,0.44,0.14,0.56,0.0,0.86,0.0,0.0,198.0,11.0,24.0,14.0,0.0,149.0
2019,12,UA,United Air Lines I,nOcR.D,5969.0,960.0,213.05,33.61,310.66,0.0,402.68,18.0,7.0,63416.0,15322.0,2971.0,11438.0,0.0,33685.0
2019,12,UA,United Air Lines I,nOcR.F,47.0,6.0,0.98,2.04,0.24,0.0,2.74,0.0,0.0,304.0,27.0,112.0,8.0,0.0,157.0
2019,12,UA,United Air Lines I,nPcB.I,310.0,1.0,24.24,0.55,28.5,0.0,27.71,1.0,1.0,5266.0,1522.0,70.0,1330.0,0.0,2344.0
2019,12,UA,United Air Lines I,nPcD.X,574.0,126.0,36.29,0.79,34.35,0.0,54.57,0.0,0.0,6893.0,1865.0,97.0,1183.0,0.0,3748.0
2019,12,UA,United Air Lines I,nPcH.L,359.0,82.0,19.21,3.36,32.99,0.0,26.44,0.0,0.0,5518.0,912.0,277.0,1937.0,0.0,2392.0
2019,12,UA,United Air Lines I,nPcH.X,684.0,151.0,44.24,3.52,38.72,0.0,64.52,0.0,2.0,9540.0,2945.0,179.0,1483.0,0.0,4933.0
2019,12,UA,United Air Lines I,nPcI.T,214.0,45.0,8.34,1.11,7.75,0.0,27.8,0.0,1.0,3311.0,407.0,191.0,312.0,0.0,2401.0
2019,12,UA,United Air Lines I,nPcS.P,109.0,20.0,5.22,0.76,2.34,0.0,11.69,0.0,1.0,1407.0,200.0,66.0,215.0,0.0,926.0
2019,12,UA,United Air Lines I,nRcA.P,13.0,3.0,0.32,0.76,0.29,0.0,1.63,0.0,0.0,83.0,10.0,13.0,10.0,0.0,50.0
2019,12,UA,United Air Lines I,nRcD.M,3.0,0.0,0.0,0.0,0.0,0.0,0.0,0.0,0.0,0.0,0.0,0.0,0.0,0.0,0.0
2019,12,UA,United Air Lines I,nRcD.U,374.0,0.0,27.07,3.37,22.84,0.0,46.73,1.0,0.0,7203.0,1325.0,936.0,839.0,0.0,4103.0
2019,12,UA,United Air Lines I,nRcI.C,45.0,7.0,0.08,0.11,2.64,0.0,4.17,0.0,0.0,713.0,13.0,24.0,264.0,0.0,412.0
2019,12,UA,United Air Lines I,nRcN.O,103.0,13.0,3.51,1.13,5.17,0.0,3.19,0.0,1.0,444.0,137.0,31.0,105.0,0.0,171.0
2019,12,UA,United Air Lines I,nRcO.C,36.0,6.0,2.44,0.34,1.27,0.0,1.94,0.0,0.0,296.0,113.0,20.0,44.0,0.0,119.0
2019,12,UA,United Air Lines I,nRcS.W,497.0,117.0,26.83,1.98,42.51,0.0,45.68,1.0,0.0,8142.0,2116.0,140.0,1679.0,0.0,4207.0
2019,12,UA,United Air Lines I,nScA.N,842.0,177.0,39.36,3.26,71.48,0.0,62.9,5.0,6.0,9668.0,2476.0,660.0,2325.0,0.0,4207.0
2019,12,UA,United Air Lines I,nScA.T,403.0,65.0,23.16,0.07,19.37,0.0,22.4,0.0,1.0,3672.0,1317.0,2.0,846.0,0.0,1507.0
2019,12,UA,United Air Lines I,nScA.V,9.0,4.0,2.35,0.86,0.79,0.0,0.0,0.0,0.0,336.0,132.0,158.0,46.0,0.0,0.0
2019,12,UA,United Air Lines I,nScB.A,49.0,5.0,1.22,0.0,1.39,0.0,2.39,0.0,0.0,308.0,73.0,0.0,51.0,0.0,184.0
2019,12,UA,United Air Lines I,nScE.A,730.0,146.0,27.27,1.26,52.73,0.0,64.74,1.0,1.0,8279.0,1301.0,90.0,1901.0,0.0,4987.0
2019,12,UA,United Air Lines I,nScF.O,4451.0,433.0,200.91,16.28,915.72,0.0,300.09,22.0,5.0,109305.0,18460.0,1364.0,61151.0,0.0,28330.0
2019,12,UA,United Air Lines I,nScJ.C,149.0,9.0,5.07,0.18,5.17,0.0,8.58,0.0,0.0,802.0,163.0,19.0,225.0,0.0,395.0
2019,12,UA,United Air Lines I,nScJ.U,230.0,39.0,16.35,1.56,14.96,0.0,6.13,0.0,0.0,1754.0,851.0,83.0,483.0,0.0,337.0
2019,12,UA,United Air Lines I,nScL.C,127.0,19.0,5.79,1.07,5.51,0.0,6.63,0.0,1.0,1278.0,455.0,55.0,389.0,0.0,379.0
2019,12,UA,United Air Lines I,nScM.F,260.0,46.0,12.45,0.2,10.92,0.0,22.42,0.0,0.0,3233.0,540.0,20.0,301.0,0.0,2372.0
2019,12,UA,United Air Lines I,nScN.A,523.0,2.0,24.75,2.66,37.27,0.0,37.32,1.0,3.0,6888.0,1721.0,574.0,1227.0,0.0,3366.0
2019,12,UA,United Air Lines I,nScP.N,44.0,5.0,3.67,0.0,0.65,0.0,0.68,0.0,0.0,174.0,124.0,0.0,22.0,0.0,28.0
2019,12,UA,United Air Lines I,nScR.Q,86.0,9.0,3.64,0.26,5.91,0.0,9.2,0.0,0.0,1705.0,227.0,34.0,325.0,0.0,1119.0
2019,12,UA,United Air Lines I,nScT.L,63.0,9.0,5.03,0.0,0.56,0.0,3.41,0.0,0.0,457.0,198.0,0.0,32.0,0.0,227.0
2019,12,UA,United Air Lines I,nScT.T,58.0,11.0,5.05,0.0,4.3,0.0,1.66,0.0,0.0,741.0,336.0,0.0,174.0,0.0,231.0
2019,12,UA,United Air Lines I,nScY.R,24.0,1.0,0.0,0.0,1.0,0.0,0.0,0.0,1.0,28.0,0.0,0.0,28.0,0.0,0.0
2019,12,UA,United Air Lines I,nTcP.A,692.0,151.0,44.12,1.55,45.39,0.0,59.94,0.0,2.0,10344.0,2704.0,180.0,2356.0,0.0,5104.0
2019,12,UA,United Air Lines I,nTcU.L,24.0,5.0,2.38,0.0,0.63,0.0,2.0,0.0,0.0,764.0,657.0,0.0,10.0,0.0,97.0
2019,12,UA,United Air Lines I,nTcU.S,85.0,16.0,4.64,0.83,2.17,0.0,8.37,0.0,0.0,1297.0,179.0,67.0,75.0,0.0,976.0
2019,12,WN,Southwest Airline,sA BCQo.,1006.0,0.0,87.66,1.0,16.9,0.0,124.45,5.0,2.0,9857.0,3705.0,39.0,549.0,0.0,5564.0
2019,12,WN,Southwest Airline,sA LCBo.,308.0,81.0,38.08,0.0,5.05,0.22,37.64,17.0,0.0,4103.0,1779.0,0.0,143.0,40.0,2141.0
2019,12,WN,Southwest Airline,sA MCoA.,152.0,30.0,9.68,0.39,3.15,0.0,16.77,2.0,1.0,1398.0,396.0,27.0,181.0,0.0,794.0
2019,12,WN,Southwest Airline,sA TCLo.,3039.0,6.0,210.09,3.96,79.48,3.35,219.12,21.0,0.0,24220.0,9661.0,284.0,2603.0,120.0,11552.0
2019,12,WN,Southwest Airline,sA UCSo.,2049.0,351.0,137.36,0.19,35.3,0.79,177.36,12.0,0.0,15457.0,5948.0,13.0,1161.0,37.0,8298.0
2019,12,WN,Southwest Airline,sB DCLo.,495.0,128.0,52.49,0.64,26.6,0.0,48.27,11.0,0.0,5413.0,2098.0,30.0,907.0,0.0,2378.0
2019,12,WN,Southwest Airline,sB HCMo.,361.0,2.0,33.8,0.0,6.77,1.0,40.43,2.0,0.0,3064.0,1233.0,0.0,282.0,17.0,1532.0
2019,12,WN,Southwest Airline,sB NCAo.,3324.0,610.0,232.58,5.25,73.74,1.93,296.5,18.0,2.0,26827.0,10106.0,362.0,2379.0,52.0,13928.0
2019,12,WN,Southwest Airline,sB OCoI.,407.0,99.0,35.69,0.0,10.72,0.0,52.6,1.0,0.0,4728.0,1762.0,0.0,425.0,0.0,2541.0
2019,12,WN,Southwest Airline,sB OCoS.,882.0,206.0,70.51,2.34,64.74,0.0,68.41,33.0,1.0,11261.0,3461.0,359.0,4214.0,0.0,3227.0
2019,12,WN,Southwest Airline,sB UCFo.,475.0,100.0,43.12,1.0,13.63,0.0,42.25,3.0,0.0,4841.0,1653.0,363.0,414.0,0.0,2411.0
2019,12,WN,Southwest Airline,sB UCRo.,1735.0,396.0,133.61,2.03,43.57,5.26,211.52,32.0,1.0,19996.0,6462.0,100.0,1314.0,496.0,11624.0
2019,12,WN,Southwest Airline,sB WCoI.,6345.0,6.0,8.0,,192.13,5.59,483.14,69.0,8.0,47428.0,16776.0,475.0,6070.0,133.0,23974.0
2019,12,WN,Southwest Airline,sC CHoS.,321.0,52.0,23.15,0.19,9.05,1.0,18.62,1.0,0.0,2027.0,812.0,13.0,273.0,110.0,819.0
2019,12,WN,Southwest Airline,sC CLEo.,539.0,109.0,50.35,0.1,7.64,0.0,50.92,2.0,0.0,4494.0,2130.0,4.0,215.0,0.0,2145.0
2019,12,WN,Southwest Airline,sC CLTo.,293.0,54.0,28.07,0.0,7.23,0.86,17.84,3.0,0.0,2136.0,1013.0,0.0,191.0,24.0,908.0
2019,12,WN,Southwest Airline,sC CMoH.,1152.0,5.0,96.7,0.58,25.91,1.36,120.45,11.0,2.0,10966.0,4497.0,34.0,768.0,35.0,5632.0
2019,12,WN,Southwest Airline,sC CRoP.,98.0,14.0,6.27,0.0,0.07,0.0,7.66,0.0,0.0,805.0,481.0,0.0,1.0,0.0,323.0
2019,12,WN,Southwest Airline,sC CVGo.,222.0,6.0,18.65,0.09,1.33,0.0,15.93,2.0,0.0,1311.0,704.0,10.0,83.0,0.0,514.0
2019,12,WN,Southwest Airline,sD CALo.,5871.0,1142.0,414.22,3.02,246.38,5.83,472.55,57.0,8.0,49796.0,17063.0,273.0,8096.0,376.0,23988.0
2019,12,WN,Southwest Airline,sD CCoA.,1381.0,5.0,111.62,3.23,63.75,2.0,124.4,9.0,0.0,14858.0,5999.0,95.0,1992.0,103.0,6669.0
2019,12,WN,Southwest Airline,sD CENo.,6217.0,1214.0,420.17,11.93,233.3,7.56,541.04,55.0,2.0,58810.0,20646.0,830.0,9000.0,297.0,28037.0
2019,12,WN,Southwest Airline,sD CSMo.,95.0,32.0,7.44,0.21,2.62,0.0,21.73,0.0,0.0,1300.0,236.0,5.0,51.0,0.0,1008.0
2019,12,WN,Southwest Airline,sD CTWo.,454.0,102.0,56.72,1.0,7.13,0.0,37.15,4.0,0.0,4126.0,2206.0,300.0,186.0,0.0,1434.0
2019,12,WN,Southwest Airline,sE CCPo.,129.0,6.0,6.16,0.0,3.46,0.0,16.38,0.0,0.0,1111.0,213.0,0.0,138.0,0.0,760.0
2019,12,WN,Southwest Airline,sE LCPo.,655.0,156.0,53.52,0.8,8.24,1.0,92.45,2.0,0.0,7614.0,2176.0,122.0,480.0,26.0,4810.0
2019,12,WN,Southwest Airline,sF LCLo.,2170.0,3.0,161.38,0.82,100.0,4.44,136.36,9.0,9.0,19135.0,7498.0,63.0,3996.0,124.0,7454.0
2019,12,WN,Southwest Airline,sG CEoG.,324.0,84.0,34.41,0.0,7.2,0.0,42.39,2.0,0.0,4228.0,1503.0,0.0,245.0,0.0,2480.0
2019,12,WN,Southwest Airline,sG CRoR.,148.0,43.0,16.4,0.33,3.07,0.0,23.2,1.0,0.0,1615.0,567.0,15.0,76.0,0.0,957.0
2019,12,WN,Southwest Airline,sH CNoL.,496.0,52.0,17.99,0.0,5.63,1.0,27.39,1.0,0.0,2392.0,976.0,0.0,142.0,25.0,1249.0
2019,12,WN,Southwest Airline,sH COoU.,4596.0,805.0,269.47,2.58,139.77,1.81,391.37,36.0,12.0,37787.0,12121.0,133.0,4952.0,37.0,20544.0
2019,12,WN,Southwest Airline,sH CRoL.,134.0,30.0,12.24,0.33,3.14,1.0,13.29,0.0,0.0,1469.0,472.0,77.0,207.0,54.0,659.0
2019,12,WN,Southwest Airline,sIA CDo.,147.0,32.0,16.87,0.29,5.27,0.0,9.57,0.0,0.0,1227.0,606.0,32.0,175.0,0.0,414.0
2019,12,WN,Southwest Airline,sIC CTo.,122.0,6.0,13.73,0.0,2.53,0.0,9.74,0.0,0.0,965.0,550.0,0.0,100.0,0.0,315.0
2019,12,WN,Southwest Airline,sIN CDo.,969.0,197.0,77.58,0.1,29.19,0.0,90.14,8.0,2.0,9580.0,3819.0,4.0,919.0,0.0,4838.0
2019,12,WN,Southwest Airline,sIS CPo.,408.0,103.0,37.74,1.0,9.73,1.0,53.54,0.0,0.0,5009.0,1852.0,29.0,281.0,17.0,2830.0
2019,12,WN,Southwest Airline,sJ ACXo.,469.0,88.0,48.43,0.0,5.99,0.64,32.94,1.0,0.0,4797.0,2858.0,0.0,303.0,69.0,1567.0
2019,12,WN,Southwest Airline,sK OCoA.,124.0,6.0,6.87,0.0,0.05,0.0,9.08,0.0,0.0,677.0,399.0,0.0,1.0,0.0,277.0
2019,12,WN,Southwest Airline,sL ACSo.,5183.0,1158.0,344.61,5.52,256.51,5.57,545.79,46.0,5.0,60654.0,16017.0,572.0,14219.0,131.0,29715.0
2019,12,WN,Southwest Airline,sL ACXo.,3307.0,894.0,312.09,6.7,207.48,2.84,364.89,49.0,2.0,43436.0,15552.0,421.0,8074.0,70.0,19319.0
2019,12,WN,Southwest Airline,sL BCBo.,219.0,3.0,20.06,0.0,1.3,0.0,31.64,5.0,2.0,2216.0,837.0,0.0,69.0,0.0,1310.0
2019,12,WN,Southwest Airline,sL GCAo.,1118.0,393.0,110.86,3.88,167.61,0.0,110.66,17.0,5.0,23137.0,6486.0,384.0,10029.0,0.0,6238.0
2019,12,WN,Southwest Airline,sL GCBo.,394.0,68.0,28.96,0.0,5.41,0.0,33.63,5.0,0.0,3013.0,1269.0,0.0,138.0,0.0,1606.0
2019,12,WN,Southwest Airline,sL ICHo.,124.0,8.0,4.21,0.0,1.0,0.0,2.79,0.0,0.0,496.0,305.0,0.0,32.0,0.0,159.0
2019,12,WN,Southwest Airline,sL ICTo.,164.0,5.0,13.23,0.0,7.72,0.0,14.05,0.0,0.0,1664.0,621.0,0.0,269.0,0.0,774.0
2019,12,WN,Southwest Airline,sM CAoF.,280.0,0.0,24.89,0.1,3.37,0.0,21.64,1.0,1.0,2363.0,1343.0,12.0,162.0,0.0,846.0
2019,12,WN,Southwest Airline,sM CCoI.,1877.0,368.0,147.38,1.12,38.31,1.0,180.19,16.0,2.0,19209.0,7869.0,59.0,1401.0,16.0,9864.0
2019,12,WN,Southwest Airline,sM CCoO.,3761.0,750.0,268.18,7.54,170.01,1.25,303.03,28.0,10.0,38609.0,13606.0,1209.0,6899.0,36.0,16859.0
2019,12,WN,Southwest Airline,sM CDoW.,6411.0,1078.0,391.23,8.83,189.09,4.38,484.47,157.0,4.0,48504.0,17093.0,898.0,5798.0,220.0,24495.0
2019,12,9E,Endeavor Air Inc.,ABE,53.0,6.0,3.05,0.22,0.21,0.0,2.52,0.0,0.0,265.0,110.0,10.0,6.0,0.0,139.0
2019,12,9E,Endeavor Air Inc.,AEX,115.0,4.0,0.03,0.0,1.35,0.0,2.62,0.0,2.0,157.0,1.0,0.0,40.0,0.0,116.0
2019,12,9E,Endeavor Air Inc.,AGS,191.0,13.0,7.49,2.31,1.48,0.0,1.73,0.0,1.0,678.0,332.0,153.0,82.0,0.0,111.0
2019,12,9E,Endeavor Air Inc.,ALB,6.0,1.0,0.0,0.0,1.0,0.0,0.0,0.0,0.0,19.0,0.0,0.0,19.0,0.0,0.0
2019,12,9E,Endeavor Air Inc.,ATL,3802.0,8.0,115.8,11.79,148.86,0.45,191.11,3.0,0.0,32762.0,11503.0,608.0,4885.0,93.0,15673.0
2019,12,9E,Endeavor Air Inc.,ATW,49.0,6.0,3.0,0.37,0.07,0.0,2.57,3.0,0.0,245.0,85.0,7.0,8.0,0.0,145.0
2019,12,9E,Endeavor Air Inc.,AUS,34.0,5.0,0.11,1.09,2.11,0.0,1.69,0.0,0.0,305.0,5.0,125.0,107.0,0.0,68.0
2019,12,9E,Endeavor Air Inc.,AVL,148.0,26.0,10.0,1.94,5.1,0.0,8.97,0.0,2.0,1271.0,380.0,265.0,166.0,0.0,460.0
2019,12,9E,Endeavor Air Inc.,BDL,73.0,13.0,1.03,0.0,2.5,0.0,9.48,1.0,0.0,821.0,165.0,0.0,86.0,0.0,570.0
2019,12,9E,Endeavor Air Inc.,BGR,77.0,20.0,3.15,0.0,7.07,0.0,9.78,2.0,1.0,1684.0,818.0,0.0,367.0,0.0,499.0
2019,12,9E,Endeavor Air Inc.,BHM,59.0,1.0,1.86,0.0,2.55,0.0,6.59,1.0,0.0,625.0,65.0,0.0,149.0,0.0,411.0
2019,12,9E,Endeavor Air Inc.,BMI,88.0,1.0,14.0,0.72,0.69,0.0,6.46,0.0,0.0,377.0,66.0,29.0,24.0,0.0,258.0
2019,12,9E,Endeavor Air Inc.,BNA,179.0,24.0,7.84,0.91,6.97,0.0,8.28,4.0,0.0,1720.0,757.0,58.0,436.0,0.0,469.0
2019,12,9E,Endeavor Air Inc.,BOS,420.0,95.0,17.02,3.27,41.25,0.0,33.46,27.0,0.0,9480.0,1539.0,1260.0,3623.0,0.0,3058.0
2019,12,9E,Endeavor Air Inc.,BTR,220.0,5.0,6.73,0.66,2.1,0.0,5.51,0.0,2.0,1542.0,461.0,583.0,120.0,0.0,378.0
2019,12,9E,Endeavor Air Inc.,BTV,233.0,50.0,14.99,0.64,10.42,0.0,23.95,2.0,0.0,2778.0,925.0,50.0,439.0,0.0,1364.0
2019,12,9E,Endeavor Air Inc.,BUF,223.0,37.0,8.37,1.55,8.12,0.0,18.95,9.0,1.0,3978.0,1466.0,238.0,382.0,0.0,1892.0
2019,12,9E,Endeavor Air Inc.,BWI,225.0,9.0,8.0,,15.97,0.0,11.71,1.0,0.0,3317.0,756.0,198.0,892.0,0.0,1471.0
2019,12,9E,Endeavor Air Inc.,CAE,125.0,24.0,5.24,1.36,7.38,0.0,10.02,0.0,0.0,1659.0,304.0,115.0,305.0,0.0,935.0
2019,12,9E,Endeavor Air Inc.,CAK,68.0,11.0,5.97,1.2,0.22,0.0,3.62,0.0,1.0,1214.0,200.0,810.0,7.0,0.0,197.0
2019,12,9E,Endeavor Air Inc.,CHA,63.0,11.0,3.73,0.0,2.83,0.0,4.44,0.0,0.0,401.0,86.0,0.0,110.0,0.0,205.0
2019,12,9E,Endeavor Air Inc.,CHO,141.0,26.0,4.47,5.79,3.03,0.0,12.71,3.0,1.0,3351.0,324.0,1748.0,174.0,0.0,1105.0
2019,12,9E,Endeavor Air Inc.,CHS,146.0,34.0,10.32,0.3,3.75,0.0,19.64,1.0,0.0,2449.0,658.0,8.0,201.0,0.0,1582.0
2019,12,9E,Endeavor Air Inc.,CID,84.0,8.0,4.04,0.0,0.89,0.0,3.07,0.0,0.0,451.0,173.0,0.0,25.0,0.0,253.0
2019,12,9E,Endeavor Air Inc.,CLE,442.0,77.0,21.38,1.68,22.21,0.0,31.73,5.0,0.0,5795.0,2170.0,146.0,1093.0,0.0,2386.0
2019,12,9E,Endeavor Air Inc.,CLT,204.0,48.0,15.32,0.17,14.76,0.0,17.75,5.0,0.0,2926.0,1064.0,32.0,669.0,0.0,1161.0
2019,12,9E,Endeavor Air Inc.,CMH,60.0,5.0,3.74,0.0,5.35,0.0,5.91,0.0,0.0,1026.0,268.0,0.0,294.0,0.0,464.0
2019,12,9E,Endeavor Air Inc.,CRW,4.0,0.0,0.0,0.0,0.0,0.0,0.0,0.0,0.0,0.0,0.0,0.0,0.0,0.0,0.0
2019,12,9E,Endeavor Air Inc.,CSG,80.0,4.0,3.0,0.0,1.0,0.0,0.0,0.0,0.0,166.0,144.0,0.0,22.0,0.0,0.0
2019,12,9E,Endeavor Air Inc.,CVG,899.0,3.0,32.69,1.98,28.73,0.0,99.59,6.0,0.0,13285.0,3028.0,104.0,1395.0,0.0,8758.0
2019,12,9E,Endeavor Air Inc.,CWA,110.0,18.0,4.56,3.61,5.77,0.0,4.05,4.0,2.0,3855.0,577.0,2316.0,327.0,0.0,635.0
2019,12,9E,Endeavor Air Inc.,DAY,100.0,20.0,10.55,0.0,3.76,0.0,5.68,0.0,0.0,1004.0,620.0,0.0,135.0,0.0,249.0
2019,12,9E,Endeavor Air Inc.,DCA,115.0,5.0,3.95,0.51,10.61,0.0,9.93,1.0,0.0,1940.0,303.0,69.0,627.0,0.0,941.0
2019,12,9E,Endeavor Air Inc.,DFW,98.0,4.0,7.08,0.69,8.78,0.0,7.45,0.0,3.0,1134.0,403.0,11.0,292.0,0.0,428.0
2019,12,9E,Endeavor Air Inc.,DSM,292.0,36.0,12.37,0.83,13.62,0.0,9.18,2.0,0.0,2059.0,1061.0,36.0,441.0,0.0,521.0
2019,12,9E,Endeavor Air Inc.,DTW,1676.0,212.0,53.41,14.24,44.82,0.0,99.53,5.0,0.0,18605.0,5407.0,3482.0,1754.0,0.0,7962.0
2019,12,9E,Endeavor Air Inc.,ELM,12.0,2.0,0.76,0.26,0.74,0.0,0.24,0.0,1.0,44.0,16.0,6.0,17.0,0.0,5.0
2019,12,9E,Endeavor Air Inc.,EVV,154.0,13.0,6.06,0.13,1.43,0.0,5.38,0.0,0.0,589.0,320.0,2.0,48.0,0.0,219.0
2019,12,9E,Endeavor Air Inc.,EWN,58.0,5.0,3.81,0.0,0.82,0.0,0.37,0.0,1.0,160.0,135.0,0.0,15.0,0.0,10.0
2019,12,9E,Endeavor Air Inc.,EWR,155.0,45.0,10.41,2.32,24.88,0.0,7.4,3.0,0.0,4112.0,900.0,149.0,2086.0,0.0,977.0
2019,12,9E,Endeavor Air Inc.,EYW,34.0,5.0,1.0,0.99,2.11,0.0,0.9,0.0,0.0,965.0,31.0,853.0,55.0,0.0,26.0
2019,12,9E,Endeavor Air Inc.,FAR,66.0,10.0,2.42,1.91,3.86,0.0,1.81,1.0,0.0,1522.0,153.0,794.0,292.0,0.0,283.0
2019,12,9E,Endeavor Air Inc.,FNT,64.0,4.0,1.88,0.0,0.6,0.0,1.52,0.0,0.0,133.0,45.0,0.0,9.0,0.0,79.0
2019,12,9E,Endeavor Air Inc.,FWA,20.0,2.0,1.0,0.73,0.0,0.0,0.27,0.0,0.0,36.0,21.0,11.0,0.0,0.0,4.0
2019,12,9E,Endeavor Air Inc.,GNV,172.0,17.0,4.49,1.38,5.23,0.0,5.89,0.0,1.0,1018.0,196.0,84.0,247.0,0.0,491.0
2019,12,9E,Endeavor Air Inc.,GPT,91.0,16.0,5.68,4.13,2.18,0.0,4.01,0.0,1.0,639.0,181.0,263.0,51.0,0.0,144.0
2019,12,9E,Endeavor Air Inc.,GRB,131.0,8.0,6.86,0.05,6.97,0.0,4.13,4.0,1.0,1531.0,986.0,2.0,272.0,0.0,271.0
2019,12,9E,Endeavor Air Inc.,GRR,143.0,26.0,5.79,0.0,6.15,0.0,14.06,1.0,2.0,1301.0,309.0,0.0,276.0,0.0,716.0
2019,12,9E,Endeavor Air Inc.,GSO,231.0,4.0,19.79,0.38,7.7,0.0,16.12,0.0,1.0,3725.0,1220.0,10.0,788.0,0.0,1707.0
2019,12,9E,Endeavor Air Inc.,GSP,104.0,24.0,5.61,0.96,4.12,0.0,13.31,1.0,0.0,1640.0,270.0,23.0,280.0,0.0,1067.0
2019,12,9E,Endeavor Air Inc.,HPN,87.0,10.0,4.24,0.77,3.24,0.0,1.75,1.0,0.0,451.0,276.0,17.0,66.0,0.0,92.0
2019,12,9E,Endeavor Air Inc.,HRL,11.0,1.0,1.0,0.0,0.0,0.0,0.0,0.0,0.0,53.0,53.0,0.0,0.0,0.0,0.0
2019,12,9E,Endeavor Air Inc.,HSV,52.0,9.0,5.41,0.6,0.24,0.0,2.76,0.0,0.0,547.0,308.0,20.0,27.0,0.0,192.0
2019,12,9E,Endeavor Air Inc.,IAD,113.0,25.0,5.57,2.4,10.45,0.0,6.57,2.0,0.0,2054.0,325.0,479.0,630.0,0.0,620.0
2019,12,9E,Endeavor Air Inc.,IAH,77.0,8.0,5.4,3.54,4.7,0.0,4.35,0.0,0.0,1295.0,372.0,300.0,157.0,0.0,466.0
2019,12,9E,Endeavor Air Inc.,ILM,9.0,0.0,0.0,0.0,0.0,0.0,0.0,0.0,0.0,0.0,0.0,0.0,0.0,0.0,0.0
2019,12,9E,Endeavor Air Inc.,IND,197.0,34.0,7.85,2.17,12.63,0.0,11.35,1.0,0.0,1907.0,508.0,94.0,437.0,0.0,868.0
2019,12,9E,Endeavor Air Inc.,JAN,57.0,3.0,5.0,0.92,0.78,0.0,5.25,0.0,1.0,501.0,225.0,26.0,17.0,0.0,233.0
2019,12,9E,Endeavor Air Inc.,JAX,100.0,24.0,5.88,0.14,6.64,0.0,11.33,3.0,0.0,2032.0,591.0,31.0,397.0,0.0,1013.0
2019,12,9E,Endeavor Air Inc.,JFK,1606.0,334.0,65.99,8.1,138.85,0.0,121.05,26.0,1.0,26012.0,6000.0,979.0,9091.0,0.0,9942.0
2019,12,9E,Endeavor Air Inc.,LAN,125.0,8.0,2.39,0.0,2.78,0.0,2.82,0.0,0.0,913.0,624.0,0.0,118.0,0.0,171.0
2019,12,9E,Endeavor Air Inc.,LEX,181.0,28.0,15.44,0.38,2.48,0.0,9.71,1.0,1.0,1500.0,608.0,18.0,116.0,0.0,758.0
2019,12,9E,Endeavor Air Inc.,LFT,98.0,6.0,2.52,0.0,0.0,0.0,3.48,0.0,0.0,196.0,72.0,0.0,0.0,0.0,124.0
2019,12,9E,Endeavor Air Inc.,LGA,2335.0,631.0,77.9,15.83,322.91,0.0,214.36,61.0,12.0,57255.0,11997.0,1602.0,24795.0,0.0,18861.0
2019,12,9E,Endeavor Air Inc.,LIT,31.0,3.0,1.0,1.38,0.0,0.0,0.63,0.0,0.0,101.0,19.0,62.0,0.0,0.0,20.0
2019,12,9E,Endeavor Air Inc.,LNK,26.0,2.0,0.31,0.0,1.0,0.0,0.69,0.0,0.0,33.0,5.0,0.0,17.0,0.0,11.0
2019,12,9E,Endeavor Air Inc.,MBS,63.0,7.0,0.91,1.63,1.04,0.0,3.42,0.0,1.0,583.0,91.0,96.0,43.0,0.0,353.0
2019,12,9E,Endeavor Air Inc.,MCI,114.0,29.0,4.77,1.0,8.2,0.0,15.03,4.0,0.0,1584.0,300.0,20.0,347.0,0.0,917.0
2019,12,9E,Endeavor Air Inc.,MCO,20.0,0.0,0.0,0.0,0.0,0.0,0.0,0.0,0.0,0.0,0.0,0.0,0.0,0.0,0.0
2019,12,9E,Endeavor Air Inc.,MDT,50.0,5.0,1.34,0.0,1.31,0.0,2.35,0.0,0.0,167.0,61.0,0.0,33.0,0.0,73.0
2019,12,9E,Endeavor Air Inc.,MDW,1.0,0.0,0.0,0.0,0.0,0.0,0.0,0.0,0.0,0.0,0.0,0.0,0.0,0.0,0.0
2019,12,9E,Endeavor Air Inc.,MEM,134.0,33.0,9.5,0.0,11.83,0.0,11.67,1.0,0.0,1808.0,647.0,0.0,435.0,0.0,726.0
2019,12,9E,Endeavor Air Inc.,MHT,24.0,6.0,0.0,0.0,1.76,0.0,4.24,2.0,0.0,583.0,0.0,0.0,156.0,0.0,427.0
2019,12,9E,Endeavor Air Inc.,MKE,111.0,24.0,8.02,0.0,7.68,0.0,8.31,4.0,0.0,1818.0,570.0,0.0,487.0,0.0,761.0
2019,12,9E,Endeavor Air Inc.,MLI,88.0,10.0,6.7,0.0,1.24,0.0,2.06,0.0,0.0,625.0,417.0,0.0,50.0,0.0,158.0
2019,12,9E,Endeavor Air Inc.,MOB,76.0,8.0,1.33,2.33,2.13,0.0,2.22,0.0,1.0,897.0,140.0,482.0,74.0,0.0,201.0
2019,12,9E,Endeavor Air Inc.,MOT,19.0,1.0,0.0,0.0,0.0,0.0,1.0,0.0,0.0,19.0,0.0,0.0,0.0,0.0,19.0
2019,12,9E,Endeavor Air Inc.,MSN,134.0,25.0,7.79,0.0,5.79,0.0,11.43,1.0,0.0,1138.0,282.0,0.0,144.0,0.0,712.0
2019,12,9E,Endeavor Air Inc.,MSP,1181.0,2.0,31.46,5.35,27.36,0.0,77.83,5.0,2.0,12174.0,3249.0,2041.0,1110.0,0.0,5774.0
2019,12,9E,Endeavor Air Inc.,MSY,1.0,0.0,0.0,0.0,0.0,0.0,0.0,0.0,0.0,0.0,0.0,0.0,0.0,0.0,0.0
2019,12,9E,Endeavor Air Inc.,MYR,28.0,3.0,0.23,0.66,0.34,0.0,1.77,0.0,0.0,76.0,5.0,19.0,10.0,0.0,42.0
2019,12,9E,Endeavor Air Inc.,OAJ,113.0,14.0,4.05,1.31,1.2,0.0,7.43,0.0,0.0,794.0,237.0,45.0,50.0,0.0,462.0
2019,12,9E,Endeavor Air Inc.,OMA,52.0,6.0,0.61,0.0,3.69,0.0,1.7,0.0,0.0,636.0,132.0,0.0,145.0,0.0,359.0
2019,12,9E,Endeavor Air Inc.,ORD,167.0,30.0,9.04,1.31,10.35,0.0,9.3,0.0,0.0,1402.0,291.0,85.0,540.0,0.0,486.0
2019,12,9E,Endeavor Air Inc.,ORF,201.0,50.0,11.76,1.53,12.72,0.0,23.99,5.0,2.0,4645.0,1724.0,183.0,952.0,0.0,1786.0
2019,12,9E,Endeavor Air Inc.,PHF,68.0,2.0,0.0,,0.0,0.0,2.0,0.0,1.0,98.0,0.0,0.0,0.0,0.0,98.0
2019,12,9E,Endeavor Air Inc.,PHL,135.0,40.0,7.83,0.0,20.95,0.0,11.22,1.0,0.0,3548.0,1473.0,0.0,1411.0,0.0,664.0
2019,12,9E,Endeavor Air Inc.,PIT,232.0,53.0,9.56,2.98,16.79,0.0,23.68,6.0,3.0,5339.0,905.0,558.0,1437.0,0.0,2439.0
2019,12,9E,Endeavor Air Inc.,PWM,131.0,36.0,8.59,2.08,10.34,0.0,14.99,2.0,0.0,2749.0,716.0,118.0,857.0,0.0,1058.0
2019,12,9E,Endeavor Air Inc.,RDU,692.0,5.0,27.92,4.03,35.16,0.0,67.9,11.0,0.0,9794.0,2155.0,365.0,1555.0,0.0,5719.0
2019,12,9E,Endeavor Air Inc.,RIC,266.0,52.0,10.56,0.05,14.51,0.0,26.89,2.0,1.0,3313.0,596.0,3.0,620.0,0.0,2094.0
2019,12,9E,Endeavor Air Inc.,ROA,58.0,2.0,1.0,0.0,1.0,0.0,0.0,0.0,1.0,59.0,44.0,0.0,15.0,0.0,0.0
2019,12,9E,Endeavor Air Inc.,ROC,165.0,41.0,8.55,1.49,11.04,0.0,19.92,1.0,0.0,3063.0,644.0,129.0,764.0,0.0,1526.0
2019,12,9E,Endeavor Air Inc.,RST,49.0,6.0,3.44,0.0,0.6,0.0,1.96,0.0,0.0,222.0,109.0,0.0,31.0,0.0,82.0
2019,12,9E,Endeavor Air Inc.,RSW,11.0,4.0,0.12,0.0,1.05,0.0,2.83,0.0,0.0,228.0,3.0,0.0,37.0,0.0,188.0
2019,12,9E,Endeavor Air Inc.,SAV,137.0,3.0,6.0,0.0,10.24,0.0,16.76,1.0,0.0,2052.0,480.0,0.0,475.0,0.0,1097.0
2019,12,9E,Endeavor Air Inc.,SDF,30.0,4.0,1.58,0.0,1.25,0.0,1.17,0.0,0.0,254.0,27.0,0.0,83.0,0.0,144.0
2019,12,9E,Endeavor Air Inc.,SGF,116.0,9.0,3.79,1.15,1.34,0.0,2.73,0.0,0.0,443.0,181.0,75.0,35.0,0.0,152.0
2019,12,9E,Endeavor Air Inc.,SHV,116.0,9.0,4.91,1.19,1.09,0.0,1.81,0.0,1.0,442.0,238.0,28.0,20.0,0.0,156.0
2019,12,9E,Endeavor Air Inc.,STL,136.0,43.0,13.58,0.0,11.91,0.0,17.51,4.0,0.0,2615.0,711.0,0.0,581.0,0.0,1323.0
2019,12,9E,Endeavor Air Inc.,SYR,164.0,24.0,5.64,0.94,6.45,0.0,10.97,3.0,0.0,1774.0,228.0,95.0,562.0,0.0,889.0
2019,12,9E,Endeavor Air Inc.,TLH,75.0,8.0,3.3,0.07,1.98,0.0,2.66,0.0,0.0,527.0,301.0,5.0,68.0,0.0,153.0
2019,12,9E,Endeavor Air Inc.,TPA,57.0,8.0,3.45,0.0,2.18,0.0,2.37,0.0,0.0,295.0,101.0,0.0,58.0,0.0,136.0
2019,12,9E,Endeavor Air Inc.,TRI,22.0,4.0,0.0,0.25,2.0,0.0,1.75,0.0,0.0,100.0,0.0,10.0,36.0,0.0,54.0
2019,12,9E,Endeavor Air Inc.,TUL,51.0,5.0,1.37,0.0,2.0,0.0,1.63,0.0,0.0,151.0,42.0,0.0,45.0,0.0,64.0
2019,12,9E,Endeavor Air Inc.,TVC,22.0,1.0,0.13,0.0,0.0,0.0,0.87,0.0,0.0,91.0,12.0,0.0,0.0,0.0,79.0
2019,12,9E,Endeavor Air Inc.,TYS,397.0,52.0,20.73,0.0,12.66,1.0,17.61,2.0,2.0,2384.0,950.0,0.0,410.0,57.0,967.0
2019,12,9E,Endeavor Air Inc.,VPS,37.0,4.0,1.6,1.0,1.17,0.0,0.23,0.0,1.0,141.0,80.0,15.0,39.0,0.0,7.0
2019,12,9E,Endeavor Air Inc.,XNA,179.0,20.0,8.21,0.0,7.02,0.0,4.77,1.0,2.0,840.0,398.0,0.0,245.0,0.0,197.0
2019,12,AA,American Airlines,AInBcQ.,268.0,4.0,25.12,2.46,8.46,0.0,17.95,0.0,0.0,2030.0,819.0,92.0,243.0,0.0,876.0
2019,12,AA,American Airlines,AInLcB.,86.0,9.0,4.63,0.0,2.89,0.0,1.48,1.0,0.0,412.0,200.0,0.0,78.0,0.0,134.0
2019,12,AA,American Airlines,AInMcA.,28.0,7.0,3.99,0.0,0.58,0.0,2.43,0.0,0.0,307.0,193.0,0.0,11.0,0.0,103.0
2019,12,AA,American Airlines,AInTcL.,1040.0,6.0,63.63,3.38,31.99,0.0,67.0,1.0,2.0,9613.0,3959.0,245.0,1096.0,0.0,4313.0
2019,12,AA,American Airlines,AInUcS.,941.0,134.0,50.66,3.4,25.43,0.11,54.39,1.0,1.0,7926.0,3541.0,147.0,768.0,3.0,3467.0
2019,12,AA,American Airlines,BInDcL.,407.0,82.0,21.38,2.75,24.7,0.48,32.69,0.0,4.0,4429.0,1572.0,163.0,973.0,21.0,1700.0
2019,12,AA,American Airlines,BInHcM.,14.0,3.0,0.99,0.0,0.41,0.0,1.6,0.0,0.0,216.0,47.0,0.0,16.0,0.0,153.0
2019,12,AA,American Airlines,BInNcA.,692.0,119.0,54.8,0.84,25.44,0.0,37.92,0.0,1.0,6806.0,3339.0,36.0,768.0,0.0,2663.0
2019,12,AA,American Airlines,BInOcI.,59.0,8.0,5.63,0.0,0.49,0.0,1.88,0.0,0.0,263.0,205.0,0.0,17.0,0.0,41.0
2019,12,AA,American Airlines,BInOcS.,1956.0,533.0,90.93,15.68,256.1,0.03,170.26,39.0,1.0,38284.0,6200.0,1654.0,16788.0,4.0,13638.0
2019,12,AA,American Airlines,BInUcF.,84.0,9.0,4.15,0.0,1.27,0.0,3.57,0.0,0.0,305.0,116.0,0.0,40.0,0.0,149.0
2019,12,AA,American Airlines,BInWc.I,444.0,4.0,7.0,,25.11,0.23,29.82,0.0,0.0,3841.0,1023.0,96.0,636.0,27.0,2059.0
2019,12,AA,American Airlines,BInZcN.,31.0,1.0,0.29,0.0,0.0,0.0,0.71,0.0,0.0,45.0,13.0,0.0,0.0,0.0,32.0
2019,12,AA,American Airlines,CInAcE.,31.0,8.0,6.74,0.0,0.0,0.0,1.26,0.0,0.0,479.0,428.0,0.0,0.0,0.0,51.0
2019,12,AA,American Airlines,CInHcS.,149.0,24.0,10.52,0.16,5.84,0.0,7.49,0.0,0.0,1033.0,386.0,19.0,154.0,0.0,474.0
2019,12,AA,American Airlines,CInLcE.,203.0,36.0,13.11,0.47,4.25,0.0,18.16,0.0,0.0,1709.0,681.0,37.0,130.0,0.0,861.0
2019,12,AA,American Airlines,CInLcT.,8423.0,1187.0,351.63,31.74,355.92,2.93,444.78,16.0,4.0,82684.0,32486.0,3316.0,11113.0,89.0,35680.0
2019,12,AA,American Airlines,CInMcH.,252.0,1.0,17.95,0.92,9.01,0.0,23.12,0.0,0.0,2671.0,736.0,23.0,285.0,0.0,1627.0
2019,12,AA,American Airlines,CInOcS.,130.0,21.0,8.73,0.31,3.8,0.0,8.16,0.0,0.0,1096.0,373.0,15.0,99.0,0.0,609.0
2019,12,AA,American Airlines,CInVcG.,71.0,1.0,4.1,0.0,2.25,0.0,4.65,0.0,1.0,352.0,163.0,0.0,59.0,0.0,130.0
2019,12,AA,American Airlines,DInCcA.,2210.0,4.0,115.83,9.24,133.01,1.05,144.87,19.0,6.0,24715.0,8221.0,488.0,4812.0,61.0,11133.0
2019,12,AA,American Airlines,DInEcN.,862.0,183.0,69.37,1.04,55.19,0.81,56.58,1.0,0.0,10876.0,4552.0,67.0,2289.0,63.0,3905.0
2019,12,AA,American Airlines,DInFcW.,12549.0,0.0,550.92,46.6,707.34,3.84,781.29,18.0,21.0,129297.0,44343.0,3697.0,24897.0,135.0,56225.0
2019,12,AA,American Airlines,DInScM.,146.0,24.0,8.71,0.0,5.52,0.0,9.77,0.0,0.0,1127.0,502.0,0.0,142.0,0.0,483.0
2019,12,AA,American Airlines,DInTcW.,412.0,54.0,20.29,0.6,13.67,0.0,19.43,0.0,0.0,3314.0,1250.0,48.0,349.0,0.0,1667.0
2019,12,AA,American Airlines,EInGcE.,135.0,29.0,10.24,0.29,12.96,0.0,5.51,2.0,4.0,2474.0,784.0,15.0,1079.0,0.0,596.0
2019,12,AA,American Airlines,EInLcP.,157.0,40.0,16.94,1.66,7.21,0.0,14.19,0.0,0.0,1905.0,878.0,79.0,280.0,0.0,668.0
2019,12,AA,American Airlines,EInWc.R,685.0,252.0,51.75,3.75,151.3,0.05,45.15,1.0,1.0,18678.0,2824.0,173.0,11129.0,1.0,4551.0
2019,12,AA,American Airlines,EInYcW.,13.0,3.0,0.18,0.0,1.35,0.0,1.47,0.0,0.0,116.0,13.0,0.0,44.0,0.0,59.0
2019,12,AA,American Airlines,FInAcR.,14.0,2.0,0.43,0.0,0.82,0.0,0.75,1.0,0.0,1038.0,434.0,0.0,14.0,0.0,590.0
2019,12,AA,American Airlines,FInAcT.,120.0,12.0,8.09,0.0,1.85,0.0,2.06,0.0,0.0,771.0,628.0,0.0,76.0,0.0,67.0
2019,12,AA,American Airlines,FInLcL.,636.0,7.0,45.93,2.05,55.39,0.17,33.46,0.0,3.0,6168.0,1787.0,91.0,2151.0,7.0,2132.0
2019,12,AA,American Airlines,GInEcG.,79.0,15.0,6.29,0.0,3.3,0.0,5.41,0.0,0.0,669.0,244.0,0.0,92.0,0.0,333.0
2019,12,AA,American Airlines,GInRcR.,59.0,19.0,8.33,0.99,5.12,0.0,4.56,0.0,0.0,2119.0,654.0,757.0,204.0,0.0,504.0
2019,12,AA,American Airlines,GInScO.,54.0,2.0,5.31,0.15,1.49,0.0,5.04,0.0,0.0,776.0,235.0,10.0,38.0,0.0,493.0
2019,12,AA,American Airlines,GInScP.,44.0,7.0,2.52,0.0,0.66,0.0,3.82,0.0,0.0,383.0,169.0,0.0,23.0,0.0,191.0
2019,12,AA,American Airlines,GInUcC.,28.0,3.0,0.31,0.33,1.35,0.0,1.0,0.0,0.0,124.0,5.0,8.0,27.0,0.0,84.0
2019,12,AA,American Airlines,HInDcN.,28.0,9.0,1.33,0.0,4.92,0.0,2.75,0.0,0.0,503.0,69.0,0.0,171.0,0.0,263.0
2019,12,AA,American Airlines,HInNcL.,279.0,75.0,39.73,0.0,26.03,0.0,9.24,0.0,1.0,5863.0,3982.0,0.0,871.0,0.0,1010.0
2019,12,AA,American Airlines,IIAnDc.,183.0,39.0,15.74,1.82,7.89,0.27,13.28,0.0,0.0,2099.0,605.0,96.0,197.0,4.0,1197.0
2019,12,AA,American Airlines,IIAnHc.,667.0,5.0,50.17,1.31,24.82,0.95,37.74,1.0,0.0,5308.0,2246.0,58.0,759.0,20.0,2225.0
2019,12,AA,American Airlines,IICnTc.,59.0,6.0,3.98,0.0,0.7,0.0,1.32,0.0,0.0,206.0,139.0,0.0,22.0,0.0,45.0
2019,12,AA,American Airlines,IILnMc.,100.0,17.0,7.0,0.0,3.34,0.0,6.66,0.0,0.0,740.0,283.0,0.0,98.0,0.0,359.0
2019,12,AA,American Airlines,IINnDc.,345.0,55.0,15.7,0.0,14.42,0.15,24.73,0.0,0.0,2688.0,708.0,0.0,382.0,4.0,1594.0
2019,12,AA,American Airlines,JIAncC.,47.0,8.0,5.06,0.0,1.08,0.0,1.86,0.0,2.0,338.0,180.0,0.0,25.0,0.0,133.0
2019,12,AA,American Airlines,JIAncX.,356.0,65.0,30.32,0.56,11.68,0.0,22.44,0.0,0.0,4057.0,2010.0,24.0,404.0,0.0,1619.0
2019,12,AA,American Airlines,JIFncK.,1262.0,235.0,73.44,0.99,94.29,0.94,65.33,4.0,1.0,14807.0,5833.0,34.0,4354.0,16.0,4570.0
2019,12,AA,American Airlines,KInOcA.,79.0,5.0,6.16,0.0,6.48,0.0,2.36,0.0,0.0,581.0,232.0,0.0,151.0,0.0,198.0
2019,12,AA,American Airlines,LInAcS.,1211.0,247.0,81.67,3.68,80.33,2.85,78.48,0.0,0.0,14108.0,4824.0,177.0,4155.0,148.0,4804.0
2019,12,AA,American Airlines,LInAcX.,3872.0,891.0,243.4,15.52,396.43,2.49,233.16,6.0,8.0,54396.0,19349.0,1418.0,13328.0,167.0,20134.0
2019,12,AA,American Airlines,LInBcB.,60.0,4.0,5.02,1.49,0.23,0.0,7.25,0.0,0.0,1508.0,327.0,579.0,15.0,0.0,587.0
2019,12,AA,American Airlines,LInGcA.,1953.0,507.0,83.29,8.79,250.56,0.0,164.36,23.0,11.0,33027.0,4608.0,579.0,14798.0,0.0,13042.0
2019,12,AA,American Airlines,LInIHc.,107.0,33.0,12.15,0.0,10.13,0.0,10.72,0.0,0.0,1961.0,775.0,0.0,343.0,0.0,843.0
2019,12,AA,American Airlines,LInITc.,16.0,1.0,0.04,0.0,0.02,0.0,0.95,0.0,0.0,57.0,2.0,0.0,1.0,0.0,54.0
2019,12,AA,American Airlines,MInAcF.,71.0,5.0,6.2,1.0,0.03,0.0,7.76,0.0,0.0,1028.0,423.0,38.0,4.0,0.0,563.0
2019,12,AA,American Airlines,MInCcI.,348.0,68.0,37.97,0.39,6.7,0.0,22.95,0.0,0.0,3766.0,1772.0,22.0,259.0,0.0,1713.0
2019,12,AA,American Airlines,MInCcO.,1593.0,282.0,105.19,3.36,87.76,0.81,84.88,0.0,2.0,14103.0,5858.0,175.0,2897.0,13.0,5160.0
2019,12,AA,American Airlines,MInDcT.,53.0,8.0,2.63,0.0,0.92,0.0,4.45,0.0,0.0,403.0,137.0,0.0,28.0,0.0,238.0
2019,12,AA,American Airlines,MInEcM.,383.0,69.0,32.38,0.53,10.82,0.0,25.26,0.0,0.0,3291.0,1418.0,34.0,360.0,0.0,1479.0
2019,12,AA,American Airlines,MInFcE.,91.0,9.0,7.44,0.17,3.35,0.0,8.04,0.0,0.0,1378.0,758.0,12.0,109.0,0.0,499.0
2019,12,AA,American Airlines,MInIcA.,4479.0,780.0,274.24,19.06,228.13,6.18,252.38,2.0,11.0,50574.0,21065.0,947.0,7669.0,226.0,20667.0
2019,12,AA,American Airlines,MInKcE.,124.0,21.0,7.12,1.0,2.59,0.0,10.28,0.0,0.0,1499.0,615.0,22.0,127.0,0.0,735.0
2019,12,AA,American Airlines,MInScN.,17.0,4.0,1.0,0.0,1.26,0.0,1.74,0.0,0.0,108.0,19.0,0.0,24.0,0.0,65.0
2019,12,AA,American Airlines,MInScP.,530.0,4.0,37.69,0.92,19.78,0.0,25.6,0.0,0.0,4901.0,2622.0,41.0,819.0,0.0,1419.0
2019,12,AA,American Airlines,MInScY.,562.0,2.0,34.11,3.12,20.74,0.8,43.23,1.0,3.0,7667.0,2241.0,554.0,675.0,21.0,4176.0
2019,12,AA,American Airlines,MInTcJ.,30.0,4.0,0.56,0.0,1.39,0.0,2.05,0.0,0.0,220.0,23.0,0.0,38.0,0.0,159.0
2019,12,AA,American Airlines,MInYcR.,47.0,5.0,3.15,0.0,0.2,0.0,1.65,0.0,0.0,145.0,112.0,0.0,3.0,0.0,30.0
2019,12,AA,American Airlines,OInAcK.,86.0,12.0,4.24,0.0,2.05,0.0,5.72,0.0,0.0,391.0,135.0,0.0,56.0,0.0,200.0
2019,12,AA,American Airlines,OInGcG.,198.0,43.0,18.59,0.0,14.14,0.0,10.27,0.0,0.0,2376.0,1313.0,0.0,449.0,0.0,614.0
2019,12,AA,American Airlines,OInKcC.,131.0,22.0,10.75,0.44,1.53,0.0,9.28,0.0,0.0,1016.0,519.0,14.0,39.0,0.0,444.0
2019,12,AA,American Airlines,OInMc.A,166.0,24.0,6.16,0.95,5.39,0.0,11.5,0.0,0.0,1812.0,758.0,15.0,156.0,0.0,883.0
2019,12,AA,American Airlines,OInNcT.,312.0,63.0,28.8,1.58,9.64,0.0,22.98,1.0,0.0,3053.0,1379.0,60.0,258.0,0.0,1356.0
2019,12,AA,American Airlines,OInRcD.,5349.0,878.0,229.62,11.55,319.51,1.15,316.18,9.0,2.0,56518.0,21450.0,728.0,10911.0,26.0,23403.0
2019,12,AA,American Airlines,OInRcF.,147.0,20.0,9.02,0.0,3.73,0.0,7.25,0.0,1.0,872.0,359.0,0.0,120.0,0.0,393.0
2019,12,AA,American Airlines,PInBcI.,500.0,9.0,34.7,3.25,31.12,0.0,29.93,1.0,0.0,4305.0,1404.0,89.0,818.0,0.0,1994.0
2019,12,AA,American Airlines,PInDcX.,276.0,54.0,21.38,1.12,11.23,1.74,18.53,0.0,0.0,3013.0,1718.0,19.0,363.0,38.0,875.0
2019,12,AA,American Airlines,PInHcL.,3649.0,781.0,186.3,20.26,311.49,0.77,262.17,7.0,2.0,56668.0,18359.0,1677.0,15153.0,20.0,21459.0
2019,12,AA,American Airlines,PInHcX.,5226.0,907.0,274.22,18.15,297.62,3.92,313.09,11.0,4.0,61822.0,27203.0,1430.0,9371.0,128.0,23690.0
2019,12,AA,American Airlines,PInITc.,539.0,91.0,36.79,2.02,20.33,0.0,31.86,2.0,0.0,4602.0,1458.0,503.0,563.0,0.0,2078.0
2019,12,AA,American Airlines,PInNcS.,54.0,9.0,5.69,0.0,0.0,0.0,3.31,0.0,0.0,343.0,216.0,0.0,0.0,0.0,127.0
2019,12,AA,American Airlines,PInScP.,133.0,21.0,6.74,0.53,8.55,0.0,5.18,0.0,0.0,859.0,327.0,25.0,263.0,0.0,244.0
2019,12,AA,American Airlines,PInVcD.,159.0,22.0,9.01,0.0,4.51,0.0,8.48,0.0,0.0,900.0,300.0,0.0,119.0,0.0,481.0
2019,12,AA,American Airlines,PInWc.M,73.0,9.0,1.97,0.7,4.1,0.0,2.22,0.0,0.0,849.0,41.0,441.0,138.0,0.0,229.0
2019,12,AA,American Airlines,RInDcU.,984.0,1.0,54.01,3.42,33.06,0.0,60.51,0.0,2.0,9328.0,4009.0,148.0,1068.0,0.0,4103.0
2019,12,AA,American Airlines,RInICc.,213.0,38.0,14.76,0.0,7.65,0.05,15.54,0.0,1.0,2743.0,892.0,0.0,188.0,1.0,1662.0
2019,12,AA,American Airlines,RInNcO.,198.0,32.0,12.03,0.0,11.16,0.0,8.81,0.0,0.0,1102.0,340.0,0.0,318.0,0.0,444.0
2019,12,AA,American Airlines,RInScW.,514.0,90.0,35.92,3.88,28.2,0.0,22.0,0.0,0.0,4665.0,1606.0,128.0,797.0,0.0,2134.0
2019,12,AA,American Airlines,SInAcN.,769.0,138.0,50.07,4.87,52.24,1.23,29.59,0.0,5.0,6040.0,2504.0,197.0,1607.0,44.0,1688.0
2019,12,AA,American Airlines,SInAcT.,705.0,109.0,54.59,2.71,15.25,0.05,36.4,0.0,1.0,5779.0,3179.0,115.0,421.0,1.0,2063.0
2019,12,AA,American Airlines,SInAcV.,95.0,3.0,6.2,0.27,0.25,0.0,6.28,0.0,0.0,558.0,191.0,22.0,6.0,0.0,339.0
2019,12,AA,American Airlines,SInBcA.,43.0,3.0,0.14,0.0,0.14,0.0,2.72,0.0,0.0,206.0,11.0,0.0,15.0,0.0,180.0
2019,12,AA,American Airlines,SInDcF.,28.0,2.0,4.22,0.0,0.8,0.0,6.98,0.0,0.0,1360.0,645.0,0.0,52.0,0.0,663.0
2019,12,AA,American Airlines,SInEcA.,574.0,108.0,43.93,1.52,28.07,0.62,33.86,0.0,1.0,5313.0,2390.0,38.0,792.0,48.0,2045.0
2019,12,AA,American Airlines,SInFcO.,1149.0,409.0,73.19,3.92,264.31,0.0,67.59,7.0,10.0,28922.0,3890.0,423.0,19714.0,0.0,4895.0
2019,12,AA,American Airlines,SInJcC.,278.0,8.0,23.54,0.24,16.5,0.0,17.72,0.0,0.0,2350.0,927.0,47.0,475.0,0.0,901.0
2019,12,AA,American Airlines,SInJcU.,335.0,65.0,33.27,0.67,11.93,0.0,19.13,0.0,0.0,4419.0,2025.0,32.0,371.0,0.0,1991.0
2019,12,AA,American Airlines,SInLcC.,383.0,72.0,32.61,1.93,18.52,0.0,18.94,0.0,1.0,3146.0,1685.0,42.0,512.0,0.0,907.0
2019,12,AA,American Airlines,SInMcF.,351.0,52.0,20.53,1.52,12.22,0.0,17.73,0.0,1.0,2164.0,921.0,152.0,381.0,0.0,710.0
2019,12,AA,American Airlines,SInNcA.,524.0,1.0,32.72,4.02,25.48,0.94,17.84,0.0,6.0,3382.0,1257.0,188.0,712.0,17.0,1208.0
2019,12,AA,American Airlines,SInRcQ.,82.0,1.0,5.61,0.69,2.05,0.0,2.65,0.0,0.0,454.0,270.0,25.0,67.0,0.0,92.0
2019,12,AA,American Airlines,SInTcL.,612.0,104.0,40.83,3.18,17.41,0.0,42.57,1.0,0.0,6341.0,2495.0,170.0,668.0,0.0,3008.0
2019,12,AA,American Airlines,SInTcT.,123.0,20.0,10.47,0.0,2.93,0.0,6.6,0.0,1.0,1161.0,702.0,0.0,103.0,0.0,356.0
2019,12,AA,American Airlines,SInTcX.,62.0,7.0,3.81,0.0,1.03,0.0,2.16,0.0,0.0,397.0,260.0,0.0,18.0,0.0,119.0
2019,12,AA,American Airlines,SInYcR.,99.0,18.0,8.85,0.39,2.45,0.0,6.31,0.0,1.0,962.0,503.0,18.0,69.0,0.0,372.0
2019,12,AA,American Airlines,TInPcA.,1131.0,181.0,69.72,5.58,40.64,0.47,64.59,0.0,5.0,8865.0,3239.0,188.0,1360.0,8.0,4070.0
2019,12,AA,American Airlines,TInUcL.,225.0,51.0,28.27,0.93,3.27,0.0,18.53,0.0,0.0,2373.0,1160.0,45.0,101.0,0.0,1067.0
2019,12,AA,American Airlines,TInUcS.,320.0,79.0,46.14,1.61,12.7,0.0,18.55,0.0,0.0,3189.0,1691.0,133.0,411.0,0.0,954.0
2019,12,AA,American Airlines,VInPcS.,52.0,7.0,2.79,0.0,0.85,0.0,3.37,1.0,0.0,451.0,110.0,0.0,29.0,0.0,312.0
2019,12,AA,American Airlines,XInNcA.,26.0,6.0,1.41,0.0,0.63,0.0,3.96,0.0,0.0,409.0,67.0,0.0,14.0,0.0,328.0
2019,12,AS,Alaska Airlines In,cA.BQ,31.0,4.0,5.52,0.0,2.15,0.0,6.33,0.0,0.0,452.0,184.0,0.0,68.0,0.0,200.0
2019,12,AS,Alaska Airlines In,cA.DK,8.0,1.0,0.0,0.0,0.0,0.0,1.0,1.0,0.0,108.0,0.0,0.0,0.0,0.0,108.0
2019,12,AS,Alaska Airlines In,cA.DQ,54.0,7.0,4.41,0.01,1.59,0.0,0.99,8.0,0.0,329.0,180.0,1.0,51.0,0.0,97.0
2019,12,AS,Alaska Airlines In,cA.NC,1223.0,3.0,69.34,6.97,49.59,9.02,98.08,23.0,1.0,12941.0,3408.0,261.0,1644.0,345.0,7283.0
2019,12,AS,Alaska Airlines In,cA.TL,62.0,6.0,3.0,0.0,0.0,0.0,3.0,0.0,0.0,359.0,238.0,0.0,0.0,0.0,121.0
2019,12,AS,Alaska Airlines In,cA.US,237.0,59.0,16.47,0.0,19.26,0.0,23.27,1.0,0.0,3582.0,1146.0,0.0,620.0,0.0,1816.0
2019,12,AS,Alaska Airlines In,cB.ET,68.0,10.0,5.87,0.94,1.2,0.0,2.0,2.0,0.0,475.0,278.0,89.0,25.0,0.0,83.0
2019,12,AS,Alaska Airlines In,cB.NA,61.0,29.0,16.06,0.0,7.59,0.0,5.34,0.0,0.0,1344.0,768.0,0.0,242.0,0.0,334.0
2019,12,AS,Alaska Airlines In,cB.OI,55.0,16.0,6.95,0.0,2.53,0.0,6.52,0.0,0.0,998.0,428.0,0.0,86.0,0.0,484.0
2019,12,AS,Alaska Airlines In,cB.OS,215.0,69.0,11.96,2.28,47.07,0.0,7.69,1.0,0.0,3925.0,598.0,90.0,2963.0,0.0,274.0
2019,12,AS,Alaska Airlines In,cB.RW,62.0,8.0,1.0,0.0,2.97,0.0,4.03,0.0,2.0,470.0,17.0,0.0,120.0,0.0,333.0
2019,12,AS,Alaska Airlines In,cB.UR,153.0,45.0,17.76,0.0,15.43,0.0,11.81,2.0,0.0,2556.0,973.0,0.0,573.0,0.0,1010.0
2019,12,AS,Alaska Airlines In,cB.WI,60.0,8.0,7.0,,6.91,0.0,5.02,0.0,0.0,704.0,316.0,0.0,162.0,0.0,226.0
2019,12,AS,Alaska Airlines In,cC.DV,60.0,12.0,4.33,1.95,2.43,0.0,3.29,2.0,0.0,909.0,497.0,177.0,81.0,0.0,154.0
2019,12,AS,Alaska Airlines In,cC.HS,27.0,4.0,1.44,0.0,1.56,0.0,1.0,0.0,0.0,121.0,48.0,0.0,50.0,0.0,23.0
2019,12,AS,Alaska Airlines In,cC.MH,31.0,6.0,7.26,0.0,7.32,0.0,1.42,0.0,0.0,1029.0,738.0,0.0,243.0,0.0,48.0
2019,12,AS,Alaska Airlines In,cD.CA,155.0,6.0,22.32,0.0,21.73,0.0,1.96,1.0,0.0,2216.0,1360.0,0.0,589.0,0.0,267.0
2019,12,AS,Alaska Airlines In,cD.EN,164.0,52.0,19.83,0.08,19.25,0.0,12.84,2.0,0.0,2619.0,1105.0,2.0,803.0,0.0,709.0
2019,12,AS,Alaska Airlines In,cD.FW,122.0,2.0,8.02,0.0,7.29,0.0,6.69,2.0,0.0,1161.0,317.0,0.0,283.0,0.0,561.0
2019,12,AS,Alaska Airlines In,cD.TW,31.0,6.0,3.62,0.0,2.38,0.0,0.0,0.0,0.0,538.0,363.0,0.0,175.0,0.0,0.0
2019,12,AS,Alaska Airlines In,cE.WR,338.0,111.0,18.84,2.79,77.56,0.0,11.81,1.0,1.0,8114.0,1345.0,396.0,5786.0,0.0,587.0
2019,12,AS,Alaska Airlines In,cF.AI,315.0,60.0,23.92,0.0,12.12,0.41,23.55,3.0,0.0,3136.0,1383.0,0.0,375.0,9.0,1369.0
2019,12,AS,Alaska Airlines In,cF.LL,152.0,4.0,13.59,0.0,20.56,0.0,9.85,0.0,3.0,2334.0,787.0,0.0,869.0,0.0,678.0
2019,12,AS,Alaska Airlines In,cG.EG,153.0,52.0,15.57,0.0,5.68,1.0,29.75,0.0,0.0,3631.0,1226.0,0.0,247.0,31.0,2127.0
2019,12,AS,Alaska Airlines In,cH.NL,294.0,71.0,22.57,1.54,38.59,0.44,7.85,1.0,4.0,3748.0,1859.0,50.0,1379.0,11.0,449.0
2019,12,AS,Alaska Airlines In,cIA.D,146.0,39.0,16.41,0.0,13.87,0.0,8.72,1.0,0.0,2388.0,1379.0,0.0,499.0,0.0,510.0
2019,12,AS,Alaska Airlines In,cIA.H,62.0,2.0,4.31,0.0,4.14,0.0,3.55,0.0,0.0,373.0,125.0,0.0,143.0,0.0,105.0
2019,12,AS,Alaska Airlines In,cIN.D,31.0,13.0,5.47,0.0,5.24,0.0,2.3,0.0,0.0,567.0,250.0,0.0,163.0,0.0,154.0
2019,12,AS,Alaska Airlines In,cJ.FK,427.0,114.0,32.23,1.36,50.57,0.82,29.02,2.0,1.0,6721.0,2156.0,114.0,2333.0,14.0,2104.0
2019,12,AS,Alaska Airlines In,cJ.NU,354.0,62.0,21.77,0.85,15.02,0.0,24.36,6.0,8.0,3488.0,1423.0,17.0,448.0,0.0,1600.0
2019,12,AS,Alaska Airlines In,cK.OA,220.0,1.0,9.62,1.16,26.54,0.0,3.68,2.0,1.0,2170.0,1056.0,33.0,843.0,0.0,238.0
2019,12,AS,Alaska Airlines In,cK.TN,179.0,26.0,10.26,0.0,5.91,0.0,9.82,3.0,4.0,1441.0,554.0,0.0,190.0,0.0,697.0
2019,12,AS,Alaska Airlines In,cL.AS,657.0,188.0,48.87,0.69,69.56,1.0,67.88,7.0,0.0,11296.0,3236.0,61.0,3680.0,107.0,4212.0
2019,12,AS,Alaska Airlines In,cL.AX,1588.0,420.0,96.83,6.47,178.1,1.73,136.87,22.0,4.0,24575.0,7024.0,350.0,7439.0,32.0,9730.0
2019,12,AS,Alaska Airlines In,cL.IH,163.0,33.0,9.37,0.55,21.37,0.0,1.72,1.0,1.0,1813.0,910.0,18.0,850.0,0.0,35.0
2019,12,AS,Alaska Airlines In,cM.CI,62.0,18.0,4.1,0.0,4.33,0.0,9.57,1.0,0.0,746.0,253.0,0.0,124.0,0.0,369.0
2019,12,AS,Alaska Airlines In,cM.CO,146.0,29.0,5.91,0.0,19.41,0.0,3.68,0.0,0.0,1668.0,449.0,0.0,1023.0,0.0,196.0
2019,12,AS,Alaska Airlines In,cM.KE,31.0,5.0,0.02,0.0,2.56,0.0,2.42,0.0,0.0,225.0,2.0,0.0,64.0,0.0,159.0
2019,12,AS,Alaska Airlines In,cM.SP,91.0,1.0,7.76,0.0,5.8,0.0,7.43,0.0,0.0,1060.0,344.0,0.0,335.0,0.0,381.0
2019,12,AS,Alaska Airlines In,cM.SY,93.0,0.0,5.41,0.0,16.19,0.0,8.4,0.0,0.0,1828.0,680.0,0.0,463.0,0.0,685.0
2019,12,AS,Alaska Airlines In,cO.AK,204.0,43.0,8.18,0.0,15.45,0.0,19.36,1.0,0.0,2155.0,356.0,0.0,673.0,0.0,1126.0
2019,12,AS,Alaska Airlines In,cO.GG,371.0,84.0,21.84,0.0,48.88,0.45,12.83,1.0,3.0,4831.0,1983.0,0.0,1870.0,18.0,960.0
2019,12,AS,Alaska Airlines In,cO.MA,31.0,7.0,1.19,0.0,1.06,0.0,4.75,0.0,0.0,379.0,59.0,0.0,25.0,0.0,295.0
2019,12,AS,Alaska Airlines In,cO.ME,60.0,4.0,0.0,0.18,1.81,0.0,2.01,1.0,0.0,145.0,0.0,7.0,38.0,0.0,100.0
2019,12,AS,Alaska Airlines In,cO.NT,155.0,28.0,13.16,0.0,5.25,0.0,9.59,0.0,0.0,1667.0,943.0,0.0,223.0,0.0,501.0
2019,12,AS,Alaska Airlines In,cO.RD,273.0,81.0,28.39,0.0,27.08,0.0,25.53,2.0,0.0,4401.0,1885.0,0.0,890.0,0.0,1626.0
2019,12,AS,Alaska Airlines In,cO.TZ,60.0,4.0,2.0,1.0,1.0,0.0,0.0,0.0,0.0,160.0,113.0,29.0,18.0,0.0,0.0
2019,12,AS,Alaska Airlines In,cP.DX,1661.0,323.0,80.31,3.48,85.99,0.79,152.44,19.0,0.0,19349.0,5564.0,175.0,2923.0,15.0,10672.0
2019,12,AS,Alaska Airlines In,cP.HL,62.0,13.0,4.85,0.0,6.59,0.0,1.56,0.0,0.0,523.0,229.0,0.0,253.0,0.0,41.0
2019,12,AS,Alaska Airlines In,cP.HX,260.0,73.0,24.03,0.0,21.63,0.92,26.43,1.0,0.0,3903.0,1454.0,0.0,790.0,135.0,1524.0
2019,12,AS,Alaska Airlines In,cP.IT,31.0,7.0,5.63,0.0,1.37,0.0,0.0,0.0,0.0,518.0,470.0,0.0,48.0,0.0,0.0
2019,12,AS,Alaska Airlines In,cP.SG,60.0,12.0,3.8,0.0,3.95,0.0,4.24,2.0,0.0,519.0,108.0,0.0,113.0,0.0,298.0
2019,12,AS,Alaska Airlines In,cP.SP,181.0,49.0,9.96,0.0,13.94,0.0,25.1,3.0,1.0,3078.0,719.0,0.0,454.0,0.0,1905.0
2019,12,AS,Alaska Airlines In,cR.DU,31.0,8.0,1.98,1.0,4.28,0.0,0.74,0.0,0.0,455.0,222.0,28.0,185.0,0.0,20.0
2019,12,AS,Alaska Airlines In,cR.NO,31.0,8.0,3.94,0.0,0.62,0.0,3.44,0.0,1.0,518.0,222.0,0.0,12.0,0.0,284.0
2019,12,AS,Alaska Airlines In,cS.AN,747.0,193.0,41.48,0.32,80.63,0.59,69.98,9.0,3.0,9449.0,2206.0,15.0,2940.0,23.0,4265.0
2019,12,AS,Alaska Airlines In,cS.AT,62.0,15.0,4.78,0.0,4.05,0.0,6.18,0.0,0.0,718.0,231.0,0.0,160.0,0.0,327.0
2019,12,AS,Alaska Airlines In,cS.BA,31.0,8.0,3.22,0.0,1.73,0.0,3.05,0.0,1.0,447.0,174.0,0.0,73.0,0.0,200.0
2019,12,AS,Alaska Airlines In,cS.CC,84.0,10.0,4.94,0.0,1.2,0.0,3.86,0.0,0.0,776.0,360.0,0.0,101.0,0.0,315.0
2019,12,AS,Alaska Airlines In,cS.EA,5754.0,1451.0,272.69,17.24,637.24,4.32,519.51,53.0,4.0,79347.0,16760.0,1290.0,24126.0,105.0,37066.0
2019,12,AS,Alaska Airlines In,cS.FO,1808.0,601.0,89.23,3.58,337.0,1.0,170.18,38.0,0.0,40938.0,6387.0,402.0,21088.0,22.0,13039.0
2019,12,AS,Alaska Airlines In,cS.IT,89.0,15.0,7.16,0.0,0.39,0.0,7.45,2.0,1.0,745.0,407.0,0.0,11.0,0.0,327.0
2019,12,AS,Alaska Airlines In,cS.JC,609.0,5.0,47.35,0.88,48.39,0.81,57.57,7.0,1.0,10072.0,4158.0,38.0,1653.0,13.0,4210.0
2019,12,AS,Alaska Airlines In,cS.LC,60.0,15.0,5.24,0.0,1.18,0.0,8.59,1.0,0.0,779.0,404.0,0.0,32.0,0.0,343.0
2019,12,AS,Alaska Airlines In,cS.MF,234.0,47.0,13.97,0.0,12.91,0.67,19.45,1.0,0.0,2464.0,816.0,0.0,417.0,16.0,1215.0
2019,12,AS,Alaska Airlines In,cS.NA,372.0,4.0,18.23,2.05,28.42,0.0,25.3,2.0,4.0,3171.0,886.0,82.0,862.0,0.0,1341.0
2019,12,AS,Alaska Airlines In,cS.TL,62.0,16.0,5.13,0.0,3.82,0.0,7.05,0.0,0.0,750.0,292.0,0.0,121.0,0.0,337.0
2019,12,AS,Alaska Airlines In,cT.PA,47.0,15.0,6.6,0.0,4.48,0.0,3.93,0.0,0.0,888.0,510.0,0.0,132.0,0.0,246.0
2019,12,AS,Alaska Airlines In,cT.US,31.0,9.0,3.86,0.0,2.49,0.0,2.65,0.0,0.0,424.0,170.0,0.0,98.0,0.0,156.0
2019,12,AS,Alaska Airlines In,cW.RG,60.0,16.0,4.53,0.6,5.63,0.0,5.24,1.0,1.0,646.0,181.0,9.0,154.0,0.0,302.0
2019,12,AS,Alaska Airlines In,cY.AK,60.0,12.0,1.0,0.89,1.58,0.0,8.52,2.0,1.0,767.0,28.0,51.0,55.0,0.0,633.0
2019,12,B6,JetBlue Airways,ABQ,27.0,7.0,2.69,0.0,2.48,0.31,1.52,0.0,0.0,556.0,309.0,0.0,103.0,17.0,127.0
2019,12,B6,JetBlue Airways,ALB,62.0,13.0,4.95,0.0,5.31,0.0,2.74,0.0,0.0,856.0,390.0,0.0,223.0,0.0,243.0
2019,12,B6,JetBlue Airways,ATL,278.0,6.0,45.28,0.24,22.16,0.0,28.31,3.0,1.0,7977.0,3467.0,13.0,1327.0,0.0,3170.0
2019,12,B6,JetBlue Airways,AUS,202.0,63.0,27.37,0.72,16.02,0.0,18.89,0.0,0.0,5387.0,2258.0,212.0,941.0,0.0,1976.0
2019,12,B6,JetBlue Airways,BDL,281.0,105.0,31.86,0.25,13.57,0.0,59.31,2.0,2.0,8791.0,2620.0,72.0,619.0,0.0,5480.0
2019,12,B6,JetBlue Airways,BNA,92.0,31.0,10.26,0.01,12.21,0.0,8.52,0.0,1.0,2968.0,1333.0,1.0,681.0,0.0,953.0
2019,12,B6,JetBlue Airways,BOS,4494.0,1472.0,328.55,9.32,497.19,1.15,635.79,76.0,8.0,160383.0,37593.0,2093.0,45481.0,37.0,75179.0
2019,12,B6,JetBlue Airways,BQN,134.0,40.0,16.29,0.5,1.78,0.71,20.73,0.0,0.0,3112.0,1087.0,123.0,152.0,89.0,1661.0
2019,12,B6,JetBlue Airways,BTV,93.0,39.0,18.8,0.7,3.05,0.0,16.45,0.0,0.0,2527.0,1174.0,76.0,128.0,0.0,1149.0
2019,12,B6,JetBlue Airways,BUF,359.0,113.0,48.55,2.66,21.0,0.0,40.79,0.0,2.0,13024.0,5553.0,275.0,1319.0,0.0,5877.0
2019,12,B6,JetBlue Airways,BUR,70.0,21.0,7.88,0.0,8.28,0.0,4.84,1.0,3.0,2005.0,1198.0,0.0,424.0,0.0,383.0
2019,12,B6,JetBlue Airways,BWI,111.0,8.0,1.0,,6.35,0.0,10.04,4.0,0.0,3721.0,1598.0,0.0,570.0,0.0,1553.0
2019,12,B6,JetBlue Airways,BZN,6.0,1.0,0.0,0.0,0.0,0.0,1.0,0.0,0.0,29.0,0.0,0.0,0.0,0.0,29.0
2019,12,B6,JetBlue Airways,CHS,148.0,38.0,17.78,1.77,9.13,0.0,9.32,0.0,0.0,3115.0,1324.0,388.0,562.0,0.0,841.0
2019,12,B6,JetBlue Airways,CLE,130.0,44.0,21.58,0.0,8.23,0.0,14.2,3.0,0.0,4397.0,2018.0,0.0,478.0,0.0,1901.0
2019,12,B6,JetBlue Airways,CLT,116.0,37.0,15.53,0.25,9.46,0.0,11.77,2.0,0.0,3825.0,1062.0,52.0,617.0,0.0,2094.0
2019,12,B6,JetBlue Airways,DCA,825.0,6.0,95.14,2.95,83.73,0.0,74.18,6.0,1.0,24033.0,8697.0,385.0,5082.0,0.0,9869.0
2019,12,B6,JetBlue Airways,DEN,84.0,27.0,9.89,0.66,9.77,0.0,6.68,0.0,0.0,2008.0,730.0,156.0,523.0,0.0,599.0
2019,12,B6,JetBlue Airways,DFW,45.0,6.0,6.14,0.0,6.95,0.0,2.91,0.0,0.0,1193.0,400.0,0.0,472.0,0.0,321.0
2019,12,B6,JetBlue Airways,DTW,98.0,28.0,11.79,0.0,7.04,0.12,9.05,1.0,0.0,2637.0,790.0,0.0,563.0,16.0,1268.0
2019,12,B6,JetBlue Airways,EWR,877.0,391.0,76.33,3.21,210.43,0.0,101.03,14.0,3.0,37560.0,7187.0,498.0,18467.0,0.0,11408.0
2019,12,B6,JetBlue Airways,FLL,2236.0,9.0,281.06,11.52,176.96,0.61,308.85,5.0,11.0,64828.0,23083.0,2222.0,8645.0,19.0,30859.0
2019,12,B6,JetBlue Airways,HDN,10.0,2.0,0.35,0.0,1.65,0.0,0.0,0.0,0.0,151.0,47.0,0.0,104.0,0.0,0.0
2019,12,B6,JetBlue Airways,HPN,370.0,139.0,63.42,0.0,19.93,0.32,55.34,1.0,3.0,10376.0,4455.0,0.0,820.0,31.0,5070.0
2019,12,B6,JetBlue Airways,IAH,62.0,2.0,8.79,0.73,5.69,0.0,6.79,0.0,0.0,1765.0,879.0,116.0,349.0,0.0,421.0
2019,12,B6,JetBlue Airways,JAX,268.0,83.0,40.43,0.0,19.54,0.0,23.03,0.0,0.0,6853.0,3503.0,0.0,963.0,0.0,2387.0
2019,12,B6,JetBlue Airways,JFK,3462.0,1048.0,340.45,6.8,266.95,1.54,432.26,9.0,5.0,89508.0,29667.0,1270.0,15017.0,35.0,43519.0
2019,12,B6,JetBlue Airways,LAS,337.0,103.0,38.87,1.8,29.75,0.0,32.58,0.0,0.0,8351.0,3030.0,208.0,2065.0,0.0,3048.0
2019,12,B6,JetBlue Airways,LAX,617.0,225.0,64.36,2.01,132.5,0.52,25.61,0.0,0.0,13739.0,5501.0,85.0,4776.0,16.0,3361.0
2019,12,B6,JetBlue Airways,LGA,470.0,162.0,41.22,1.69,67.11,0.56,51.42,7.0,1.0,17810.0,4113.0,251.0,5942.0,14.0,7490.0
2019,12,B6,JetBlue Airways,LGB,678.0,198.0,60.7,0.0,38.35,0.0,98.95,1.0,6.0,17221.0,5226.0,0.0,1438.0,0.0,10557.0
2019,12,B6,JetBlue Airways,MCO,1800.0,536.0,182.17,4.05,132.9,1.48,215.41,5.0,3.0,44114.0,14790.0,537.0,6494.0,49.0,22244.0
2019,12,B6,JetBlue Airways,MSP,77.0,4.0,4.27,0.0,7.85,1.0,10.87,1.0,0.0,1843.0,274.0,0.0,406.0,22.0,1141.0
2019,12,B6,JetBlue Airways,MSY,139.0,3.0,13.03,0.0,15.83,0.0,4.14,0.0,0.0,2983.0,1799.0,0.0,761.0,0.0,423.0
2019,12,B6,JetBlue Airways,OAK,88.0,17.0,6.44,0.0,8.47,0.0,2.09,0.0,0.0,1101.0,666.0,0.0,303.0,0.0,132.0
2019,12,B6,JetBlue Airways,ONT,31.0,8.0,3.45,0.0,2.55,0.0,2.0,0.0,0.0,362.0,199.0,0.0,89.0,0.0,74.0
2019,12,B6,JetBlue Airways,ORD,189.0,71.0,27.39,1.77,20.76,0.0,21.09,2.0,1.0,6587.0,2360.0,516.0,1017.0,0.0,2694.0
2019,12,B6,JetBlue Airways,ORH,93.0,30.0,11.87,0.0,6.95,0.0,11.18,1.0,1.0,2453.0,1085.0,0.0,289.0,0.0,1079.0
2019,12,B6,JetBlue Airways,PBI,807.0,6.0,99.58,4.83,81.01,0.27,80.31,2.0,1.0,21712.0,8469.0,875.0,4421.0,10.0,7937.0
2019,12,B6,JetBlue Airways,PDX,57.0,17.0,5.53,0.39,3.0,0.0,8.08,0.0,0.0,1042.0,333.0,22.0,110.0,0.0,577.0
2019,12,B6,JetBlue Airways,PHL,276.0,88.0,30.5,0.78,35.8,0.0,20.92,9.0,2.0,9403.0,2791.0,213.0,3094.0,0.0,3305.0
2019,12,B6,JetBlue Airways,PHX,93.0,29.0,16.42,0.69,6.76,0.0,5.13,0.0,0.0,2010.0,999.0,18.0,335.0,0.0,658.0
2019,12,B6,JetBlue Airways,PIT,135.0,39.0,19.87,0.48,6.55,0.0,12.1,6.0,1.0,3125.0,1195.0,104.0,481.0,0.0,1345.0
2019,12,B6,JetBlue Airways,PSE,87.0,33.0,10.38,0.17,7.77,0.28,14.41,0.0,3.0,2307.0,590.0,8.0,439.0,17.0,1253.0
2019,12,B6,JetBlue Airways,PSP,24.0,2.0,0.73,0.0,1.27,0.0,0.0,0.0,0.0,128.0,72.0,0.0,56.0,0.0,0.0
2019,12,B6,JetBlue Airways,PVD,124.0,20.0,8.83,0.0,4.02,0.0,7.14,1.0,0.0,1448.0,752.0,0.0,165.0,0.0,531.0
2019,12,B6,JetBlue Airways,RDU,269.0,1.0,46.09,0.91,20.94,0.0,23.06,4.0,1.0,8526.0,4023.0,281.0,1083.0,0.0,3139.0
2019,12,B6,JetBlue Airways,RIC,226.0,69.0,35.7,0.0,10.9,0.0,22.4,4.0,0.0,6331.0,3227.0,0.0,783.0,0.0,2321.0
2019,12,B6,JetBlue Airways,RNO,52.0,12.0,6.65,0.0,1.91,0.0,3.44,0.0,1.0,1338.0,585.0,0.0,114.0,0.0,639.0
2019,12,B6,JetBlue Airways,ROC,124.0,37.0,13.38,0.89,6.49,1.0,15.24,1.0,0.0,3118.0,875.0,197.0,488.0,58.0,1500.0
2019,12,B6,JetBlue Airways,RSW,449.0,124.0,46.9,1.21,31.61,0.45,43.83,2.0,2.0,10894.0,3640.0,198.0,1863.0,10.0,5183.0
2019,12,B6,JetBlue Airways,SAN,172.0,45.0,16.72,0.0,22.58,0.0,5.7,0.0,1.0,2481.0,1093.0,0.0,732.0,0.0,656.0
2019,12,B6,JetBlue Airways,SAV,106.0,5.0,11.25,0.0,8.25,0.0,5.5,1.0,0.0,1682.0,741.0,0.0,411.0,0.0,530.0
2019,12,B6,JetBlue Airways,SEA,166.0,51.0,19.42,0.19,19.79,0.0,11.6,0.0,0.0,4077.0,1538.0,40.0,732.0,0.0,1767.0
2019,12,B6,JetBlue Airways,SFO,426.0,135.0,21.96,1.89,94.35,0.0,16.8,1.0,1.0,13391.0,3076.0,518.0,7803.0,0.0,1994.0
2019,12,B6,JetBlue Airways,SJC,102.0,1.0,9.22,0.0,3.49,0.0,8.29,1.0,2.0,1728.0,815.0,0.0,189.0,0.0,724.0
2019,12,B6,JetBlue Airways,SJU,954.0,334.0,154.36,2.63,72.39,0.07,104.56,2.0,0.0,23195.0,9784.0,159.0,3711.0,13.0,9528.0
2019,12,B6,JetBlue Airways,SLC,235.0,71.0,39.22,0.99,19.77,0.0,11.02,0.0,1.0,5576.0,3368.0,339.0,997.0,0.0,872.0
2019,12,B6,JetBlue Airways,SMF,92.0,20.0,8.73,0.59,4.14,0.19,6.35,0.0,0.0,1377.0,516.0,96.0,119.0,3.0,643.0
2019,12,B6,JetBlue Airways,SRQ,64.0,5.0,6.78,0.0,7.54,0.0,0.68,0.0,0.0,1010.0,590.0,0.0,354.0,0.0,66.0
2019,12,B6,JetBlue Airways,STT,65.0,20.0,7.37,0.0,1.38,0.0,11.24,0.0,0.0,1347.0,354.0,0.0,42.0,0.0,951.0
2019,12,B6,JetBlue Airways,SWF,62.0,6.0,15.46,0.0,2.5,0.0,8.04,0.0,0.0,1583.0,960.0,0.0,117.0,0.0,506.0
2019,12,B6,JetBlue Airways,SYR,124.0,38.0,21.91,0.0,5.5,0.0,10.59,3.0,0.0,3259.0,1673.0,0.0,344.0,0.0,1242.0
2019,12,B6,JetBlue Airways,TPA,467.0,147.0,66.95,0.29,35.18,0.0,44.58,2.0,3.0,11061.0,5196.0,20.0,1635.0,0.0,4210.0
2019,12,DL,Delta Air Lines In,cA.BE,20.0,1.0,0.08,0.0,0.03,0.0,0.89,0.0,0.0,125.0,10.0,0.0,4.0,0.0,111.0
2019,12,DL,Delta Air Lines In,cA.BQ,92.0,1.0,10.87,0.0,4.02,0.0,6.11,0.0,0.0,1078.0,636.0,0.0,115.0,0.0,327.0
2019,12,DL,Delta Air Lines In,cA.GS,44.0,0.0,0.0,0.0,0.0,0.0,0.0,0.0,0.0,0.0,0.0,0.0,0.0,0.0,0.0
2019,12,DL,Delta Air Lines In,cA.LB,103.0,29.0,12.82,3.37,5.43,0.0,7.38,0.0,0.0,2133.0,504.0,1101.0,208.0,0.0,320.0
2019,12,DL,Delta Air Lines In,cA.NC,111.0,6.0,7.5,0.0,4.63,0.0,3.87,0.0,0.0,479.0,242.0,0.0,118.0,0.0,119.0
2019,12,DL,Delta Air Lines In,cA.TL,19713.0,9.0,685.74,89.42,758.43,1.82,753.59,4.0,11.0,131775.0,55006.0,7998.0,26097.0,86.0,42588.0
2019,12,DL,Delta Air Lines In,cA.TW,31.0,5.0,2.8,1.36,0.2,0.0,0.64,0.0,0.0,985.0,128.0,760.0,19.0,0.0,78.0
2019,12,DL,Delta Air Lines In,cA.US,681.0,117.0,48.85,2.01,29.18,0.0,36.95,1.0,0.0,7464.0,4207.0,173.0,1091.0,0.0,1993.0
2019,12,DL,Delta Air Lines In,cA.VL,40.0,1.0,1.0,0.0,0.0,0.0,0.0,0.0,0.0,18.0,18.0,0.0,0.0,0.0,0.0
2019,12,DL,Delta Air Lines In,cA.VP,29.0,1.0,1.0,0.0,0.0,0.0,0.0,0.0,0.0,522.0,522.0,0.0,0.0,0.0,0.0
2019,12,DL,Delta Air Lines In,cB.DL,391.0,51.0,19.84,3.36,20.94,0.0,6.86,0.0,1.0,3690.0,1217.0,602.0,1289.0,0.0,582.0
2019,12,DL,Delta Air Lines In,cB.HM,246.0,1.0,11.07,1.32,2.36,0.0,6.24,0.0,0.0,889.0,546.0,48.0,49.0,0.0,246.0
2019,12,DL,Delta Air Lines In,cB.IL,61.0,6.0,4.04,0.99,0.33,0.0,0.63,0.0,1.0,1020.0,110.0,861.0,16.0,0.0,33.0
2019,12,DL,Delta Air Lines In,cB.IS,31.0,4.0,0.89,0.95,0.55,0.0,1.61,0.0,0.0,245.0,63.0,70.0,39.0,0.0,73.0
2019,12,DL,Delta Air Lines In,cB.NA,616.0,79.0,29.87,2.98,24.51,0.0,21.64,0.0,0.0,3898.0,2253.0,91.0,723.0,0.0,831.0
2019,12,DL,Delta Air Lines In,cB.OI,92.0,18.0,6.59,2.83,5.77,0.0,2.81,0.0,0.0,858.0,407.0,192.0,137.0,0.0,122.0
2019,12,DL,Delta Air Lines In,cB.OS,1549.0,422.0,72.21,12.94,239.05,0.0,97.8,11.0,0.0,34212.0,4215.0,1130.0,20793.0,0.0,8074.0
2019,12,DL,Delta Air Lines In,cB.TV,2.0,0.0,0.0,0.0,0.0,0.0,0.0,0.0,0.0,0.0,0.0,0.0,0.0,0.0,0.0
2019,12,DL,Delta Air Lines In,cB.UF,154.0,17.0,10.44,2.12,2.78,0.0,1.66,0.0,1.0,784.0,475.0,134.0,118.0,0.0,57.0
2019,12,DL,Delta Air Lines In,cB.UR,55.0,25.0,2.19,0.0,22.58,0.0,0.23,0.0,0.0,711.0,57.0,0.0,647.0,0.0,7.0
2019,12,DL,Delta Air Lines In,cB.WI,550.0,3.0,1.0,,23.3,0.0,18.52,0.0,0.0,2139.0,681.0,59.0,710.0,0.0,689.0
2019,12,DL,Delta Air Lines In,cB.ZN,134.0,4.0,11.2,2.0,2.9,0.0,7.9,0.0,0.0,1317.0,779.0,34.0,71.0,0.0,433.0
2019,12,DL,Delta Air Lines In,cC.AE,152.0,18.0,11.67,0.0,2.49,0.0,3.84,0.0,0.0,838.0,591.0,0.0,82.0,0.0,165.0
2019,12,DL,Delta Air Lines In,cC.AK,20.0,2.0,0.13,0.0,1.0,0.0,0.87,0.0,0.0,49.0,4.0,0.0,18.0,0.0,27.0
2019,12,DL,Delta Air Lines In,cC.HA,70.0,6.0,3.7,0.0,1.43,0.0,0.87,0.0,0.0,118.0,67.0,0.0,37.0,0.0,14.0
2019,12,DL,Delta Air Lines In,cC.HO,32.0,3.0,3.0,0.0,0.0,0.0,0.0,0.0,1.0,435.0,435.0,0.0,0.0,0.0,0.0
2019,12,DL,Delta Air Lines In,cC.HS,317.0,27.0,13.39,2.13,4.22,0.0,7.25,0.0,0.0,1534.0,738.0,208.0,213.0,0.0,375.0
2019,12,DL,Delta Air Lines In,cC.ID,11.0,3.0,1.5,0.0,0.0,0.0,1.5,0.0,0.0,70.0,47.0,0.0,0.0,0.0,23.0
2019,12,DL,Delta Air Lines In,cC.LE,274.0,36.0,16.8,1.39,8.66,0.0,9.16,0.0,0.0,1571.0,1025.0,49.0,225.0,0.0,272.0
2019,12,DL,Delta Air Lines In,cC.LT,608.0,84.0,29.62,2.11,35.12,0.0,17.15,0.0,0.0,4622.0,2456.0,133.0,1132.0,0.0,901.0
2019,12,DL,Delta Air Lines In,cC.MH,322.0,2.0,12.32,1.53,9.6,0.0,8.55,0.0,0.0,1188.0,561.0,48.0,326.0,0.0,253.0
2019,12,DL,Delta Air Lines In,cC.OS,29.0,6.0,3.18,0.67,0.03,0.0,2.12,0.0,0.0,373.0,169.0,48.0,1.0,0.0,155.0
2019,12,DL,Delta Air Lines In,cC.RW,32.0,1.0,0.36,0.0,0.0,0.0,0.64,0.0,1.0,22.0,8.0,0.0,0.0,0.0,14.0
2019,12,DL,Delta Air Lines In,cC.VG,796.0,6.0,24.7,6.5,23.04,0.0,41.77,0.0,0.0,4860.0,1531.0,276.0,885.0,0.0,2168.0
2019,12,DL,Delta Air Lines In,cD.AB,145.0,13.0,8.02,1.0,1.16,0.0,2.82,0.0,0.0,469.0,354.0,19.0,25.0,0.0,71.0
2019,12,DL,Delta Air Lines In,cD.AL,137.0,20.0,9.73,1.0,3.71,0.0,5.56,0.0,0.0,962.0,524.0,39.0,131.0,0.0,268.0
2019,12,DL,Delta Air Lines In,cD.AY,119.0,14.0,5.58,2.22,3.24,0.0,2.96,0.0,0.0,359.0,159.0,60.0,57.0,0.0,83.0
2019,12,DL,Delta Air Lines In,cD.CA,805.0,2.0,43.28,3.74,53.03,0.0,31.95,0.0,0.0,6111.0,2585.0,245.0,1833.0,0.0,1448.0
2019,12,DL,Delta Air Lines In,cD.EN,1016.0,172.0,60.72,5.15,67.35,0.0,38.78,0.0,0.0,9757.0,3386.0,768.0,2721.0,0.0,2882.0
2019,12,DL,Delta Air Lines In,cD.FW,917.0,2.0,60.58,2.19,62.72,0.0,46.51,0.0,3.0,9677.0,4201.0,89.0,2455.0,0.0,2932.0
2019,12,DL,Delta Air Lines In,cD.SM,58.0,4.0,2.44,0.06,0.16,0.0,1.34,0.0,0.0,194.0,138.0,3.0,3.0,0.0,50.0
2019,12,DL,Delta Air Lines In,cD.TW,4940.0,621.0,182.89,24.66,192.51,0.0,220.94,2.0,4.0,36279.0,12571.0,2745.0,6458.0,0.0,14505.0
2019,12,DL,Delta Air Lines In,cE.CP,149.0,4.0,8.23,0.0,3.04,0.0,2.73,0.0,1.0,597.0,455.0,0.0,58.0,0.0,84.0
2019,12,DL,Delta Air Lines In,cE.GE,12.0,3.0,1.64,0.0,1.36,0.0,0.0,0.0,1.0,545.0,479.0,0.0,66.0,0.0,0.0
2019,12,DL,Delta Air Lines In,cE.LP,64.0,10.0,6.0,0.0,2.81,0.0,1.19,0.0,0.0,296.0,186.0,0.0,64.0,0.0,46.0
2019,12,DL,Delta Air Lines In,cE.WR,444.0,153.0,20.08,1.01,121.85,0.0,10.06,0.0,0.0,11031.0,1344.0,39.0,9206.0,0.0,442.0
2019,12,DL,Delta Air Lines In,cE.YW,104.0,7.0,1.91,0.07,3.13,0.0,1.89,0.0,1.0,171.0,44.0,2.0,65.0,0.0,60.0
2019,12,DL,Delta Air Lines In,cF.AR,49.0,10.0,3.32,1.28,1.98,0.0,3.42,0.0,0.0,878.0,143.0,488.0,131.0,0.0,116.0
2019,12,DL,Delta Air Lines In,cF.AY,31.0,4.0,1.8,1.14,0.31,0.0,0.75,0.0,0.0,211.0,144.0,28.0,6.0,0.0,33.0
2019,12,DL,Delta Air Lines In,cF.CA,29.0,1.0,0.57,0.0,0.0,0.0,0.43,0.0,0.0,35.0,20.0,0.0,0.0,0.0,15.0
2019,12,DL,Delta Air Lines In,cF.LL,1020.0,0.0,59.18,11.14,92.53,0.0,37.15,0.0,2.0,12946.0,4786.0,720.0,5229.0,0.0,2211.0
2019,12,DL,Delta Air Lines In,cF.NT,24.0,2.0,0.83,0.0,0.5,0.0,0.67,0.0,0.0,41.0,18.0,0.0,13.0,0.0,10.0
2019,12,DL,Delta Air Lines In,cF.SD,67.0,16.0,8.96,0.84,3.54,0.0,2.65,0.0,0.0,1075.0,791.0,16.0,160.0,0.0,108.0
2019,12,DL,Delta Air Lines In,cG.EG,198.0,23.0,12.05,1.27,7.3,0.0,2.37,0.0,0.0,870.0,460.0,49.0,225.0,0.0,136.0
2019,12,DL,Delta Air Lines In,cG.NV,20.0,6.0,3.91,0.0,0.72,0.0,1.37,0.0,0.0,176.0,130.0,0.0,13.0,0.0,33.0
2019,12,DL,Delta Air Lines In,cG.PT,46.0,8.0,6.91,0.0,0.29,0.0,0.8,0.0,1.0,441.0,409.0,0.0,13.0,0.0,19.0
2019,12,DL,Delta Air Lines In,cG.RB,30.0,2.0,1.0,0.0,0.0,0.0,1.0,0.0,0.0,80.0,57.0,0.0,0.0,0.0,23.0
2019,12,DL,Delta Air Lines In,cG.RR,225.0,29.0,14.46,1.23,7.54,0.0,5.77,0.0,1.0,1274.0,627.0,64.0,423.0,0.0,160.0
2019,12,DL,Delta Air Lines In,cG.SO,171.0,6.0,5.82,0.0,0.0,0.0,0.18,0.0,0.0,163.0,158.0,0.0,0.0,0.0,5.0
2019,12,DL,Delta Air Lines In,cG.SP,192.0,9.0,2.45,0.21,1.11,1.0,4.23,0.0,0.0,279.0,72.0,13.0,21.0,35.0,138.0
2019,12,DL,Delta Air Lines In,cH.DN,22.0,2.0,0.82,0.0,1.18,0.0,0.0,0.0,0.0,130.0,83.0,0.0,47.0,0.0,0.0
2019,12,DL,Delta Air Lines In,cH.NL,239.0,44.0,21.2,2.67,13.72,0.0,6.41,0.0,1.0,2386.0,1502.0,84.0,480.0,0.0,320.0
2019,12,DL,Delta Air Lines In,cH.OU,185.0,16.0,7.56,1.07,5.25,0.0,2.12,0.0,0.0,471.0,254.0,20.0,134.0,0.0,63.0
2019,12,DL,Delta Air Lines In,cH.PN,107.0,12.0,7.18,0.0,2.14,0.0,2.68,0.0,3.0,633.0,486.0,0.0,48.0,0.0,99.0
2019,12,DL,Delta Air Lines In,cH.SV,175.0,8.0,8.88,0.14,3.59,0.0,5.4,0.0,0.0,898.0,558.0,13.0,129.0,0.0,198.0
2019,12,DL,Delta Air Lines In,cIA.D,248.0,29.0,13.1,1.52,9.19,0.0,5.18,0.0,0.0,999.0,458.0,36.0,330.0,0.0,175.0
2019,12,DL,Delta Air Lines In,cIA.H,544.0,2.0,37.15,5.92,34.14,0.6,34.19,0.0,2.0,5466.0,2011.0,334.0,1187.0,71.0,1863.0
2019,12,DL,Delta Air Lines In,cIC.T,86.0,2.0,1.49,0.0,0.05,0.0,0.47,0.0,0.0,80.0,70.0,0.0,3.0,0.0,7.0
2019,12,DL,Delta Air Lines In,cIL.M,32.0,7.0,3.4,0.0,1.17,0.0,2.43,0.0,0.0,343.0,237.0,0.0,33.0,0.0,73.0
2019,12,DL,Delta Air Lines In,cIN.D,472.0,69.0,29.24,2.66,18.87,0.0,18.23,0.0,1.0,3550.0,1521.0,132.0,597.0,0.0,1300.0
2019,12,DL,Delta Air Lines In,cJ.AC,104.0,15.0,3.36,2.0,7.01,0.0,2.63,0.0,1.0,565.0,85.0,90.0,302.0,0.0,88.0
2019,12,DL,Delta Air Lines In,cJ.AN,144.0,0.0,63.0,0.18,1.23,0.0,2.96,0.0,1.0,472.0,289.0,13.0,51.0,0.0,119.0
2019,12,DL,Delta Air Lines In,cJ.AX,482.0,59.0,26.74,4.95,13.01,0.0,14.3,0.0,1.0,2408.0,1146.0,229.0,442.0,0.0,591.0
2019,12,DL,Delta Air Lines In,cJ.FK,2786.0,529.0,140.26,10.2,217.27,0.0,161.27,5.0,9.0,35898.0,12077.0,1953.0,9307.0,0.0,12561.0
2019,12,DL,Delta Air Lines In,cK.OA,53.0,7.0,2.64,0.0,1.86,0.0,2.5,0.0,0.0,365.0,206.0,0.0,52.0,0.0,107.0
2019,12,DL,Delta Air Lines In,cL.AS,1116.0,179.0,55.9,7.89,78.39,0.0,36.81,0.0,0.0,9727.0,3770.0,525.0,3551.0,0.0,1881.0
2019,12,DL,Delta Air Lines In,cL.AX,2973.0,681.0,162.28,20.35,336.82,1.0,160.55,0.0,1.0,33836.0,9906.0,1094.0,12270.0,73.0,10493.0
2019,12,DL,Delta Air Lines In,cL.EX,56.0,4.0,1.23,0.47,1.36,0.0,0.94,0.0,0.0,111.0,36.0,9.0,42.0,0.0,24.0
2019,12,DL,Delta Air Lines In,cL.FT,18.0,1.0,1.0,0.0,0.0,0.0,0.0,0.0,0.0,109.0,109.0,0.0,0.0,0.0,0.0
2019,12,DL,Delta Air Lines In,cL.GA,2499.0,616.0,102.23,11.22,343.55,0.0,158.99,1.0,7.0,42413.0,7071.0,1556.0,19801.0,0.0,13985.0
2019,12,DL,Delta Air Lines In,cL.GB,20.0,3.0,1.0,0.0,2.0,0.0,0.0,0.0,0.0,99.0,28.0,0.0,71.0,0.0,0.0
2019,12,DL,Delta Air Lines In,cL.IH,44.0,7.0,2.45,0.0,4.55,0.0,0.0,0.0,0.0,395.0,260.0,0.0,135.0,0.0,0.0
2019,12,DL,Delta Air Lines In,cL.IT,151.0,4.0,8.37,0.0,3.0,0.0,2.63,0.0,0.0,639.0,418.0,0.0,76.0,0.0,145.0
2019,12,DL,Delta Air Lines In,cM.CI,585.0,62.0,23.24,2.04,20.94,0.0,15.79,0.0,0.0,2557.0,1017.0,130.0,711.0,0.0,699.0
2019,12,DL,Delta Air Lines In,cM.CO,1671.0,276.0,102.3,17.69,84.76,2.0,69.24,1.0,4.0,17248.0,6141.0,3034.0,3363.0,67.0,4643.0
2019,12,DL,Delta Air Lines In,cM.DT,69.0,6.0,3.64,0.0,0.49,0.0,1.87,0.0,0.0,165.0,110.0,0.0,15.0,0.0,40.0
2019,12,DL,Delta Air Lines In,cM.DW,168.0,11.0,6.31,0.0,1.09,0.0,3.61,0.0,0.0,507.0,356.0,0.0,25.0,0.0,126.0
2019,12,DL,Delta Air Lines In,cM.EM,369.0,49.0,24.35,0.58,8.22,0.0,15.84,0.0,0.0,2448.0,1292.0,22.0,582.0,0.0,552.0
2019,12,DL,Delta Air Lines In,cM.HT,1.0,0.0,0.0,0.0,0.0,0.0,0.0,0.0,0.0,0.0,0.0,0.0,0.0,0.0,0.0
2019,12,DL,Delta Air Lines In,cM.IA,782.0,146.0,53.74,4.76,47.37,0.0,40.13,0.0,0.0,8658.0,4290.0,303.0,2000.0,0.0,2065.0
2019,12,DL,Delta Air Lines In,cM.KE,410.0,44.0,15.26,0.5,17.99,0.0,10.25,0.0,1.0,2102.0,950.0,29.0,635.0,0.0,488.0
2019,12,DL,Delta Air Lines In,cM.LB,119.0,13.0,5.92,0.96,1.7,0.0,4.42,0.0,0.0,539.0,334.0,29.0,35.0,0.0,141.0
2019,12,DL,Delta Air Lines In,cM.OB,20.0,5.0,1.92,0.0,1.03,0.0,2.05,0.0,0.0,685.0,125.0,0.0,452.0,0.0,108.0
2019,12,DL,Delta Air Lines In,cM.SN,108.0,12.0,7.05,0.04,1.76,0.0,3.14,0.0,0.0,588.0,329.0,4.0,77.0,0.0,178.0
2019,12,DL,Delta Air Lines In,cM.SO,68.0,12.0,8.35,1.0,0.6,0.0,2.05,0.0,0.0,1849.0,1010.0,727.0,20.0,0.0,92.0
2019,12,DL,Delta Air Lines In,cM.SP,5532.0,9.0,215.86,41.58,253.79,0.0,337.77,1.0,2.0,53322.0,16291.0,5508.0,9900.0,0.0,21623.0
2019,12,DL,Delta Air Lines In,cM.SY,673.0,7.0,33.3,3.6,35.09,0.0,25.0,0.0,0.0,4451.0,1508.0,330.0,1231.0,0.0,1382.0
2019,12,DL,Delta Air Lines In,cM.TJ,10.0,0.0,0.0,0.0,0.0,0.0,0.0,0.0,0.0,0.0,0.0,0.0,0.0,0.0,0.0
2019,12,DL,Delta Air Lines In,cM.YR,74.0,8.0,2.54,1.72,0.21,0.0,3.53,0.0,0.0,185.0,64.0,42.0,5.0,0.0,74.0
2019,12,DL,Delta Air Lines In,cO.AK,53.0,4.0,0.36,0.01,1.59,0.0,2.03,0.0,0.0,270.0,10.0,2.0,62.0,0.0,196.0
2019,12,DL,Delta Air Lines In,cO.GG,101.0,23.0,9.01,0.0,9.53,0.0,4.45,0.0,0.0,987.0,512.0,0.0,331.0,0.0,144.0
2019,12,DL,Delta Air Lines In,cO.KC,166.0,11.0,5.13,0.56,2.58,0.0,2.73,0.0,0.0,495.0,302.0,9.0,59.0,0.0,125.0
2019,12,DL,Delta Air Lines In,cO.MA,140.0,12.0,8.67,0.53,1.67,0.0,1.13,0.0,0.0,426.0,338.0,10.0,30.0,0.0,48.0
2019,12,DL,Delta Air Lines In,cO.NT,80.0,18.0,3.56,0.0,14.26,0.0,0.18,0.0,0.0,478.0,90.0,0.0,385.0,0.0,3.0
2019,12,DL,Delta Air Lines In,cO.RD,1089.0,185.0,57.5,3.48,76.7,0.0,47.32,0.0,0.0,11357.0,3045.0,112.0,4456.0,0.0,3744.0
2019,12,DL,Delta Air Lines In,cO.RF,244.0,28.0,13.85,1.84,5.7,0.0,6.61,0.0,0.0,879.0,505.0,53.0,145.0,0.0,176.0
2019,12,DL,Delta Air Lines In,cP.BI,544.0,8.0,36.55,2.37,18.56,0.0,20.53,0.0,0.0,4066.0,1532.0,48.0,977.0,0.0,1509.0
2019,12,DL,Delta Air Lines In,cP.DX,633.0,80.0,27.67,1.43,28.2,1.0,21.7,0.0,0.0,3228.0,1550.0,57.0,792.0,16.0,813.0
2019,12,DL,Delta Air Lines In,cP.HF,20.0,1.0,1.0,,0.13,0.0,0.56,0.0,0.0,16.0,5.0,0.0,2.0,0.0,9.0
2019,12,DL,Delta Air Lines In,cP.HL,513.0,107.0,37.95,1.24,50.92,0.93,15.96,0.0,0.0,5637.0,2269.0,35.0,2638.0,88.0,607.0
2019,12,DL,Delta Air Lines In,cP.HX,769.0,140.0,45.64,2.55,65.96,0.0,25.85,0.0,1.0,6574.0,3145.0,117.0,2091.0,0.0,1221.0
2019,12,DL,Delta Air Lines In,cP.IT,309.0,36.0,17.91,1.0,9.8,0.0,7.29,0.0,0.0,1597.0,768.0,16.0,397.0,0.0,416.0
2019,12,DL,Delta Air Lines In,cP.NS,230.0,31.0,13.1,2.45,4.67,0.0,10.78,0.0,0.0,1144.0,618.0,87.0,140.0,0.0,299.0
2019,12,DL,Delta Air Lines In,cP.SP,38.0,10.0,1.28,0.0,5.61,0.0,3.1,0.0,0.0,315.0,35.0,0.0,186.0,0.0,94.0
2019,12,DL,Delta Air Lines In,cP.VD,94.0,13.0,5.88,1.11,1.73,0.0,4.28,0.0,0.0,613.0,355.0,28.0,69.0,0.0,161.0
2019,12,DL,Delta Air Lines In,cP.WM,29.0,8.0,4.23,0.5,1.3,0.0,1.98,0.0,0.0,387.0,236.0,32.0,36.0,0.0,83.0
2019,12,DL,Delta Air Lines In,cR.AP,18.0,4.0,0.78,0.0,0.41,0.0,2.8,0.0,0.0,158.0,36.0,0.0,17.0,0.0,105.0
2019,12,DL,Delta Air Lines In,cR.DU,816.0,4.0,49.81,5.65,20.43,0.0,48.11,0.0,1.0,7012.0,2770.0,417.0,856.0,0.0,2969.0
2019,12,DL,Delta Air Lines In,cR.IC,224.0,18.0,7.23,0.94,3.58,0.0,6.24,0.0,0.0,542.0,216.0,33.0,85.0,0.0,208.0
2019,12,DL,Delta Air Lines In,cR.NO,61.0,7.0,1.84,0.48,2.9,0.0,1.77,0.0,0.0,554.0,210.0,15.0,97.0,0.0,232.0
2019,12,DL,Delta Air Lines In,cR.OA,33.0,1.0,0.0,0.42,0.0,0.0,0.58,0.0,0.0,31.0,0.0,13.0,0.0,0.0,18.0
2019,12,DL,Delta Air Lines In,cR.OC,88.0,7.0,1.85,0.65,0.05,0.0,4.44,0.0,0.0,341.0,174.0,30.0,2.0,0.0,135.0
2019,12,DL,Delta Air Lines In,cR.SW,610.0,93.0,47.3,4.86,24.15,0.0,16.69,0.0,1.0,3885.0,2260.0,191.0,797.0,0.0,637.0
2019,12,DL,Delta Air Lines In,cS.AN,774.0,161.0,46.7,6.28,80.06,0.0,27.96,0.0,2.0,7715.0,2504.0,739.0,2969.0,0.0,1503.0
2019,12,DL,Delta Air Lines In,cS.AT,259.0,36.0,17.24,1.52,7.22,0.0,10.03,0.0,0.0,2962.0,2099.0,45.0,310.0,0.0,508.0
2019,12,DL,Delta Air Lines In,cS.AV,255.0,0.0,13.06,1.43,1.37,0.0,4.14,0.0,1.0,828.0,487.0,61.0,55.0,0.0,225.0
2019,12,DL,Delta Air Lines In,cS.DF,235.0,9.0,10.14,0.79,2.47,0.0,5.6,0.0,0.0,585.0,319.0,29.0,50.0,0.0,187.0
2019,12,DL,Delta Air Lines In,cS.EA,2513.0,381.0,105.4,9.32,131.47,0.0,134.81,0.0,5.0,23181.0,6984.0,443.0,5872.0,0.0,9882.0
2019,12,DL,Delta Air Lines In,cS.FO,1234.0,406.0,53.52,14.82,283.48,0.0,54.18,0.0,0.0,36694.0,4776.0,1207.0,26323.0,0.0,4388.0
2019,12,DL,Delta Air Lines In,cS.JC,361.0,5.0,17.71,2.63,34.18,0.0,10.49,0.0,0.0,2541.0,1089.0,105.0,966.0,0.0,381.0
2019,12,DL,Delta Air Lines In,cS.JU,223.0,39.0,18.39,0.97,15.71,0.0,3.94,0.0,0.0,1800.0,784.0,70.0,742.0,0.0,204.0
2019,12,DL,Delta Air Lines In,cS.LC,3977.0,612.0,195.77,21.0,190.63,0.0,204.6,0.0,10.0,41721.0,17449.0,1681.0,7932.0,0.0,14659.0
2019,12,DL,Delta Air Lines In,cS.MF,257.0,31.0,9.1,1.19,15.09,0.0,5.61,0.0,0.0,1173.0,535.0,29.0,416.0,0.0,193.0
2019,12,DL,Delta Air Lines In,cS.NA,344.0,0.0,31.68,2.87,27.26,0.0,18.19,0.0,1.0,4160.0,1796.0,200.0,893.0,0.0,1271.0
2019,12,DL,Delta Air Lines In,cS.RQ,197.0,1.0,18.29,2.06,10.61,0.0,10.04,0.0,0.0,1557.0,827.0,69.0,307.0,0.0,354.0
2019,12,DL,Delta Air Lines In,cS.TL,496.0,65.0,25.14,1.01,20.43,0.0,18.41,0.0,1.0,2793.0,1098.0,61.0,767.0,0.0,867.0
2019,12,DL,Delta Air Lines In,cS.TT,66.0,4.0,1.38,0.11,1.21,0.0,1.3,0.0,1.0,104.0,35.0,2.0,35.0,0.0,32.0
2019,12,DL,Delta Air Lines In,cS.TX,12.0,2.0,2.0,0.0,0.0,0.0,0.0,0.0,0.0,126.0,126.0,0.0,0.0,0.0,0.0
2019,12,DL,Delta Air Lines In,cS.YR,107.0,12.0,4.57,0.92,3.2,0.0,3.31,0.0,1.0,416.0,135.0,72.0,81.0,0.0,128.0
2019,12,DL,Delta Air Lines In,cT.LH,131.0,17.0,8.66,2.22,2.49,0.0,3.64,0.0,0.0,909.0,277.0,443.0,53.0,0.0,136.0
2019,12,DL,Delta Air Lines In,cT.PA,1053.0,169.0,68.72,11.2,48.84,0.0,40.23,0.0,3.0,10203.0,3768.0,1037.0,2471.0,0.0,2927.0
2019,12,DL,Delta Air Lines In,cT.RI,21.0,1.0,0.3,0.0,0.7,0.0,0.0,0.0,0.0,30.0,9.0,0.0,21.0,0.0,0.0
2019,12,DL,Delta Air Lines In,cT.UL,86.0,3.0,1.17,0.7,0.3,0.0,0.83,0.0,0.0,157.0,95.0,16.0,7.0,0.0,39.0
2019,12,DL,Delta Air Lines In,cT.US,90.0,20.0,6.95,1.62,4.04,0.0,7.39,0.0,0.0,861.0,383.0,55.0,103.0,0.0,320.0
2019,12,DL,Delta Air Lines In,cT.YS,77.0,6.0,5.53,0.0,0.47,0.0,0.0,0.0,0.0,240.0,233.0,0.0,7.0,0.0,0.0
2019,12,DL,Delta Air Lines In,cV.PS,152.0,1.0,7.06,0.48,1.13,0.0,2.33,0.0,0.0,620.0,498.0,13.0,34.0,0.0,75.0
2019,12,DL,Delta Air Lines In,cX.NA,36.0,1.0,1.0,0.0,0.0,0.0,0.0,0.0,1.0,17.0,17.0,0.0,0.0,0.0,0.0
2019,12,EV,ExpressJet Airlin,eAsB LQLC,44.0,2.0,6.04,0.92,3.63,0.0,1.41,0.0,0.0,1397.0,1028.0,102.0,163.0,0.0,104.0
2019,12,EV,ExpressJet Airlin,eAsE LXLC,75.0,9.0,2.38,1.0,0.01,0.0,5.61,1.0,0.0,605.0,82.0,28.0,1.0,0.0,494.0
2019,12,EV,ExpressJet Airlin,eAsL LBLC,16.0,12.0,4.23,0.0,3.03,0.0,4.75,1.0,0.0,858.0,443.0,0.0,186.0,0.0,229.0
2019,12,EV,ExpressJet Airlin,eAsM LALC,56.0,8.0,2.2,1.0,3.99,0.0,0.8,0.0,1.0,353.0,165.0,19.0,135.0,0.0,34.0
2019,12,EV,ExpressJet Airlin,eAsT LLLC,76.0,7.0,7.51,0.24,4.13,0.0,5.12,0.0,0.0,1880.0,1516.0,25.0,200.0,0.0,139.0
2019,12,EV,ExpressJet Airlin,eAsU LSLC,7.0,1.0,0.0,0.48,0.52,0.0,0.0,0.0,0.0,96.0,0.0,46.0,50.0,0.0,0.0
2019,12,EV,ExpressJet Airlin,eAsV LLLC,12.0,1.0,0.0,0.0,1.0,0.0,0.0,0.0,0.0,23.0,0.0,0.0,23.0,0.0,0.0
2019,12,EV,ExpressJet Airlin,eAsZ LOLC,9.0,1.0,0.87,0.0,0.13,0.0,0.0,0.0,0.0,23.0,20.0,0.0,3.0,0.0,0.0
